name,return_,mdd5,exposure,orders,fees,interest,dividend_tax,t1_blocks,limit_blocks,volume_caps,turnover,risk_orders,borrow_days,min_maintenance,max_exposure,ending_debt,max_debt,old_return,old_mdd,eligible_days,y1_return,y1_mdd,y2_return,y2_mdd,y3_return,y3_mdd
D,5.141711216279998,-0.19320160267196773,0.44184650216162985,756,257263.78371999998,0.0,120.0,0,0,413,231.3953051763354,0,0,,0.9999966502878203,0.0,0.0,-0.22047513296999988,-0.6011578189524927,0,0.27706527880000054,-0.16455421861861919,0.6547806265599994,-0.19838942253820901,1.762620619099999,-0.1529093759486233
D_all_full_1.25,8.249421269883895,-0.22599980831467992,0.5185410803093005,1047,396058.96290999994,51801.76720610181,0.0,0,3,639,283.8376669106546,0,340,4.4967643210181185,1.2859786671893403,2442870.730116105,2442870.730116105,-0.2541619147195139,-0.6742646048071776,244,0.33730016786385963,-0.18423770692074604,0.9276336818792872,-0.22975655660327543,2.3478677623010946,-0.18969125897484607
D_all_full_1.5,11.412906474264883,-0.2576778736168762,0.5929076810340277,1349,535490.2890600004,113810.23667511472,0.0,0,3,879,329.2088436371344,0,337,2.6939684562539767,1.5903297645880545,6660941.5257351175,6660941.5257351175,-0.2695215289976213,-0.7303952598604584,244,0.3861413871190855,-0.20560831876097785,1.215686749805255,-0.26284937921747886,3.122935511495162,-0.2232486986853668
D_deep_rsi20_1.25,6.531113295919756,-0.22013286819648825,0.48472060835003966,942,330438.1177499999,24262.586330242764,0.0,0,3,526,265.9201661179848,0,200,4.491868353635341,1.2863796394153613,1982634.7040802443,1982634.7040802443,-0.23635238417910365,-0.6650243144564594,131,0.3011407673997557,-0.16414815287646034,0.7878175711967819,-0.22570242258754836,2.0441901597472762,-0.19001563858938675
D_deep_rsi20_1.5,8.208540285768018,-0.24607767784583878,0.527362148553472,1121,411027.2874099999,50982.42682198458,0.0,2,3,675,296.45386271337327,0,199,2.6986033725349863,1.5887189535645427,4882467.714231981,4882467.714231981,-0.2276193017827477,-0.709106754755118,131,0.33218362212698294,-0.1644694253167145,0.9269164156266372,-0.2537154652612107,2.3718108674720466,-0.22296510786237345
D_trend_1.25,6.080848566232701,-0.19360638186340928,0.48515725816698935,906,313028.39612999966,24121.037637296682,70.0,0,0,505,265.00628056988575,0,198,4.564607152453581,1.2805358226674943,0.0,1753669.9160773228,-0.17711274856258974,-0.6225747835087303,132,0.24661821408778284,-0.18211491656148038,0.7814169523597014,-0.19827912340553333,1.9671967298032134,-0.1839179938834673
D_trend_1.5,6.969108304689427,-0.20103186400056894,0.526840676258003,1022,365204.1731700001,49140.52214057189,10.0,2,0,587,297.0800416363724,0,199,2.7280883644455822,1.5786741121428864,0.0,4016476.1544550452,-0.1289463000221155,-0.6420732553719581,132,0.21126507698028973,-0.20103186400056894,0.9101895634078405,-0.19818173563915797,2.2043759396802773,-0.2110784818707635
D_edge_1.25,7.320590243148965,-0.22554835718640442,0.49329322811835524,948,358104.3262500002,41611.430601036234,0.0,0,1,553,267.396438724156,0,231,4.5449533907888195,1.2820911560074084,2201313.756851034,2201313.756851034,-0.25957566649722597,-0.6284407744003955,158,0.27706527880000054,-0.16455421861861919,0.8818694528093334,-0.22975655660327543,2.2351934994223734,-0.18971769454651766
D_edge_1.5,10.038279033290342,-0.2617752972236812,0.5437207341539638,1136,467781.0648600002,92802.90184966341,0.0,0,1,713,299.45199633297864,0,227,2.6996547414352206,1.5883547850168567,5926552.966709658,5926552.966709658,-0.29762769607148154,-0.6542318724224653,158,0.27706527880000054,-0.16455421861861919,1.1020240840098645,-0.26284937921747886,2.833382943090016,-0.223251169005931
D_strong_edge_1.25,6.395007545995003,-0.2292495423550609,0.48711534650957866,895,324494.9480899998,35194.50591499645,120.0,0,1,498,263.40972421592784,0,197,4.496695856072219,1.285984266622286,1956508.4540049979,1956508.4540049979,-0.26596379228044487,-0.625132096268635,136,0.27706527880000054,-0.16455421861861919,0.6537424836911974,-0.23044926633220975,2.2813200020295517,-0.19013916836685907
D_strong_edge_1.5,8.055541123348426,-0.258488386866241,0.5305366081574088,1046,401799.30766,74818.56899157277,150.0,3,1,612,294.30028874013885,0,199,2.697548268949171,1.5890848692149577,4861646.876651575,4861646.876651575,-0.30707095553178054,-0.6472716681210169,136,0.27706527880000054,-0.16455421861861919,0.6349894464131385,-0.2618577295597976,2.9721749441265994,-0.22305398464739967
D_edge_morning_1.25,6.043087750464671,-0.2029205147986861,0.4625576190834391,869,320893.03586000006,17691.213675326733,0.0,0,1,487,258.61816414482416,0,117,4.761854474011627,1.2658263382883082,1856496.2495353296,1856496.2495353296,-0.22482223399420742,-0.6029572005505297,63,0.27706527880000054,-0.16455421861861919,0.7897327061823556,-0.20662563985553928,1.8921786049862277,-0.15448585685202187
D_edge_morning_1.5,6.968497255105846,-0.21107846753182957,0.4828209965403965,988,386243.30319999973,36724.44169414735,0.0,0,1,592,283.58734435647875,0,120,2.8406141003992733,1.543296935399482,4222078.744894154,4222078.744894154,-0.23711815904092137,-0.6093593636788007,63,0.27706527880000054,-0.16455421861861919,0.9167790807572203,-0.21482703805845949,2.043797315815721,-0.16806410879368472
H,4.2754448819399995,-0.2285931530933889,0.4925494304383266,495,193423.11806000004,0.0,3520.0,0,0,249,169.8129872391176,0,0,,0.9999791952202353,0.0,0.0,-0.05288932853000006,-0.5031875446458121,0,0.11396823050000049,-0.22848803394127115,0.9283095757399993,-0.19838942253820901,1.3764402871299994,-0.15291210630330831
H_all_full_1.25,6.8175829715411,-0.2805762767920825,0.6000744475011041,801,304885.6175499999,51376.41090890227,4600.0,0,1,405,209.94882905266354,0,383,4.466490513948884,1.288476196884451,2066981.0284589,2066981.0284589,-0.12323803637938069,-0.594052830419828,308,0.14079793318307576,-0.2805762767920825,1.289796518240733,-0.2344332474569112,1.7641274831447666,-0.1901154701044968
H_all_full_1.5,9.923520473599185,-0.33042590304583797,0.7034252275580897,1119,429900.57661000005,117556.94979081668,5740.0,0,1,580,247.05955005815423,0,384,2.6811895602723625,1.5948169222737703,5855903.526400816,5855903.526400816,-0.20427171200972083,-0.6720041168488314,308,0.1687403584577023,-0.33042590304583797,1.684985686453436,-0.2753222037464389,2.237673010584283,-0.22286437480145949
H_deep_rsi20_1.25,5.185259638054443,-0.23011895917805447,0.529395201230888,645,246140.42583000008,19306.936115556207,3460.0,1,1,312,200.29379475926268,0,170,4.377133996379773,1.296109067946958,1636640.361945556,1636640.361945556,-0.04641732060933246,-0.5442453991468951,103,0.09495228516553533,-0.22997356937144198,1.072146959804646,-0.22570242258754836,1.6195304058550457,-0.18968789221115512
H_deep_rsi20_1.5,6.290941195430135,-0.25009009450043074,0.5645272887739458,776,305777.3499600001,41115.45460985556,3410.0,2,1,411,229.68532965718714,0,170,2.6925160439266613,1.5908363489896293,3856714.8045698646,3856714.8045698646,-0.03955007143628342,-0.5851929681937991,103,0.08039401671133573,-0.23128548226462897,1.2156224040698214,-0.2537154652612107,1.8873929428028857,-0.22276041146224457
H_trend_1.25,5.470965786250119,-0.2805762767920825,0.5756773272691146,717,253881.87550999984,30781.338239876524,4580.0,1,0,331,195.5291196146056,0,287,4.359695108515826,1.297646056472594,0.0,1620155.9469322744,-0.07921966637338862,-0.5736554416657864,235,0.14079793318307576,-0.2805762767920825,1.1214466099514242,-0.23433587296254843,1.5593233911006306,-0.18432369688014427
H_trend_1.5,6.970321715523255,-0.33042590304583797,0.6575230954630812,943,323875.4039900002,66899.88048674514,5740.0,1,0,423,221.5339321453032,0,288,2.6811895602723625,1.5948169222737703,0.0,4015262.9430532297,-0.12129450237316508,-0.6382536128517674,235,0.1687403584577023,-0.33042590304583797,1.3212071222542208,-0.27535860739253204,1.7368323727284234,-0.2107332963905275
H_edge_1.25,6.157008172894115,-0.22886329989844179,0.545717545688593,673,282127.47385999985,36991.35324588397,3520.0,0,1,360,206.22444593031494,0,226,4.539866564658507,1.2824965240169923,1893219.8271058844,1893219.8271058844,-0.12410425068414632,-0.540070154780941,158,0.11396823050000049,-0.22848803394127115,1.167931426174556,-0.22975655660327543,1.7641274831447666,-0.1901154701044968
H_edge_1.5,8.575599199864877,-0.26003787761166874,0.5964113389074825,852,385319.6361899999,83451.16394512313,3620.0,1,1,510,240.41029076901603,0,226,2.6984692193316984,1.5887654533966018,5141160.800135123,5141160.800135123,-0.19029495746638658,-0.5750994786278747,158,0.11396823050000049,-0.22848803394127115,1.4064389655131277,-0.26284937921747886,2.237673010584283,-0.22286437480145949
H_strong_edge_1.25,5.390510253117984,-0.2285931530933889,0.5384671900739584,630,254142.81469,31320.932192016542,3520.0,1,1,323,202.2733817883694,0,199,4.353196838834303,1.2982228744876299,1686325.7468820158,1686325.7468820158,-0.11347994307321385,-0.5347396971385215,136,0.11396823050000049,-0.22848803394127115,0.9238196572495625,-0.23044926633220975,1.8071998215181564,-0.1901026053038679
H_strong_edge_1.5,6.704795475773409,-0.2600405980105628,0.5823894499323783,775,323106.66737999977,67134.85684658847,3520.0,3,1,416,234.30323311354866,0,198,2.6983791064909415,1.5887966921979642,4126552.5242265915,4126552.5242265915,-0.16518489836393235,-0.5617303410106298,136,0.11396823050000049,-0.22848803394127115,0.9043606922419438,-0.2618577295597976,2.3518324203143317,-0.22291113214667335
H_edge_morning_1.25,5.013957078404048,-0.22886329989844179,0.5139964893721789,600,247171.56820000004,15439.353395950202,3520.0,0,1,305,196.86700511608154,0,117,4.755815198151844,1.2662537817334778,1587770.9215959518,1587770.9215959518,-0.08820997916481021,-0.5213547277370141,63,0.11396823050000049,-0.22848803394127115,1.062972239754652,-0.20662563985553928,1.4831147854127797,-0.15286246048456698
H_edge_morning_1.5,5.850023466860982,-0.23107916845642296,0.5349862735993985,704,309564.2144199998,33240.31871901709,3520.0,0,1,392,223.47439807681275,0,116,2.8468264418894877,1.5414693970792945,3625528.533139018,3625528.533139018,-0.11946570263561795,-0.5375764097178226,63,0.11396823050000049,-0.22848803394127115,1.20255963037775,-0.21482703805845949,1.5919552020833896,-0.1669743572777983
constant_150,6.2798507760870335,-0.6543190313492806,1.496050359681512,1205,46798.79929999996,290298.4246129699,22900.0,0,49,48,25.32906045574723,5,727,2.4129087767119204,1.7077597764854788,3937333.2239129664,5860918.660672586,-0.25229040569714245,-0.8496942735357749,727,1.3164045967116023,-0.41531567712070927,0.9593134009828084,-0.6544252309696758,0.6118410617538896,-0.5368222261767159
