name,period,return_,mdd5,exposure,orders,fees,interest,dividend_tax,t1_blocks,limit_blocks,volume_caps,turnover,risk_orders,borrow_days,min_maintenance,max_exposure,ending_debt,max_debt,longestLag,cumulativeLead,rolling63Lead,cagr,mdd,sharpe,score
base,full,11.414704454684008,-0.25767427606323645,0.5928941884169792,1349,535472.9395400005,113795.60577599343,0.0,0,3,879,329.1932152266916,0.0,337.0,2.6940476618178075,1.5903021635925783,6659143.545315991,6659143.545315991,235.0,0.5749656121045392,0.5323308270676692,,,,
base,train,0.5973125676924194,-0.20566755232577738,0.5575603943624725,561,80805.64964999999,13661.782657581629,0.0,0,0,375,131.53924688889805,0.0,130.0,2.787982201482797,1.559289683739965,0.0,812191.1508832683,217.0,0.26490066225165565,0.36666666666666664,,,,
base,validation,4.546059511168379,-0.2646815807154328,0.6213970603490422,452,174951.60190000013,41876.8869316193,0.0,1,2,182,166.21261307016246,0.0,176.0,2.697312613999663,1.5891666577811685,2644020.4888316216,2644020.4888316216,5.0,0.9331476323119777,0.468013468013468,,,,
base,recent,0.3479000128186913,-0.22302664427523178,0.7076381588642672,53,23317.9855,5528.001681308674,0.0,2,1,2,38.524345892714145,1.0,39.0,2.6444383022704296,1.6081103794647256,714763.9871813087,714763.9871813087,0.0,1.0,1.0,,,,
base,older,-0.26952951723044993,-0.7303575061247018,0.4902997443372362,1700,176995.9977189999,30228.219511450763,2911.0,4,1,1418,207.82292918764492,0.0,285.0,2.7570709184999105,1.569128991591156,0.0,929107.5077011139,224.0,0.7065934065934066,0.40212264150943394,,,,
base,year1,0.3861685556551815,-0.20566755232577738,0.5395891307941424,447,55609.83753999999,9351.606804819186,0.0,0,0,307,99.95817436389648,0.0,100.0,2.8055841867642917,1.5538373714892,0.0,621399.2058449112,157.0,0.3305785123966942,0.17222222222222222,,,,
base,year2,1.2157410843825547,-0.2629162951083064,0.5847414993677035,345,81343.45973,16916.455887446657,0.0,0,1,166,113.16385937600546,0.0,112.0,2.699601002994421,1.5883733877764032,0.0,1109949.6526520606,1.0,0.9958847736625515,0.585635359116022,,,,
base,year3,3.1343046531471987,-0.2230749188043304,0.6795757613442769,280,138255.50882999992,33048.83802280064,0.0,1,2,66,125.2635781563681,1.0,134.0,2.6494954707751024,1.6062459810999645,2215919.346852801,2215919.346852801,2.0,0.987603305785124,0.7388888888888889,,,,
retain,full,10.903609413252196,-0.2568760063546769,0.6548586700920449,1305,507852.5144500002,122570.07229781337,0.0,0,3,871,294.5786698625596,0.0,347.0,2.688141676908981,1.5923673431432714,6382254.586747804,6461480.678131446,180.0,0.7070151306740028,0.5609022556390978,,,,
retain,train,0.7653972274603165,-0.23956983725594527,0.6095787282345119,540,79156.62373000004,14544.148809686143,0.0,0,0,373,120.25677377819582,0.0,134.0,2.790562611404593,1.5584836819615917,0.0,907401.8532571273,180.0,0.32781456953642385,0.3958333333333333,,,,
retain,validation,4.323138907112099,-0.2646815807154328,0.6975052989942435,429,150791.69859999997,42272.394287899784,0.0,1,2,171,147.3787909359528,0.0,176.0,2.697312613999663,1.5891666577811685,2546061.0928879017,2546061.0928879017,4.0,0.9721448467966574,0.5084175084175084,,,,
retain,recent,0.26621179258011507,-0.22302664427523178,0.7455207876939427,52,21166.011090000004,5449.196329884683,0.0,2,1,2,35.557753061491674,1.0,39.0,2.6444383022704296,1.6081103794647256,668984.2074198847,686730.3543739285,0.0,1.0,1.0,,,,
retain,older,-0.4061134577756902,-0.7708949619503712,0.547941190036333,1486,144415.88753600023,28971.370239688305,5280.0,1,1,1194,195.47745521930378,0.0,304.0,2.7530210180742754,1.5704438165256671,0.0,854577.9601923003,309.0,0.5010989010989011,0.3596698113207547,,,,
retain,year1,0.6573106700071543,-0.23956983725594527,0.5921015129283245,432,53573.88747999999,9904.442512846761,0.0,0,0,300,91.73670403707423,0.0,104.0,2.8076354881986956,1.5532088778565074,0.0,684660.4040492558,157.0,0.32644628099173556,0.19444444444444445,,,,
retain,year2,1.2086449624212507,-0.2631272660928663,0.6403537958114052,315,70642.89939000002,15971.138188749872,0.0,0,1,147,105.35703702504642,0.0,112.0,2.6944871237337766,1.5901490698828773,0.0,1109698.980706072,1.0,0.9917695473251029,0.5911602209944752,,,,
retain,year3,2.4812285451953726,-0.2233063593050646,0.7598373119079895,242,110506.35949999998,30174.095304626135,0.0,2,2,43,109.39918033365045,1.0,135.0,2.638548298720515,1.6102963219215845,1860839.454804627,1892332.350853769,2.0,0.987603305785124,0.7055555555555556,,,,
morning,full,11.704715345834854,-0.2559663390371534,0.6212813410687326,1556,657449.0829099999,120982.57125514814,0.0,0,4,1050,360.1605352754988,0.0,330.0,2.6861343436819123,1.5930725530543188,6786300.654165145,6786300.654165145,138.0,0.7744154057771664,0.5533834586466165,,,,
morning,train,0.8691203088553068,-0.20136682117026117,0.5818271707101655,623,97192.12954000005,15001.561604694218,0.0,0,0,431,139.2343551080865,0.0,126.0,2.8061069129001805,1.5536770790574277,0.0,966461.323894051,138.0,0.45695364238410596,0.4083333333333333,,,,
morning,validation,4.138326796434134,-0.26522760268502144,0.6644398005255068,509,202325.0875699999,41977.11599586466,0.0,2,3,190,191.12776662539477,0.0,176.0,2.692045084003762,1.5910008010151677,2455833.203565866,2455833.203565866,4.0,0.9637883008356546,0.47474747474747475,,,,
morning,recent,0.3088106689692556,-0.22302664427523178,0.737476858032131,59,25002.829330000008,5454.501700743473,0.0,2,1,2,41.489962102091006,1.0,39.0,2.6444383022704296,1.6081103794647256,695913.3310307444,695913.3310307444,0.0,1.0,1.0,,,,
morning,older,-0.25950061893805965,-0.7365621932851196,0.5103079724362819,1806,193545.95461500002,29937.164323059365,2885.0,3,2,1480,232.17961668774416,0.0,282.0,2.7567264487252903,1.5692405899197432,0.0,924341.5352967144,194.0,0.6945054945054945,0.37735849056603776,,,,
morning,year1,0.6600034481413548,-0.20136682117026117,0.5671286696011625,491,66789.07601999998,10208.475838645641,0.0,0,0,342,106.97271647523246,0.0,96.0,2.8061069129001805,1.5536770790574277,0.0,728252.3744711359,138.0,0.38016528925619836,0.2222222222222222,,,,
morning,year2,1.2602961680638378,-0.26200084643881816,0.6201777916580645,376,93394.30731000002,16904.524626163096,0.0,0,1,175,128.23738416921913,0.0,112.0,2.6922793818366126,1.5909189763422578,0.0,1139049.1802909498,1.0,0.9958847736625515,0.6298342541436464,,,,
morning,year3,2.5453516743487308,-0.22302326769282266,0.7199289656791601,299,140187.29470999993,30097.030941270725,0.0,1,3,56,140.00192606678144,1.0,134.0,2.646495418665841,1.6073506118895262,1901008.3256512696,1901008.3256512696,1.0,0.9917355371900827,0.7055555555555556,,,,
rolling,full,10.761197029263698,-0.25789084367615744,0.6273516421876287,1354,510096.8736800005,113438.09705630515,0.0,0,3,867,329.2732319658844,0.0,346.0,2.68653100319309,1.5929330668138988,6304494.970736303,6304494.970736303,235.0,0.5997248968363136,0.5368421052631579,,,,
rolling,train,0.5973125676924194,-0.20566755232577738,0.5575603943624725,561,80805.64964999999,13661.782657581629,0.0,0,0,375,131.53924688889805,0.0,130.0,2.787982201482797,1.559289683739965,0.0,812191.1508832683,217.0,0.26490066225165565,0.36666666666666664,,,,
rolling,validation,4.1861873587105,-0.26522760268502144,0.6894915119608567,471,163121.65321999986,41735.9880695001,0.0,2,2,178,166.35391329552928,0.0,176.0,2.692045084003762,1.5910008010151677,2469092.641289501,2469092.641289501,4.0,0.9637883008356546,0.468013468013468,,,,
rolling,recent,0.3479000128186913,-0.22302664427523178,0.7076381588642672,53,23317.9855,5528.001681308674,0.0,2,1,2,38.524345892714145,1.0,39.0,2.6444383022704296,1.6081103794647256,714763.9871813087,714763.9871813087,0.0,1.0,1.0,,,,
rolling,older,-0.26952951723044993,-0.7303575061247018,0.4902997443372362,1700,176995.9977189999,30228.219511450763,2911.0,4,1,1418,207.82292918764492,0.0,285.0,2.7570709184999105,1.569128991591156,0.0,929107.5077011139,224.0,0.7065934065934066,0.40212264150943394,,,,
rolling,year1,0.3861685556551815,-0.20566755232577738,0.5395891307941424,447,55609.83753999999,9351.606804819186,0.0,0,0,307,99.95817436389648,0.0,100.0,2.8055841867642917,1.5538373714892,0.0,621399.2058449112,157.0,0.3305785123966942,0.17222222222222222,,,,
rolling,year2,1.305046169045093,-0.2616895750173741,0.6159277779181537,376,93700.03754000005,17152.793414906137,0.0,0,1,174,126.1358852542565,0.0,112.0,2.6961420879848976,1.5895732480691227,0.0,1160646.7105817965,1.0,0.9958847736625515,0.6298342541436464,,,,
rolling,year3,2.6902273515916533,-0.2233063593050646,0.749496887317509,250,116442.72178,30354.92662834615,0.0,2,2,50,112.38181953585364,1.0,135.0,2.638548298720515,1.6102963219215845,1976304.6484083468,1976304.6484083468,2.0,0.987603305785124,0.7055555555555556,,,,
open,full,13.003306857846647,-0.2651868654225179,0.6309801838958256,1621,621442.3027700009,113333.83938335966,2520.0,0,3,1151,375.0798780949706,0.0,342.0,2.6984424385448107,1.588774736962401,7411317.1421533525,7411317.1421533525,241.0,0.5419532324621733,0.5353383458646617,,,,
open,train,0.4806879838717646,-0.21059213451742453,0.6001232620016308,685,91254.0783200001,13473.937808235838,0.0,0,0,501,151.8972807413931,0.0,132.0,2.79132217362826,1.5582468719038605,0.0,762907.7836341589,217.0,0.2582781456953642,0.3333333333333333,,,,
open,validation,5.536508313843195,-0.273294260210279,0.6592181888154022,579,217457.59616999995,44293.08998680085,1720.0,1,2,290,192.04997345289064,0.0,177.0,2.690011003688326,1.5917121236592975,3120451.6861568047,3120451.6861568047,4.0,0.9637883008356546,0.5185185185185185,,,,
open,recent,0.4466887963605426,-0.22313131629561034,0.7484964296863337,63,26941.577349999996,5778.626289457195,0.0,2,1,8,42.91856474805442,1.0,39.0,2.6419525903705487,1.6090309829069573,766619.2036394576,766619.2036394576,0.0,1.0,1.0,,,,
open,older,-0.22938497829657678,-0.7395901740785109,0.5114122161148972,1928,195370.96599700025,31313.11229957823,2962.0,3,2,1646,226.5968036216864,0.0,294.0,2.7571912533742555,1.5690900168548785,0.0,957177.5504629671,224.0,0.7153846153846154,0.4080188679245283,,,,
open,year1,0.36068422022671554,-0.21059213451742453,0.5788908469786678,552,63480.57778,9441.201993284036,0.0,0,0,411,114.65903432221936,0.0,101.0,2.804829750731996,1.554068880787467,0.0,615500.5954185777,157.0,0.32231404958677684,0.16111111111111112,,,,
open,year2,1.1851174603566639,-0.271030659477701,0.6306063522792364,422,91762.5239400001,16254.015703335657,0.0,0,1,241,133.43646372073374,0.0,115.0,2.6983989769828165,1.588789803545741,0.0,1096340.9399512962,1.0,0.9958847736625515,0.5911602209944752,,,,
open,year3,4.085245633173926,-0.22346468792183416,0.7142697463844658,343,174261.60252000001,36768.76430607246,860.0,1,2,115,140.62913683159442,1.0,134.0,2.6393063993458,1.6100140891288361,2725066.3668260737,2725066.3668260737,1.0,0.9958677685950413,0.7833333333333333,,,,
priorRolling,full,13.1222638349945,-0.25767427606323645,0.6003186010303202,1436,602469.7724599999,114123.39254550303,2460.0,0,3,963,339.9233953377924,0.0,336.0,2.6940476618178075,1.5903021635925783,7477768.1650054995,7477768.1650054995,235.0,0.5887207702888583,0.5413533834586466,,,,
priorRolling,train,0.5973125676924194,-0.20566755232577738,0.5575603943624725,561,80805.64964999999,13661.782657581629,0.0,0,0,375,131.53924688889805,0.0,130.0,2.787982201482797,1.559289683739965,0.0,812191.1508832683,217.0,0.26490066225165565,0.36666666666666664,,,,
priorRolling,validation,5.255519098948722,-0.2646815807154328,0.6347447168026126,491,197741.69238999984,42787.20866127785,1650.0,1,2,218,175.66274618243807,0.0,176.0,2.697312613999663,1.5891666577811685,2988880.901051278,2988880.901051278,5.0,0.9387186629526463,0.5050505050505051,,,,
priorRolling,recent,0.4466887963605426,-0.22313131629561034,0.7484964296863337,63,26941.577349999996,5778.626289457195,0.0,2,1,8,42.91856474805442,1.0,39.0,2.6419525903705487,1.6090309829069573,766619.2036394576,766619.2036394576,0.0,1.0,1.0,,,,
priorRolling,older,-0.26952951723044993,-0.7303575061247018,0.4902997443372362,1700,176995.9977189999,30228.219511450763,2911.0,4,1,1418,207.82292918764492,0.0,285.0,2.7570709184999105,1.569128991591156,0.0,929107.5077011139,224.0,0.7065934065934066,0.40212264150943394,,,,
priorRolling,year1,0.3861685556551815,-0.20566755232577738,0.5395891307941424,447,55609.83753999999,9351.606804819186,0.0,0,0,307,99.95817436389648,0.0,100.0,2.8055841867642917,1.5538373714892,0.0,621399.2058449112,157.0,0.3305785123966942,0.17222222222222222,,,,
priorRolling,year2,1.2157410843825547,-0.2629162951083064,0.5847414993677035,345,81343.45973,16916.455887446657,0.0,0,1,166,113.16385937600546,0.0,112.0,2.699601002994421,1.5883733877764032,0.0,1109949.6526520606,1.0,0.9958847736625515,0.585635359116022,,,,
priorRolling,year3,4.0425388142449705,-0.22325542709105306,0.7091165150218983,331,171853.43742999996,36523.74832502843,860.0,1,2,110,139.05176920337036,1.0,134.0,2.6460054484730735,1.607531403330199,2698245.185755029,2698245.185755029,1.0,0.9958677685950413,0.7777777777777778,,,,
hold,full,4.23578223244,-0.4819713470171406,0.9880589753634181,3,259.76756,,0.0,0,0,2,1.001740766296997,,,,,,,,,,0.735125403243927,-0.4477784805727254,1.247198351869046,-0.17187733121209625
hold,train,0.7913242324399998,-0.2842643988144937,0.9925488892485852,3,259.76756,,0.0,0,0,2,1.001740766296997,,,,,,,,,,0.5954187465684901,-0.26936932801687963,1.1875243344975377,0.04073964059178714
hold,validation,2.8758160821600005,-0.4804709735638819,0.9936936385869959,1,259.91784,,0.0,0,0,0,0.999684,,,,,,,,,,1.4923698704270034,-0.4528080799369082,1.808182144747686,0.19252755269056243
hold,recent,-0.24364810624,-0.3854265732025075,0.9813468985284609,1,256.10624,,0.0,0,0,0,0.985024,,,,,,,,,,-0.6408127091245382,-0.36736010624000004,-1.0806342802019957,-1.6020511847336307
hold,older,0.1388892102000001,-0.6456789014838318,0.9756015637291028,2,269.3898,,0.0,0,0,1,0.9959676141146099,,,,,,,,,,0.03519067024522338,-0.6396574830308168,0.31155509612693744,-0.9339327200161356
hold,year1,0.99336223244,-0.2842643988144937,0.9938735807815596,3,259.76756,,0.0,0,0,2,1.001740766296997,,,,,,,,,,0.99336223244,-0.26936932801687963,1.6048795116724717,0.26342617884719555
hold,year2,0.7257686570200002,-0.4862604283822092,0.9933318111237183,1,259.34298,,0.0,0,0,0,0.997473,,,,,,,,,,0.7218976774150376,-0.4518653467603292,1.2454476862471926,-0.1859636591143059
hold,year3,0.542657742,-0.3886462059819238,0.9928852799202154,1,258.25800000000004,,0.0,0,0,0,0.9933,,,,,,,,,,0.542657742,-0.3746681966013059,0.9918960124437607,-0.14946257354669723
