name,period,return_,holdReturn
D_none,preJuly,3.6618660690000002,5.882414232440001
D_none,recent,0.31743622089886303,-0.2392520915464028
D_open,preJuly,4.0555078699500005,5.882414232440001
D_open,recent,0.3848898308330082,-0.2392520915464028
D_gap_nonnegative,preJuly,4.165380822559998,5.882414232440001
D_gap_nonnegative,recent,0.3507080440125592,-0.2392520915464028
D_near_vwap,preJuly,3.9994441688799984,5.882414232440001
D_near_vwap,recent,0.37998918956336447,-0.2392520915464028
D_positive_ret20,preJuly,3.9131486097699977,5.882414232440001
D_positive_ret20,recent,0.3515003536969843,-0.2392520915464028
L_none,preJuly,7.238130589991364,5.882414232440001
L_none,recent,0.5069807790819474,-0.2392520915464028
L_open,preJuly,8.213831786644228,5.882414232440001
L_open,recent,0.5198136000425937,-0.2392520915464028
L_gap_nonnegative,preJuly,8.320248645155251,5.882414232440001
L_gap_nonnegative,recent,0.49771246257633384,-0.2392520915464028
L_near_vwap,preJuly,7.826405278492574,5.882414232440001
L_near_vwap,recent,0.5221736761047009,-0.2392520915464028
L_positive_ret20,preJuly,7.9415354837938885,5.882414232440001
L_positive_ret20,recent,0.5046435620022991,-0.2392520915464028
D_rolling,preJuly,4.0363408044799955,5.882414232440001
D_rolling,recent,0.3850810123164896,-0.2392520915464028
L_rolling,preJuly,8.29699207342573,5.882414232440001
L_rolling,recent,0.5190142923065617,-0.2392520915464028
