base,date,bar,gap,vwapDistance,ret20,gap_nonnegative,near_vwap,positive_ret20
D,2020-02-21,27,0.005293159609120579,0.010666661170132485,-0.002437043054427379,True,False,False
D,2020-03-06,27,-0.03214156735283502,0.005380831611281778,0.32805755395683445,False,True,True
D,2020-03-25,36,0.029239766081871288,0.0044010646231393835,-0.16720779220779225,True,True,False
D,2020-04-08,26,-0.008232065856526916,0.003734102960795793,-0.049906890130353765,False,True,False
D,2020-04-20,26,0.0027152831652443865,0.004195116994690107,-0.008842752787389552,True,True,False
D,2020-05-06,26,-0.008935219657483229,0.014937354011468784,0.1439522998296423,False,False,True
D,2020-05-13,42,-0.009157509157509125,0.006760533103607802,0.07340629188799008,False,True,True
D,2020-07-03,26,0.002768987341772222,0.0056448728624434175,0.03947368421052633,True,True,True
D,2020-09-02,39,0.004741583688952167,0.002886508179011038,-0.12453300124532984,True,True,False
D,2020-09-18,26,0.010515773660490835,0.018650597541219227,-0.1328701693443336,True,False,False
D,2020-10-12,27,0.015519917227108104,0.0077533445642130605,-0.0742337164750958,True,True,False
D,2020-11-06,41,-0.002031488065007747,0.0033876603062821253,0.047897817988291624,False,True,True
D,2020-12-02,28,0.0029806259314457684,0.003596100871039898,0.08459051724137923,True,True,True
D,2020-12-30,26,-0.010149572649572502,0.004752745230046207,-0.07004470938897167,False,True,False
D,2021-01-14,28,0.0005015045135405849,0.0054341684713450356,0.0578249336870027,True,True,True
D,2021-02-10,28,0.0005998800239950253,0.005184039435160548,-0.13626943005181358,True,True,False
D,2021-03-26,28,0.005988023952095967,0.007301851285237637,-0.022820362785254567,True,True,False
D,2021-04-01,28,0.0,0.0024988210057934612,-0.07870115575123826,True,True,False
D,2021-04-19,27,0.001239925604463732,0.005762881237910911,-0.03297362110311752,True,True,False
D,2021-05-11,30,-0.006271777003484358,0.0021975286038087294,-0.1376201923076923,False,True,False
D,2021-05-12,40,-0.001386962552011095,0.004380339132870059,-0.1297525648762824,False,True,False
D,2021-05-14,27,0.0027681660899654403,0.009883539356307702,-0.10692212608158214,True,True,False
D,2021-05-25,27,0.0034129692832762792,0.006108356303272444,-0.0883634100808961,True,True,False
D,2021-06-04,28,0.007323568575233086,0.003603786537219822,0.05255781359495448,True,True,True
D,2021-06-07,32,0.01245085190039319,0.0016607499156799932,0.06862745098039236,True,True,True
D,2021-07-09,26,-0.0012886597938144284,0.0031786264370612383,0.02172481895984202,False,True,True
D,2021-08-05,26,-0.001463057790782707,0.002539243127896551,0.02267429108025687,False,True,True
D,2021-08-24,31,-0.002413515687851975,0.007117125026602,0.041911148365465056,False,True,True
D,2022-05-05,26,-0.002307692307692233,0.012344259406234404,-0.03201787043931492,False,False,False
D,2022-05-26,26,0.0006930006930006005,0.0143492471856137,0.18791993840840915,True,False,True
D,2022-05-31,30,-0.006962025316455733,0.0017512424966492635,0.29019587698035987,False,True,True
D,2022-06-10,26,-0.019159456118665097,0.02455258443573527,0.15923293384049697,False,False,True
D,2022-08-02,28,-0.02316602316602312,0.001669500487137654,-0.0950384346610762,False,True,False
D,2022-08-08,42,0.0037397157816005944,0.011880429313146701,0.010582010582010692,True,False,True
D,2022-09-07,29,-0.0008130081300814496,0.003126555213826654,-0.07518796992481203,False,True,False
D,2022-09-14,34,-0.019933554817275656,0.002423782495229565,-0.08510638297872342,False,True,False
D,2022-10-13,28,-0.0009910802775024985,0.006272947791980066,-0.1796747967479675,False,True,False
D,2022-11-01,26,0.0009182736455464191,0.006128198763179826,0.058309037900874605,True,True,True
D,2022-11-02,28,-0.003616636528029016,0.001316636799480575,0.05938697318007646,False,True,True
D,2022-11-18,27,-0.005397070161912154,0.014446562890945147,0.2087604846225537,False,False,True
D,2022-11-30,26,-0.00628436763550666,0.005997730930371148,0.15099457504520797,False,True,True
D,2023-01-03,26,-0.001680672268907557,0.018100999524927497,-0.04647435897435903,False,False,False
D,2023-01-18,38,-0.007114624505928813,0.002825356742885088,0.06481481481481488,False,True,True
D,2023-01-20,36,-0.0007905138339920903,0.0014443114092719256,0.06751054852320681,False,True,True
D,2023-02-27,32,0.0,0.003416803564658455,0.2262372348782402,True,True,True
D,2023-03-09,26,-0.0031908104658583403,0.008056460101734997,0.13468501086169438,False,True,True
D,2023-03-20,27,-0.005164622336991664,0.01384971218483022,0.015072083879423381,False,False,True
D,2023-04-03,32,-0.0055839925546764535,0.009192437526373887,0.3356121814791795,False,True,True
D,2023-04-19,27,-0.008669267446900664,0.014341354464548539,0.36106194690265503,False,False,True
D,2023-11-03,30,-0.009137055837563413,0.003178605847017568,-0.11579892280071813,False,True,False
D,2023-11-20,27,-0.012229539040451654,0.008405396240361851,0.08524757529351712,False,True,True
D,2023-11-28,26,0.0,0.006737135916611958,0.02055137844611532,True,True,True
D,2023-11-29,36,-0.0043774319066147704,0.0031311258132424857,0.05220061412487209,False,True,True
D,2023-12-01,26,-0.002418964683115643,0.002355670015780742,0.04923857868020298,False,True,True
D,2023-12-08,32,0.0004782400765184214,0.022968312429304527,-0.02744186046511632,True,False,False
D,2023-12-20,30,0.0,0.012956862662520052,0.036859741503111554,True,False,True
D,2023-12-26,33,0.0018198362147405778,0.004693538952257104,0.07956777996070707,True,True,True
D,2023-12-29,34,0.0,0.0007782061064594004,0.07498790517658427,True,True,True
D,2024-01-17,27,-0.006753497346840387,0.0016375031307920285,-0.03760445682451263,False,True,False
D,2024-03-01,26,0.00037878787878797837,0.007202343848079051,0.1707317073170731,True,True,True
D,2024-03-14,27,-0.031825795644891186,0.01850575271742061,0.3034934497816595,False,False,True
D,2024-03-29,29,-0.015101772816808912,0.007579846783753785,0.1537878787878788,False,True,True
D,2024-04-15,32,-0.010912698412698374,0.006478879355102052,0.013065326633165952,False,True,True
D,2024-05-16,28,0.02322661644695545,0.00588913257268131,0.0535714285714286,True,True,True
D,2024-05-31,26,-0.008667736757624334,0.003591675926195581,-0.056423747002018354,False,True,False
D,2024-06-04,38,-0.005979073243647326,0.0013716986918577145,0.02640942954430292,False,True,True
D,2024-06-14,27,-0.004067402672864651,0.02998230783866962,0.09728034356089221,False,False,True
D,2024-07-05,28,-0.0034843205574913716,0.019779150409146018,0.13094877235525915,False,False,True
D,2024-08-07,26,-0.006091696056428342,0.005996652405076297,-0.22873392680514337,False,True,False
D,2024-08-12,29,-0.009256402344955172,0.004287662134048853,-0.19478260869565212,False,True,False
D,2024-08-19,32,-0.004149377593360981,0.002426460135765973,-0.04419263456090661,False,True,False
D,2024-08-22,27,0.0,0.01829184758854896,-0.0420600858369099,True,False,False
D,2024-09-27,30,0.0005733944954127157,0.02528531599012318,0.08660436137071637,True,False,True
D,2024-10-15,30,-0.007258253336455245,0.0028963870976828066,0.2837391042981665,False,True,True
D,2024-10-18,26,-0.0004961548002977434,0.020097196617042012,0.3049530592424732,False,False,True
D,2024-10-25,27,0.02433262461611152,0.013355837602388565,0.315413300186451,True,False,True
D,2024-11-05,27,-0.0014713094654242864,0.009645647901823429,0.015438247011952289,False,True,True
D,2024-11-12,27,0.001699854298202963,0.002500391890645215,-0.0358229922734723,True,True,False
D,2024-11-27,26,-0.0040938864628821126,0.015481417148732524,-0.11283292978208237,False,False,False
D,2024-12-16,27,0.0021108179419524475,0.0065070692448050416,-0.02795588612464739,True,True,False
D,2025-01-20,27,0.007301107754279945,0.007317127841848015,0.008121827411167404,True,True,True
D,2025-01-21,29,0.0048661800486617945,0.004087880647211106,0.05195802405938066,True,True,True
D,2025-02-10,42,0.002557544757033181,0.01003617591371353,0.011642949547218562,True,False,True
D,2025-03-11,30,-0.016868896123113375,0.0022532558546892734,-0.1377902526154633,False,True,False
D,2025-03-12,28,0.0017391304347826875,0.016616568454914216,-0.12856782015660517,True,False,False
D,2025-04-11,28,-0.020183486238532167,0.017624734178451007,-0.2297908422837761,False,False,False
D,2025-04-21,26,-0.00036062026685901305,0.0037782039802960465,-0.19855491329479769,False,True,False
D,2025-05-06,26,0.016487455197132572,0.007919937215197903,-0.1460055096418733,True,True,False
D,2025-05-21,29,-0.006508298080052044,0.006469631330524583,0.18202762083106427,False,True,True
D,2025-05-30,32,-0.007364713416586621,0.01318096261994861,0.1139800493522718,False,False,True
D,2025-06-30,26,0.006542056074766434,0.00815378416433532,0.3704771053474223,True,True,True
D,2025-07-15,27,0.020412414080400065,0.015287185287990557,0.1919066534260181,True,False,True
D,2025-07-29,27,0.0068259385665527805,0.005430773839015579,0.23860967590418047,True,True,True
D,2025-08-25,26,0.012403379471508158,0.013854553424690996,0.12293096487686728,True,False,True
D,2025-09-19,27,0.009016176080615113,0.004740932850582524,0.4078775434011572,True,True,True
D,2025-10-27,26,0.03405826836274106,0.006590125983800599,-0.03062848050914868,True,True,False
D,2026-01-15,26,-0.0052974735126324335,0.006733462417624292,0.07270872796153283,False,True,True
D,2026-01-22,39,0.021621621621621623,0.0027459726939158546,0.036559742260820816,True,True,True
D,2026-02-25,28,0.008844665561083431,0.003096102847423232,-0.03917142477758606,True,True,False
D,2026-03-16,27,0.0027100271002709064,0.016129548437611385,0.23055934515688947,True,False,True
D,2026-03-30,27,-0.020337301587301626,0.005454892059630678,-0.03540669856459322,False,True,False
D,2026-04-09,33,0.0072558582133936955,0.0049831049225059765,0.0968036529680365,True,True,True
D,2026-05-06,33,0.02271619381885559,0.0002466074663138862,0.29360575104048414,True,True,True
D,2026-05-07,27,0.0002862868594331047,0.016609633101835275,0.37393470565097675,True,False,True
D,2026-05-21,29,0.01930874686232853,0.0040908119863936054,0.0655573304774284,True,True,True
D,2026-05-25,26,0.060927500657490974,0.007688772417665524,0.14807830547845113,True,True,True
D,2026-06-09,27,0.007299270072992803,0.02743667415338913,0.26058152373941845,True,False,True
D,2026-06-16,26,0.00328947368421062,0.013644669887924898,0.28294647995396116,True,False,True
D,2026-07-15,33,0.0280755487493618,0.005051625088827283,0.025194377990430672,True,True,True
D,2026-07-24,26,-0.03231380680836349,0.007891111497698056,-0.2532421446544939,False,True,False
D,2026-08-03,29,-0.016867469879518038,0.0031605618458421247,-0.23346878463243437,False,True,False
D,2026-08-05,26,-0.01896752259103507,0.027983914365995233,-0.13837496145544248,False,False,False
D,2026-08-27,27,0.023318235195437076,0.006886394974092269,0.1327315914489311,True,True,True
L,2020-02-21,27,0.005293159609120579,0.010666661170132485,-0.002437043054427379,True,False,False
L,2020-03-06,27,-0.03214156735283502,0.005380831611281778,0.32805755395683445,False,True,True
L,2020-03-25,36,0.029239766081871288,0.0044010646231393835,-0.16720779220779225,True,True,False
L,2020-04-08,26,-0.008232065856526916,0.003734102960795793,-0.049906890130353765,False,True,False
L,2020-04-20,26,0.0027152831652443865,0.004195116994690107,-0.008842752787389552,True,True,False
L,2020-05-06,26,-0.008935219657483229,0.014937354011468784,0.1439522998296423,False,False,True
L,2020-05-13,42,-0.009157509157509125,0.006760533103607802,0.07340629188799008,False,True,True
L,2020-07-03,26,0.002768987341772222,0.0056448728624434175,0.03947368421052633,True,True,True
L,2020-09-02,39,0.004741583688952167,0.002886508179011038,-0.12453300124532984,True,True,False
L,2020-09-18,26,0.010515773660490835,0.018650597541219227,-0.1328701693443336,True,False,False
L,2020-10-12,27,0.015519917227108104,0.0077533445642130605,-0.0742337164750958,True,True,False
L,2020-11-06,41,-0.002031488065007747,0.0033876603062821253,0.047897817988291624,False,True,True
L,2020-12-02,28,0.0029806259314457684,0.003596100871039898,0.08459051724137923,True,True,True
L,2020-12-30,26,-0.010149572649572502,0.004752745230046207,-0.07004470938897167,False,True,False
L,2021-01-14,28,0.0005015045135405849,0.0054341684713450356,0.0578249336870027,True,True,True
L,2021-02-10,28,0.0005998800239950253,0.005184039435160548,-0.13626943005181358,True,True,False
L,2021-03-26,28,0.005988023952095967,0.007301851285237637,-0.022820362785254567,True,True,False
L,2021-04-01,28,0.0,0.0024988210057934612,-0.07870115575123826,True,True,False
L,2021-04-19,27,0.001239925604463732,0.005762881237910911,-0.03297362110311752,True,True,False
L,2021-05-11,30,-0.006271777003484358,0.0021975286038087294,-0.1376201923076923,False,True,False
L,2021-05-12,40,-0.001386962552011095,0.004380339132870059,-0.1297525648762824,False,True,False
L,2021-05-14,27,0.0027681660899654403,0.009883539356307702,-0.10692212608158214,True,True,False
L,2021-05-25,27,0.0034129692832762792,0.006108356303272444,-0.0883634100808961,True,True,False
L,2021-06-04,28,0.007323568575233086,0.003603786537219822,0.05255781359495448,True,True,True
L,2021-06-07,32,0.01245085190039319,0.0016607499156799932,0.06862745098039236,True,True,True
L,2021-07-09,26,-0.0012886597938144284,0.0031786264370612383,0.02172481895984202,False,True,True
L,2021-08-05,26,-0.001463057790782707,0.002539243127896551,0.02267429108025687,False,True,True
L,2021-08-24,31,-0.002413515687851975,0.007117125026602,0.041911148365465056,False,True,True
L,2022-05-05,26,-0.002307692307692233,0.012344259406234404,-0.03201787043931492,False,False,False
L,2022-05-26,26,0.0006930006930006005,0.0143492471856137,0.18791993840840915,True,False,True
L,2022-05-31,30,-0.006962025316455733,0.0017512424966492635,0.29019587698035987,False,True,True
L,2022-06-10,26,-0.019159456118665097,0.02455258443573527,0.15923293384049697,False,False,True
L,2022-08-02,28,-0.02316602316602312,0.001669500487137654,-0.0950384346610762,False,True,False
L,2022-08-08,42,0.0037397157816005944,0.011880429313146701,0.010582010582010692,True,False,True
L,2022-09-07,29,-0.0008130081300814496,0.003126555213826654,-0.07518796992481203,False,True,False
L,2022-09-14,34,-0.019933554817275656,0.002423782495229565,-0.08510638297872342,False,True,False
L,2022-10-13,28,-0.0009910802775024985,0.006272947791980066,-0.1796747967479675,False,True,False
L,2022-11-01,26,0.0009182736455464191,0.006128198763179826,0.058309037900874605,True,True,True
L,2022-11-02,28,-0.003616636528029016,0.001316636799480575,0.05938697318007646,False,True,True
L,2022-11-18,27,-0.005397070161912154,0.014446562890945147,0.2087604846225537,False,False,True
L,2022-11-30,26,-0.00628436763550666,0.005997730930371148,0.15099457504520797,False,True,True
L,2023-01-03,26,-0.001680672268907557,0.018100999524927497,-0.04647435897435903,False,False,False
L,2023-01-18,38,-0.007114624505928813,0.002825356742885088,0.06481481481481488,False,True,True
L,2023-01-20,36,-0.0007905138339920903,0.0014443114092719256,0.06751054852320681,False,True,True
L,2023-02-27,32,0.0,0.003416803564658455,0.2262372348782402,True,True,True
L,2023-03-09,26,-0.0031908104658583403,0.008056460101734997,0.13468501086169438,False,True,True
L,2023-03-20,27,-0.005164622336991664,0.01384971218483022,0.015072083879423381,False,False,True
L,2023-04-03,32,-0.0055839925546764535,0.009192437526373887,0.3356121814791795,False,True,True
L,2023-04-19,27,-0.008669267446900664,0.014341354464548539,0.36106194690265503,False,False,True
L,2023-11-03,30,-0.009137055837563413,0.003178605847017568,-0.11579892280071813,False,True,False
L,2023-11-20,27,-0.012229539040451654,0.008405396240361851,0.08524757529351712,False,True,True
L,2023-11-28,26,0.0,0.006737135916611958,0.02055137844611532,True,True,True
L,2023-11-29,36,-0.0043774319066147704,0.0031311258132424857,0.05220061412487209,False,True,True
L,2023-12-01,26,-0.002418964683115643,0.002355670015780742,0.04923857868020298,False,True,True
L,2023-12-08,32,0.0004782400765184214,0.022968312429304527,-0.02744186046511632,True,False,False
L,2023-12-20,30,0.0,0.012956862662520052,0.036859741503111554,True,False,True
L,2023-12-26,33,0.0018198362147405778,0.004693538952257104,0.07956777996070707,True,True,True
L,2023-12-29,34,0.0,0.0007782061064594004,0.07498790517658427,True,True,True
L,2024-01-17,27,-0.006753497346840387,0.0016375031307920285,-0.03760445682451263,False,True,False
L,2024-03-01,26,0.00037878787878797837,0.007202343848079051,0.1707317073170731,True,True,True
L,2024-03-14,27,-0.031825795644891186,0.01850575271742061,0.3034934497816595,False,False,True
L,2024-03-29,29,-0.015101772816808912,0.007579846783753785,0.1537878787878788,False,True,True
L,2024-04-15,32,-0.010912698412698374,0.006478879355102052,0.013065326633165952,False,True,True
L,2024-05-16,28,0.02322661644695545,0.00588913257268131,0.0535714285714286,True,True,True
L,2024-05-31,26,-0.008667736757624334,0.003591675926195581,-0.056423747002018354,False,True,False
L,2024-06-04,38,-0.005979073243647326,0.0013716986918577145,0.02640942954430292,False,True,True
L,2024-06-14,27,-0.004067402672864651,0.02998230783866962,0.09728034356089221,False,False,True
L,2024-07-05,28,-0.0034843205574913716,0.019779150409146018,0.13094877235525915,False,False,True
L,2024-08-07,26,-0.006091696056428342,0.005996652405076297,-0.22873392680514337,False,True,False
L,2024-08-12,29,-0.009256402344955172,0.004287662134048853,-0.19478260869565212,False,True,False
L,2024-08-19,32,-0.004149377593360981,0.002426460135765973,-0.04419263456090661,False,True,False
L,2024-08-22,27,0.0,0.01829184758854896,-0.0420600858369099,True,False,False
L,2024-09-27,30,0.0005733944954127157,0.02528531599012318,0.08660436137071637,True,False,True
L,2024-10-15,30,-0.007258253336455245,0.0028963870976828066,0.2837391042981665,False,True,True
L,2024-10-18,26,-0.0004961548002977434,0.020097196617042012,0.3049530592424732,False,False,True
L,2024-10-25,27,0.02433262461611152,0.013355837602388565,0.315413300186451,True,False,True
L,2024-11-05,27,-0.0014713094654242864,0.009645647901823429,0.015438247011952289,False,True,True
L,2024-11-12,27,0.001699854298202963,0.002500391890645215,-0.0358229922734723,True,True,False
L,2024-11-27,26,-0.0040938864628821126,0.015481417148732524,-0.11283292978208237,False,False,False
L,2024-12-16,27,0.0021108179419524475,0.0065070692448050416,-0.02795588612464739,True,True,False
L,2025-01-20,27,0.007301107754279945,0.007317127841848015,0.008121827411167404,True,True,True
L,2025-01-21,29,0.0048661800486617945,0.004087880647211106,0.05195802405938066,True,True,True
L,2025-02-10,42,0.002557544757033181,0.01003617591371353,0.011642949547218562,True,False,True
L,2025-03-11,30,-0.016868896123113375,0.0022532558546892734,-0.1377902526154633,False,True,False
L,2025-03-12,28,0.0017391304347826875,0.016616568454914216,-0.12856782015660517,True,False,False
L,2025-04-11,28,-0.020183486238532167,0.017624734178451007,-0.2297908422837761,False,False,False
L,2025-04-21,26,-0.00036062026685901305,0.0037782039802960465,-0.19855491329479769,False,True,False
L,2025-05-06,26,0.016487455197132572,0.007919937215197903,-0.1460055096418733,True,True,False
L,2025-05-21,29,-0.006508298080052044,0.006469631330524583,0.18202762083106427,False,True,True
L,2025-05-30,32,-0.007364713416586621,0.01318096261994861,0.1139800493522718,False,False,True
L,2025-06-30,26,0.006542056074766434,0.00815378416433532,0.3704771053474223,True,True,True
L,2025-07-15,27,0.020412414080400065,0.015287185287990557,0.1919066534260181,True,False,True
L,2025-07-29,27,0.0068259385665527805,0.005430773839015579,0.23860967590418047,True,True,True
L,2025-08-25,26,0.012403379471508158,0.013854553424690996,0.12293096487686728,True,False,True
L,2025-09-19,27,0.009016176080615113,0.004740932850582524,0.4078775434011572,True,True,True
L,2025-10-27,26,0.03405826836274106,0.006590125983800599,-0.03062848050914868,True,True,False
L,2026-01-15,26,-0.0052974735126324335,0.006733462417624292,0.07270872796153283,False,True,True
L,2026-01-22,39,0.021621621621621623,0.0027459726939158546,0.036559742260820816,True,True,True
L,2026-02-25,28,0.008844665561083431,0.003096102847423232,-0.03917142477758606,True,True,False
L,2026-03-16,27,0.0027100271002709064,0.016129548437611385,0.23055934515688947,True,False,True
L,2026-03-30,27,-0.020337301587301626,0.005454892059630678,-0.03540669856459322,False,True,False
L,2026-04-09,33,0.0072558582133936955,0.0049831049225059765,0.0968036529680365,True,True,True
L,2026-05-06,33,0.02271619381885559,0.0002466074663138862,0.29360575104048414,True,True,True
L,2026-05-07,27,0.0002862868594331047,0.016609633101835275,0.37393470565097675,True,False,True
L,2026-05-21,29,0.01930874686232853,0.0040908119863936054,0.0655573304774284,True,True,True
L,2026-05-25,26,0.060927500657490974,0.007688772417665524,0.14807830547845113,True,True,True
L,2026-06-09,27,0.007299270072992803,0.02743667415338913,0.26058152373941845,True,False,True
L,2026-06-16,26,0.00328947368421062,0.013644669887924898,0.28294647995396116,True,False,True
L,2026-07-15,33,0.0280755487493618,0.005051625088827283,0.025194377990430672,True,True,True
L,2026-07-24,26,-0.03231380680836349,0.007891111497698056,-0.2532421446544939,False,True,False
L,2026-08-03,29,-0.016867469879518038,0.0031605618458421247,-0.23346878463243437,False,True,False
L,2026-08-05,26,-0.01896752259103507,0.027983914365995233,-0.13837496145544248,False,False,False
L,2026-08-27,27,0.023318235195437076,0.006886394974092269,0.1327315914489311,True,True,True
