name,date,price,shares,toClose,overnightTo0935,toNext0945,gap_x,period,base,bar,gap_y,vwapDistance,ret20,gap_nonnegative,near_vwap,positive_ret20
D_open,2023-11-03,20.005870967741934,15500,-0.0037924351238829,0.0085298544907175,0.0092037498669745,-0.0091370558375634,train,D,30,-0.009137055837563413,0.003178605847017568,-0.11579892280071813,False,True,False
D_open,2023-11-20,21.10267441860465,8600,-0.0034438487351431,0.0061816452686638,0.0050858758120595,-0.0122295390404516,train,D,27,-0.012229539040451654,0.008405396240361851,0.08524757529351712,False,True,True
D_open,2023-11-28,20.50048780487805,8200,0.0029029648312948,-0.0024319066147858,-0.0014871746061961,0.0,train,D,26,0.0,0.006737135916611958,0.02055137844611532,True,True,True
D_open,2023-11-29,20.60303370786517,8900,-0.0040301690053281,-0.0082846003898634,-0.0074277269083314,-0.0043774319066147,train,D,36,-0.0043774319066147704,0.0031311258132424857,0.05220061412487209,False,True,True
D_open,2023-12-01,20.779745762711865,11800,0.0115619430589597,-0.0028544243577544,0.0144493701086045,-0.0024189646831156,train,D,26,-0.002418964683115643,0.002355670015780742,0.04923857868020298,False,True,True
D_open,2023-12-08,22.453405405405405,18500,-0.0014877656552427,-0.0383586083853703,-0.0295458703669821,0.0004782400765184,train,D,32,0.0004782400765184214,0.022968312429304527,-0.02744186046511632,True,False,False
D_open,2023-12-20,21.726785714285715,11200,-0.011818854277965,0.0,-0.013199638366072,0.0,train,D,30,0.0,0.012956862662520052,0.036859741503111554,True,False,True
D_open,2023-12-26,22.231806722689075,23800,0.0066658224929456,-0.0187667560321714,-0.0104268054135474,0.0018198362147405,train,D,33,0.0018198362147405778,0.004693538952257104,0.07956777996070707,True,True,True
D_open,2023-12-29,22.28878260869565,11500,-0.0075725359997814,-0.008137432188065,-0.008469848354212,0.0,train,D,34,0.0,0.0007782061064594004,0.07498790517658427,True,True,True
D_open,2024-01-17,21.054094488188976,12700,-0.0158683855236043,-0.0139961389961389,-0.0315422963719252,-0.0067534973468403,train,D,27,-0.006753497346840387,0.0016375031307920285,-0.03760445682451263,False,True,False
D_open,2024-03-01,27.011020408163265,19600,0.0088474847756774,0.0168807339449541,0.0306904211432974,0.0003787878787879,train,D,26,0.00037878787878797837,0.007202343848079051,0.1707317073170731,True,True,True
D_open,2024-03-14,30.17,8800,-0.0023201856148491,-0.0182724252491695,-0.0165727543917799,-0.0318257956448911,train,D,27,-0.031825795644891186,0.01850575271742061,0.3034934497816595,False,False,True
D_open,2024-03-29,30.14,8500,0.0013271400132712,-0.0016567263088138,0.0185799601857996,-0.0151017728168089,train,D,29,-0.015101772816808912,0.007579846783753785,0.1537878787878788,False,True,True
D_open,2024-04-15,30.658926553672316,17700,-0.0045313573986065,-0.0301441677588466,-0.0175781285991489,-0.0109126984126983,train,D,32,-0.010912698412698374,0.006478879355102052,0.013065326633165952,False,True,True
D_open,2024-05-16,33.21450292397661,17100,-0.0100709899149247,-0.0197688564476887,-0.0365654403064962,0.0232266164469554,train,D,28,0.02322661644695545,0.00588913257268131,0.0535714285714286,True,True,True
D_open,2024-05-31,31.26888888888889,9000,-0.0006040793120603,0.03776,0.0364934972638759,-0.0086677367576243,train,D,26,-0.008667736757624334,0.003591675926195581,-0.056423747002018354,False,True,False
D_open,2024-06-04,33.483258426966295,8900,0.0037852221972407,-0.0020827134781314,-0.0033825389847687,-0.0059790732436473,train,D,38,-0.005979073243647326,0.0013716986918577145,0.02640942954430292,False,True,True
D_open,2024-06-14,36.88,8700,0.0048806941431669,0.0024284943335131,0.002169197396963,-0.0040674026728646,train,D,27,-0.004067402672864651,0.02998230783866962,0.09728034356089221,False,False,True
D_open,2024-07-05,37.27000000000001,7300,0.0222699221894282,-0.0107611548556431,0.0096592433592699,-0.0034843205574913,train,D,28,-0.0034843205574913716,0.019779150409146018,0.13094877235525915,False,False,True
D_open,2024-08-07,31.893953488372095,8600,-0.0120384413463221,-0.0225325293557601,-0.0264612378230181,-0.0060916960564283,train,D,26,-0.006091696056428342,0.005996652405076297,-0.22873392680514337,False,True,False
D_open,2024-08-12,32.921732283464564,12700,-0.0024826240235727,0.0353227771010962,0.0357899671375203,-0.0092564023449551,train,D,29,-0.009256402344955172,0.004287662134048853,-0.19478260869565212,False,True,False
D_open,2024-08-19,33.76720588235294,13600,-0.0064324505589743,0.0163934426229508,0.000675037127042,-0.0041493775933609,train,D,32,-0.004149377593360981,0.002426460135765973,-0.04419263456090661,False,True,False
D_open,2024-08-22,33.97,8300,0.0058875478363262,-0.0318993268949371,-0.0217839269944069,0.0,train,D,27,0.0,0.01829184758854896,-0.0420600858369099,True,False,False
D_open,2024-09-27,36.46,9000,0.0016456390565002,0.0454545454545454,0.0216675809105868,0.0005733944954127,train,D,30,0.0005733944954127157,0.02528531599012318,0.08660436137071637,True,False,True
D_open,2024-10-15,42.54,7500,-0.0235072872590502,-0.0264805007221955,-0.049130230371415,-0.0072582533364552,train,D,30,-0.007258253336455245,0.0028963870976828066,0.2837391042981665,False,True,True
D_open,2024-10-18,42.87,7700,0.0060648472125031,0.0083468583352654,0.0030324236062515,-0.0004961548002977,train,D,26,-0.0004961548002977434,0.020097196617042012,0.3049530592424732,False,False,True
D_open,2024-10-25,45.03683544303797,7900,-0.0168048095651659,-0.0185185185185184,-0.0638773886916758,0.0243326246161115,train,D,27,0.02433262461611152,0.013355837602388565,0.315413300186451,True,False,True
D_open,2024-11-05,41.85672839506173,16200,-0.0082836955575973,0.0012045290291498,-0.0164066428837937,-0.0014713094654242,train,D,27,-0.0014713094654242864,0.009645647901823429,0.015438247011952289,False,True,True
D_open,2024-11-12,41.28634146341464,16400,-0.0100842421163321,-0.0088084169317347,-0.0074199227288302,0.0016998542982029,train,D,27,0.001699854298202963,0.002500391890645215,-0.0358229922734723,True,True,False
D_open,2024-11-27,37.53395348837209,8600,0.0057560286500284,-0.006092715231788,-0.0102294976331507,-0.0040938864628821,train,D,26,-0.0040938864628821126,0.015481417148732524,-0.11283292978208237,False,False,False
D_open,2024-12-16,38.04367816091954,8700,-0.0064052208592665,0.0103174603174602,0.0138346727898965,0.0021108179419524,train,D,27,0.0021108179419524475,0.0065070692448050416,-0.02795588612464739,True,True,False
D_open,2025-01-20,41.32528735632184,8700,-0.0054515617611881,0.0072992700729925,0.0037437765972241,0.0073011077542799,validation,D,27,0.007301107754279945,0.007317127841848015,0.008121827411167404,True,True,True
D_open,2025-01-21,41.90162790697674,12900,0.0013930745877666,0.0402764537654909,0.0414869822452366,0.0048661800486617,validation,D,29,0.0048661800486617945,0.004087880647211106,0.05195802405938066,True,True,True
D_open,2025-02-10,39.26,9500,-0.0017829852266938,0.0022965042102578,0.0160468670402444,0.0025575447570331,validation,D,42,0.002557544757033181,0.01003617591371353,0.011642949547218562,True,False,True
D_open,2025-03-11,34.45134615384615,10400,0.0014122480421105,-0.0086956521739129,-0.0052638336115032,-0.0168688961231133,validation,D,30,-0.016868896123113375,0.0022532558546892734,-0.1377902526154633,False,True,False
D_open,2025-03-12,35.84509677419355,15500,-0.0129751853405063,0.0011305822498586,-0.0227394217772169,0.0017391304347826,validation,D,28,0.0017391304347826875,0.016616568454914216,-0.12856782015660517,True,False,False
D_open,2025-04-11,27.623448275862067,26100,0.0020472362310881,0.0321531791907514,0.0194237778998354,-0.0201834862385321,validation,D,28,-0.020183486238532167,0.017624734178451007,-0.2297908422837761,False,False,False
D_open,2025-04-21,27.87007575757576,26400,0.0086086684697663,-0.0181430096051226,-0.0104081438493007,-0.000360620266859,validation,D,26,-0.00036062026685901305,0.0037782039802960465,-0.19855491329479769,False,True,False
D_open,2025-05-06,29.92,12900,0.0036764705882352,0.0026640026640025,-0.0003342245989305,0.0164874551971325,validation,D,26,0.016487455197132572,0.007919937215197903,-0.1460055096418733,True,True,False
D_open,2025-05-21,30.98308943089431,12300,-0.002681767132346,-0.006472491909385,0.0028050969319743,-0.006508298080052,validation,D,29,-0.006508298080052044,0.006469631330524583,0.18202762083106427,False,True,True
D_open,2025-05-30,31.03,12200,-0.0016113438607798,0.0009683666881858,-0.0025781501772478,-0.0073647134165866,validation,D,32,-0.007364713416586621,0.01318096261994861,0.1139800493522718,False,False,True
D_open,2025-06-30,43.06661202185792,18300,-0.011299055091934,0.0277125410991074,0.0249239010860036,0.0065420560747664,validation,D,26,0.006542056074766434,0.00815378416433532,0.3704771053474223,True,True,True
D_open,2025-07-15,50.91,9000,0.0104105283834217,0.0017496111975117,0.0131604792771558,0.0204124140804,validation,D,27,0.020412414080400065,0.015287185287990557,0.1919066534260181,True,False,True
D_open,2025-07-29,53.862742857142855,17500,0.0244558125521165,-0.0277274374773468,0.0021769619710629,0.0068259385665527,validation,D,27,0.0068259385665527805,0.005430773839015579,0.23860967590418047,True,True,True
D_open,2025-08-25,56.58105263157895,17100,0.0241944485786576,-0.0044866264020708,0.0199527459443369,0.0124033794715081,validation,D,26,0.012403379471508158,0.013854553424690996,0.12293096487686728,True,False,True
D_open,2025-09-19,76.29690140845071,7100,-0.005202064580918,-0.012121212121212,0.0181278474750234,0.0090161760806151,validation,D,27,0.009016176080615113,0.004740932850582524,0.4078775434011572,True,True,True
D_open,2025-10-27,76.07706293706293,14300,0.018835336271098,0.0,0.0152863033618837,0.034058268362741,validation,D,26,0.03405826836274106,0.006590125983800599,-0.03062848050914868,True,True,False
D_open,2026-01-15,73.94573033707866,17800,0.0243999167321311,-0.0017161716171616,0.0114174227379022,-0.0052974735126324,validation,D,26,-0.0052974735126324335,0.006733462417624292,0.07270872796153283,False,True,True
D_open,2026-01-22,76.29,8900,0.0006553938917288,-0.0108724128897039,-0.0290994887927645,0.0216216216216216,validation,D,39,0.021621621621621623,0.0027459726939158546,0.036559742260820816,True,True,True
D_open,2026-02-25,74.94857142857143,9800,0.035376639219274,0.0255154639175259,0.0860780725831047,0.0088446655610834,validation,D,28,0.008844665561083431,0.003096102847423232,-0.03917142477758606,True,True,False
D_open,2026-03-16,81.85,9400,0.0256566890653635,0.0399047051816556,0.0731826511912034,0.0027100271002709,validation,D,27,0.0027100271002709064,0.016129548437611385,0.23055934515688947,True,False,True
D_open,2026-03-30,79.09935483870967,9300,0.0011459658738703,-0.0181841141558277,-0.0213573782258327,-0.0203373015873016,validation,D,27,-0.020337301587301626,0.005454892059630678,-0.03540669856459322,False,True,False
D_open,2026-04-09,86.3004255319149,9400,-0.0053351478753094,0.0018639328984155,-0.0004684279557803,0.0072558582133936,validation,D,33,0.0072558582133936955,0.0049831049225059765,0.0968036529680365,True,True,True
D_open,2026-05-06,105.65384615384616,7800,-0.0081761922096832,0.0058211661418074,-0.012435384055333,0.0227161938188555,validation,D,33,0.02271619381885559,0.0002466074663138862,0.29360575104048414,True,True,True
D_open,2026-05-07,108.15538461538462,11700,-0.0025461942219884,-0.0048201705598812,0.0311090880641811,0.0002862868594331,validation,D,27,0.0002862868594331047,0.016609633101835275,0.37393470565097675,True,False,True
D_open,2026-05-21,108.36,8000,-0.0430047988187523,0.0604628736740597,0.0165190107050572,0.0193087468623285,validation,D,29,0.01930874686232853,0.0040908119863936054,0.0655573304774284,True,True,True
D_open,2026-05-25,122.22,7800,0.0026182294223531,0.0358250367227028,0.0389461626575029,0.0609275006574909,validation,D,26,0.060927500657490974,0.007688772417665524,0.14807830547845113,True,True,True
D_open,2026-06-09,140.34,7900,0.0053441641727234,-0.0456446239988659,-0.0309248966794927,0.0072992700729928,validation,D,27,0.007299270072992803,0.02743667415338913,0.26058152373941845,True,False,True
D_open,2026-06-16,139.43024390243903,16400,0.0086764253127709,0.0076080773606372,0.0431739623275209,0.0032894736842106,validation,D,26,0.00328947368421062,0.013644669887924898,0.28294647995396116,True,False,True
D_open,2026-07-15,140.4082380952381,21000,-0.0226356953007438,-0.0220797201778036,0.0001549902274762,0.0280755487493618,recent,D,33,0.0280755487493618,0.005051625088827283,0.025194377990430672,True,True,True
D_open,2026-07-24,114.798,12500,-0.0224568372271294,0.0128319372660845,-0.0007665638774195,-0.0323138068083634,recent,D,26,-0.03231380680836349,0.007891111497698056,-0.2532421446544939,False,True,False
D_open,2026-08-03,102.25742857142858,14000,-0.0063313597894389,0.0538332841255781,0.0603630612934862,-0.016867469879518,recent,D,29,-0.016867469879518038,0.0031605618458421247,-0.23346878463243437,False,True,False
D_open,2026-08-05,116.43,13600,-0.0071287468865414,-0.0224913494809687,-0.0068710813364254,-0.018967522591035,recent,D,26,-0.01896752259103507,0.027983914365995233,-0.13837496145544248,False,False,False
D_open,2026-08-27,122.19721804511278,26600,-0.0014502625178206,0.0157351253892805,0.0274374655047338,0.023318235195437,recent,D,27,0.023318235195437076,0.006886394974092269,0.1327315914489311,True,True,True
L_open,2023-11-03,20.005870967741934,15500,-0.0037924351238829,0.0085298544907175,0.0092037498669745,-0.0091370558375634,train,L,30,-0.009137055837563413,0.003178605847017568,-0.11579892280071813,False,True,False
L_open,2023-11-20,21.10183908045977,8700,-0.0034043990282481,0.0061816452686638,0.0051256631769307,-0.0122295390404516,train,L,27,-0.012229539040451654,0.008405396240361851,0.08524757529351712,False,True,True
L_open,2023-11-28,20.484563106796116,10300,0.0036826215336198,-0.0024319066147858,-0.0007109307979962,0.0,train,L,26,0.0,0.006737135916611958,0.02055137844611532,True,True,True
L_open,2023-12-01,20.779745762711865,11800,0.0115619430589597,-0.0028544243577544,0.0144493701086045,-0.0024189646831156,train,L,26,-0.002418964683115643,0.002355670015780742,0.04923857868020298,False,True,True
L_open,2023-12-08,22.453405405405405,18500,-0.0014877656552427,-0.0383586083853703,-0.0295458703669821,0.0004782400765184,train,L,32,0.0004782400765184214,0.022968312429304527,-0.02744186046511632,True,False,False
L_open,2023-12-20,21.721739130434784,13800,-0.0115892714171338,0.0,-0.0129703763010408,0.0,train,L,30,0.0,0.012956862662520052,0.036859741503111554,True,False,True
L_open,2023-12-26,22.269398280802292,34900,0.0049665337968765,-0.0187667560321714,-0.0120972411290758,0.0018198362147405,train,L,33,0.0018198362147405778,0.004693538952257104,0.07956777996070707,True,True,True
L_open,2023-12-29,22.28878260869565,11500,-0.0075725359997814,-0.008137432188065,-0.008469848354212,0.0,train,L,34,0.0,0.0007782061064594004,0.07498790517658427,True,True,True
L_open,2024-01-17,21.060166666666667,12000,-0.0161521355481517,-0.0139961389961389,-0.0318215272117188,-0.0067534973468403,train,L,27,-0.006753497346840387,0.0016375031307920285,-0.03760445682451263,False,True,False
L_open,2024-03-01,27.0368085106383,28200,0.0078852313237272,0.0168807339449541,0.0297073335799107,0.0003787878787879,train,L,26,0.00037878787878797837,0.007202343848079051,0.1707317073170731,True,True,True
L_open,2024-03-14,30.17,18100,-0.0023201856148491,-0.0182724252491695,-0.0165727543917799,-0.0318257956448911,train,L,27,-0.031825795644891186,0.01850575271742061,0.3034934497816595,False,False,True
L_open,2024-03-29,30.107738095238098,16800,0.0024001107135089,-0.0016567263088138,0.019671418121429,-0.0151017728168089,train,L,29,-0.015101772816808912,0.007579846783753785,0.1537878787878788,False,True,True
L_open,2024-04-15,30.649431279620853,21100,-0.0042229586069648,-0.0301441677588466,-0.017273771731382,-0.0109126984126983,train,L,32,-0.010912698412698374,0.006478879355102052,0.013065326633165952,False,True,True
L_open,2024-05-16,33.21476744186047,17200,-0.0100788735747268,-0.0197688564476887,-0.036573112968104,0.0232266164469554,train,L,28,0.02322661644695545,0.00588913257268131,0.0535714285714286,True,True,True
L_open,2024-05-31,31.27583850931677,16100,-0.0008261492112856,0.03776,0.0362631841299911,-0.0086677367576243,train,L,26,-0.008667736757624334,0.003591675926195581,-0.056423747002018354,False,True,False
L_open,2024-06-04,33.483258426966295,8900,0.0037852221972407,-0.0020827134781314,-0.0033825389847687,-0.0059790732436473,train,L,38,-0.005979073243647326,0.0013716986918577145,0.02640942954430292,False,True,True
L_open,2024-06-14,36.88363636363636,8800,0.0047816227940451,0.0024284943335131,0.0020703933747412,-0.0040674026728646,train,L,27,-0.004067402672864651,0.02998230783866962,0.09728034356089221,False,False,True
L_open,2024-07-05,37.27000000000001,7300,0.0222699221894282,-0.0107611548556431,0.0096592433592699,-0.0034843205574913,train,L,28,-0.0034843205574913716,0.019779150409146018,0.13094877235525915,False,False,True
L_open,2024-08-07,31.865581395348837,17200,-0.0111587920187998,-0.0225325293557601,-0.025594430091518,-0.0060916960564283,train,L,26,-0.006091696056428342,0.005996652405076297,-0.22873392680514337,False,True,False
L_open,2024-08-12,32.921732283464564,12700,-0.0024826240235727,0.0353227771010962,0.0357899671375203,-0.0092564023449551,train,L,29,-0.009256402344955172,0.004287662134048853,-0.19478260869565212,False,True,False
L_open,2024-08-19,33.76720588235294,13600,-0.0064324505589743,0.0163934426229508,0.000675037127042,-0.0041493775933609,train,L,32,-0.004149377593360981,0.002426460135765973,-0.04419263456090661,False,True,False
L_open,2024-08-22,33.97,8400,0.0058875478363262,-0.0318993268949371,-0.0217839269944069,0.0,train,L,27,0.0,0.01829184758854896,-0.0420600858369099,True,False,False
L_open,2024-09-27,36.45061224489796,9800,0.0019036101406433,0.0454545454545454,0.0219307085908806,0.0005733944954127,train,L,30,0.0005733944954127157,0.02528531599012318,0.08660436137071637,True,False,True
L_open,2024-10-15,42.53961038961039,7700,-0.0234983437895925,-0.0264805007221955,-0.049121521576529,-0.0072582533364552,train,L,30,-0.007258253336455245,0.0028963870976828066,0.2837391042981665,False,True,True
L_open,2024-10-18,42.885621301775146,16900,0.005698383066558,0.0083468583352654,0.0026670640357522,-0.0004961548002977,train,L,26,-0.0004961548002977434,0.020097196617042012,0.3049530592424732,False,False,True
L_open,2024-10-25,44.97244186046512,17200,-0.0153970260857424,-0.0185185185185184,-0.0625370058666419,0.0243326246161115,train,L,27,0.02433262461611152,0.013355837602388565,0.315413300186451,True,False,True
L_open,2024-11-05,41.82260223048327,26900,-0.0074744806351486,0.0012045290291498,-0.0156040560768264,-0.0014713094654242,train,L,27,-0.0014713094654242864,0.009645647901823429,0.015438247011952289,False,True,True
L_open,2024-11-12,41.222554744525546,27400,-0.0085524719831288,-0.0088084169317347,-0.0058840298964673,0.0016998542982029,train,L,27,0.001699854298202963,0.002500391890645215,-0.0358229922734723,True,True,False
L_open,2024-11-27,37.46033707865168,17800,0.0077325230880902,-0.006092715231788,-0.0082844176762237,-0.0040938864628821,train,L,26,-0.0040938864628821126,0.015481417148732524,-0.11283292978208237,False,False,False
L_open,2024-12-16,38.03353535353536,9900,-0.0061402483719844,0.0103174603174602,0.0141050428648825,0.0021108179419524,train,L,27,0.0021108179419524475,0.0065070692448050416,-0.02795588612464739,True,True,False
L_open,2025-01-20,41.319641025641026,19500,-0.0053156566753502,0.0072992700729925,0.0038809382264346,0.0073011077542799,validation,L,27,0.007301107754279945,0.007317127841848015,0.008121827411167404,True,True,True
L_open,2025-01-21,41.89775862068966,17400,0.0014855539140847,0.0402764537654909,0.041583164270988,0.0048661800486617,validation,L,29,0.0048661800486617945,0.004087880647211106,0.05195802405938066,True,True,True
L_open,2025-02-10,39.187510917030565,22900,6.351725106257256e-05,0.0022965042102578,0.0179263511902241,0.0025575447570331,validation,L,42,0.002557544757033181,0.01003617591371353,0.011642949547218562,True,False,True
L_open,2025-03-11,34.451129032258066,12400,0.0014185592494275,-0.0086956521739129,-0.0052575644789017,-0.0168688961231133,validation,L,30,-0.016868896123113375,0.0022532558546892734,-0.1377902526154633,False,True,False
L_open,2025-03-12,35.84694915254237,17700,-0.0130261894967775,0.0011305822498586,-0.0227899213700429,0.0017391304347826,validation,L,28,0.0017391304347826875,0.016616568454914216,-0.12856782015660517,True,False,False
L_open,2025-04-11,27.606833712984056,43900,0.0026502962192846,0.0321531791907514,0.0200372955756884,-0.0201834862385321,validation,L,28,-0.020183486238532167,0.017624734178451007,-0.2297908422837761,False,False,False
L_open,2025-04-21,27.882480417754568,38300,0.0081599477104108,-0.0181430096051226,-0.0108484042030192,-0.000360620266859,validation,L,26,-0.00036062026685901305,0.0037782039802960465,-0.19855491329479769,False,True,False
L_open,2025-05-06,29.922307692307697,23400,0.0035990642432968,0.0026640026640025,-0.0004113216278054,0.0164874551971325,validation,L,26,0.016487455197132572,0.007919937215197903,-0.1460055096418733,True,True,False
L_open,2025-05-21,30.97586666666667,15000,-0.0024492185314159,-0.006472491909385,0.0030389249265019,-0.006508298080052,validation,L,29,-0.006508298080052044,0.006469631330524583,0.18202762083106427,False,True,True
L_open,2025-05-30,31.02767741935484,15500,-0.0015366093539794,0.0009683666881858,-0.0025034880408542,-0.0073647134165866,validation,L,32,-0.007364713416586621,0.01318096261994861,0.1139800493522718,False,False,True
L_open,2025-06-30,42.96124277456647,34600,-0.0088741095448983,0.0277125410991074,0.0274376891659979,0.0065420560747664,validation,L,26,0.006542056074766434,0.00815378416433532,0.3704771053474223,True,True,True
L_open,2025-07-15,50.91,11900,0.0104105283834217,0.0017496111975117,0.0131604792771558,0.0204124140804,validation,L,27,0.020412414080400065,0.015287185287990557,0.1919066534260181,True,False,True
L_open,2025-07-29,54.11158501440922,34700,0.0197446625395703,-0.0277274374773468,-0.0024317346160565,0.0068259385665527,validation,L,27,0.0068259385665527805,0.005430773839015579,0.23860967590418047,True,True,True
L_open,2025-08-25,56.69179190751445,34600,0.0221938317726517,-0.0044866264020708,0.0179604146954224,0.0124033794715081,validation,L,26,0.012403379471508158,0.013854553424690996,0.12293096487686728,True,False,True
L_open,2025-09-19,76.18627450980392,10200,-0.0037575601595675,-0.012121212121212,0.019606228284648,0.0090161760806151,validation,L,27,0.009016176080615113,0.004740932850582524,0.4078775434011572,True,True,True
L_open,2025-10-27,76.1671897810219,27400,0.0176297723841281,0.0,0.0140849389620698,0.034058268362741,validation,L,26,0.03405826836274106,0.006590125983800599,-0.03062848050914868,True,True,False
L_open,2026-01-15,74.31989795918368,39200,0.0192425188958376,-0.0017161716171616,0.0063253859830985,-0.0052974735126324,validation,L,26,-0.0052974735126324335,0.006733462417624292,0.07270872796153283,False,True,True
L_open,2026-01-22,76.21918604651162,25800,0.0015850858524604,-0.0108724128897039,-0.0281974415890524,0.0216216216216216,validation,L,39,0.021621621621621623,0.0027459726939158546,0.036559742260820816,True,True,True
L_open,2026-02-25,74.98815789473684,15200,0.0348300608868066,0.0255154639175259,0.0855047288168306,0.0088446655610834,validation,L,28,0.008844665561083431,0.003096102847423232,-0.03917142477758606,True,True,False
L_open,2026-03-16,81.85,14300,0.0256566890653635,0.0399047051816556,0.0731826511912034,0.0027100271002709,validation,L,27,0.0027100271002709064,0.016129548437611385,0.23055934515688947,True,False,True
L_open,2026-03-30,79.18714285714286,22400,3.608089336282205e-05,-0.0181841141558277,-0.0224423156717361,-0.0203373015873016,validation,L,27,-0.020337301587301626,0.005454892059630678,-0.03540669856459322,False,True,False
L_open,2026-04-09,86.24048275862069,14500,-0.0046437907791123,0.0018639328984155,0.0002263118289116,0.0072558582133936,validation,L,33,0.0072558582133936955,0.0049831049225059765,0.0968036529680365,True,True,True
L_open,2026-05-06,105.54448979591837,24500,-0.0071485474739348,0.0058211661418074,-0.0114121523373448,0.0227161938188555,validation,L,33,0.02271619381885559,0.0002466074663138862,0.29360575104048414,True,True,True
L_open,2026-05-07,107.96333333333334,24300,-0.00077186699188,-0.0048201705598812,0.0329432832134366,0.0002862868594331,validation,L,27,0.0002862868594331047,0.016609633101835275,0.37393470565097675,True,False,True
L_open,2026-05-21,107.86826771653544,25400,-0.0386422050226032,0.0604628736740597,0.0211529519456146,0.0193087468623285,validation,L,29,0.01930874686232853,0.0040908119863936054,0.0655573304774284,True,True,True
L_open,2026-05-25,122.15922480620156,12900,0.0031170400303581,0.0358250367227028,0.0394630467035652,0.0609275006574909,validation,L,26,0.060927500657490974,0.007688772417665524,0.14807830547845113,True,True,True
L_open,2026-06-09,140.34,13500,0.0053441641727234,-0.0456446239988659,-0.0309248966794927,0.0072992700729928,validation,L,27,0.007299270072992803,0.02743667415338913,0.26058152373941845,True,False,True
L_open,2026-06-16,138.39868105515586,41700,0.0161946553807901,0.0076080773606372,0.0509493218510801,0.0032894736842106,validation,L,26,0.00328947368421062,0.013644669887924898,0.28294647995396116,True,False,True
L_open,2026-07-15,140.13870860927153,30200,-0.0207559255978408,-0.0220797201778036,0.0020785933709481,0.0280755487493618,recent,L,33,0.0280755487493618,0.005051625088827283,0.025194377990430672,True,True,True
L_open,2026-07-24,114.575687732342,26900,-0.0205601011782279,0.0128319372660845,0.0011722580096726,-0.0323138068083634,recent,L,26,-0.03231380680836349,0.007891111497698056,-0.2532421446544939,False,True,False
L_open,2026-08-03,102.22818713450292,17100,-0.0060471299729648,0.0538332841255781,0.0606663684384551,-0.016867469879518,recent,L,29,-0.016867469879518038,0.0031605618458421247,-0.23346878463243437,False,True,False
L_open,2026-08-05,116.43,26100,-0.0071287468865414,-0.0224913494809687,-0.0068710813364254,-0.018967522591035,recent,L,26,-0.01896752259103507,0.027983914365995233,-0.13837496145544248,False,False,False
L_open,2026-08-27,121.99075060532688,41300,0.0002397673145544,0.0157351253892805,0.0291763873655328,0.023318235195437,recent,L,27,0.023318235195437076,0.006886394974092269,0.1327315914489311,True,True,True
