name,selected,train_return_,train_mdd5,train_orders,train_exposure,train_t1_blocks,train_interest,validation_return_,validation_mdd5,validation_orders,validation_exposure,validation_t1_blocks,validation_interest,recent_return_,recent_mdd5,recent_orders,recent_exposure,recent_t1_blocks,recent_interest,preJuly_return_,preJuly_mdd5,preJuly_orders,preJuly_exposure,preJuly_t1_blocks,preJuly_interest,older_return_,older_mdd5,older_orders,older_exposure,older_t1_blocks,older_interest
D_fixed10_fixed945,False,0.4239248888200009,-0.16455421861861919,382,0.41733603871097424,0,0.0,2.14679311092,-0.2010296290915753,236,0.4507865039997329,0,0.0,0.2750975735200003,-0.152722962111697,37,0.5047866600195884,0,0.0,3.6618660690000002,-0.19320160267196773,680,0.4353666728732719,0,0.0,-0.22047513296999988,-0.6011578189524927,1263,0.3616322015293133,0,0.0
D_fixed10_weak_confirm,False,0.41315558554,-0.16129925749982843,416,0.4238392972622927,0,0.0,2.5327009134,-0.2045107984186726,269,0.4511964007764804,0,0.0,0.19133981226000074,-0.15390864080160283,37,0.5043961057047457,0,0.0,4.133075002280001,-0.1966728968062803,759,0.43897710463368644,0,0.0,-0.257015595719999,-0.5984175582065354,1307,0.3683310879034401,0,0.0
D_fixed10_early_weak,False,0.4269561689200001,-0.16327130083329677,380,0.41693702286787276,0,0.0,2.066343271610001,-0.2010296290915753,236,0.45070990123618293,0,0.0,0.2679720963800001,-0.152722962111697,37,0.5040495060020572,0,0.0,3.5618473126999977,-0.19324467047955318,676,0.4351580975903752,0,0.0,-0.21878481770000124,-0.6002012356221293,1250,0.3601599738768379,0,0.0
D_delay1030_fixed945,False,0.4090807911899994,-0.15158935279288355,438,0.40280645763349693,0,0.0,1.7790274219999995,-0.23588765511109133,294,0.4469602238526706,0,0.0,0.3469145336200006,-0.1422656347141109,41,0.5041697098191158,0,0.0,3.10392026359,-0.22440129671051245,805,0.4250690216247777,0,0.0,-0.15338015319000164,-0.5860658122760963,1424,0.34447797321246115,0,0.0
D_delay1030_weak_confirm,False,0.3838681803199995,-0.15077952081037294,467,0.4087469924567591,0,0.0,2.112606377900001,-0.2389313347775467,325,0.44725907108511453,0,0.0,0.25761659051999986,-0.15676221699990678,41,0.5045380388566416,0,0.0,3.49880626568,-0.22823430540818035,873,0.4287229951891453,0,0.0,-0.19244475945000095,-0.5830743459787413,1498,0.3488686703509764,0,0.0
D_delay1030_early_weak,True,0.4133689797700002,-0.15003624360454904,437,0.4024444695970243,0,0.0,1.7085092951000012,-0.23588765511109133,293,0.44697997103001663,0,0.0,0.3395661280400002,-0.1422656347141109,41,0.5036694166986491,0,0.0,3.02001503085,-0.22416471730722665,803,0.42491956318251917,0,0.0,-0.14895104480200028,-0.5833746651185596,1416,0.33963824884405786,0,0.0
D_vwap_rising_fixed945,False,0.3234151890300003,-0.17828065717972275,374,0.41560574765006386,0,0.0,2.1915131314800016,-0.189434861838493,241,0.4487333205513374,0,0.0,0.23615040242000052,-0.15207304065757532,39,0.5045795898150458,0,0.0,3.257118454589998,-0.18739800484711444,659,0.43367045678549676,0,0.0,-0.10693287381999916,-0.5555416638167334,1382,0.35600167170846936,0,0.0
D_vwap_rising_weak_confirm,False,0.32041520306000093,-0.1727931990927134,406,0.4212233934951123,0,0.0,2.56316853836,-0.19346312403406285,274,0.44878374062527887,0,0.0,0.1545389274600002,-0.16560495329796743,39,0.5040330267775662,0,0.0,3.7269231014600015,-0.19110285686422324,737,0.43759892989530835,0,0.0,-0.1794127240600002,-0.5657908759428576,1411,0.36577513473589635,0,0.0
D_vwap_rising_early_weak,False,0.3256886717099998,-0.17694780521134146,372,0.4155429362534085,0,0.0,2.1094582122000007,-0.189434861838493,240,0.4487395239527487,0,0.0,0.22884271736000028,-0.15207304065757532,39,0.504709658422709,0,0.0,3.1666860249900006,-0.1873823038741259,655,0.4337559201686112,0,0.0,-0.09907715236799974,-0.5518584646450205,1371,0.3550459408279199,0,0.0
D_opening_break_fixed945,False,0.28964924081000176,-0.1909405288175372,413,0.3982046990084844,0,0.0,1.8853508644700003,-0.1905716106446369,274,0.4456573924593517,0,0.0,0.2065787177199998,-0.14994089531705257,44,0.5032272026723847,0,0.0,2.7535081246700015,-0.1909405288175372,730,0.4226077889501446,0,0.0,-0.12608515755000005,-0.5487717891718458,1456,0.3404197271664157,0,0.0
D_opening_break_weak_confirm,False,0.28445313885000156,-0.18486279391571814,442,0.40613892474294844,0,0.0,2.2130794363799997,-0.19473768406543068,306,0.4456947639106311,0,0.0,0.13025469757999986,-0.16447709705940672,44,0.5037738769242809,0,0.0,3.158945106329999,-0.19269098406802576,799,0.426806988083577,0,0.0,-0.19108372874000035,-0.5563892026496866,1505,0.35135850903579047,0,0.0
D_opening_break_early_weak,False,0.29337822628000043,-0.18961025424791134,412,0.3978291296518079,0,0.0,1.8124354932399998,-0.1905716106446369,275,0.44556241772794314,0,0.0,0.2002852002800004,-0.14994089531705257,44,0.5026804027752514,0,0.0,2.67559153662,-0.18961025424791134,728,0.4224201841400739,0,0.0,-0.11904936171000047,-0.5445521762972938,1438,0.3388168497949718,0,0.0
L_fixed10_fixed945,False,0.5973125676924194,-0.20566755232577738,561,0.5575603943624725,0,13661.782657581629,4.546059511168379,-0.2646815807154328,452,0.6213970603490422,1,41876.8869316193,0.3479000128186913,-0.22302664427523178,53,0.7076381588642672,2,5528.001681308674,7.238130589991364,-0.25767427606323645,1152,0.5853980305490896,0,74122.92268864013,-0.26952951723044993,-0.7303575061247018,1700,0.4902997443372362,4,30228.219511450763
L_fixed10_weak_confirm,False,0.5968078655314117,-0.20298892783641376,606,0.5799405881280899,0,13862.716108588731,5.480878931249402,-0.2653295338780224,517,0.6247388169321951,1,44760.56183059915,0.2108343767111307,-0.2307692806487025,58,0.7070508309444862,2,5165.805678870226,8.311103851861569,-0.2599695521969253,1283,0.6006766649808377,0,76989.43677843138,-0.3430250460668369,-0.7424158896221758,1732,0.5056426885801704,3,29334.22167183714
L_fixed10_early_weak,False,0.6033174196408713,-0.2003054323816359,555,0.5561934179843522,0,13665.978539130703,4.417583834834427,-0.2646815807154328,454,0.6213098309949185,1,41688.80471557599,0.33702299549614545,-0.22302664427523178,52,0.7075684539763502,2,5498.5451938544375,7.110392154731041,-0.2577150263078066,1146,0.5847930758254717,0,74096.83763896319,-0.25551265718724114,-0.7263678389001347,1686,0.4874182286614189,2,30021.05146723967
L_delay1030_fixed945,False,0.6007210516067676,-0.1877546802203608,604,0.5205700385434918,0,11075.320713234158,3.484551447954888,-0.303620338111943,498,0.604774878700429,0,37880.797775112,0.47837795161110086,-0.19253046058768175,61,0.7061589130211318,0,5914.898018898608,6.135443501641989,-0.26400536604550917,1251,0.5497116287950754,0,65160.81596801433,-0.18318052458966216,-0.7018311111694961,1806,0.45190937382994034,1,27996.191401661188
L_delay1030_weak_confirm,False,0.589823172449355,-0.19672426611816352,641,0.538312407153364,1,11252.52308064544,4.29086912721517,-0.3030775291168246,557,0.6055773734572036,0,40119.2494548338,0.32957139414649883,-0.21933731309388493,62,0.7063917568764999,0,5528.520693501317,6.93523006676132,-0.2652969063320111,1355,0.561883898990013,1,66407.19157867834,-0.22971451110693486,-0.7036318724520931,1878,0.47211857280392705,1,27809.00054493533
L_delay1030_early_weak,True,0.6066507462930388,-0.18286187364973872,611,0.5192570970679983,0,11085.195206962444,3.385479532128345,-0.303620338111943,495,0.6049349990840684,0,37693.63996165723,0.46710434887319807,-0.19253046058768175,62,0.7061983955543403,0,5884.192576801606,6.017432107533362,-0.26369441475114486,1256,0.5490284022043579,0,65111.88225663893,-0.1517802320821604,-0.6901742048943345,1802,0.4473884204738559,1,27861.571502158713
L_vwap_rising_fixed945,False,0.44357920459956723,-0.23319104173436467,547,0.5579887951453407,0,13399.065530433578,4.199213130151546,-0.256575681397732,447,0.6162105484070265,2,42345.28366845752,0.29401866233966123,-0.21455861210391092,56,0.7065557488303537,1,5412.734550338178,6.707647686448829,-0.2515182885034227,1114,0.583068547898637,0,69285.0474311775,-0.13425167464032162,-0.6613706061571647,1791,0.47709146126270296,0,29626.46839832101
L_vwap_rising_weak_confirm,False,0.45351555020735046,-0.23643417217192408,588,0.5767564088375117,0,13615.665642651948,5.051329567514677,-0.2573764565908846,528,0.6187190252106437,2,44439.13817532167,0.16458960573448667,-0.2411381397484842,58,0.707211391269331,1,5080.931105514267,7.900441943691076,-0.25348989786075726,1249,0.5967813583690564,1,72383.58846892763,-0.25121026561372506,-0.6810020207457359,1827,0.49761597035736865,0,28589.892470724903
L_vwap_rising_early_weak,False,0.4318685035590417,-0.22854667370920267,541,0.5558653677858839,2,13291.738030959052,4.08174970567234,-0.256575681397732,443,0.6164515683274523,2,42165.915167662475,0.28378425873262625,-0.21455861210391092,56,0.7065370255077642,1,5387.661457373926,6.514928545449487,-0.25143614609762654,1100,0.5826108521977487,2,68996.8926005186,-0.1296891573152782,-0.6598045876464768,1782,0.47598492786542085,0,29520.523485280293
L_opening_break_fixed945,False,0.43657455328280004,-0.23153603856264326,564,0.5185631196969991,0,11236.706897202701,3.595839406870885,-0.24821219344509204,468,0.6042717344471126,0,39120.114899119086,0.25231521009139923,-0.21779617893308179,65,0.7063335164746753,0,5244.509268600251,5.822454378387035,-0.24190692001594116,1156,0.5573326599291015,1,64395.42169296312,-0.16708408783650208,-0.6529232692966926,1814,0.4501077250281107,0,26602.08049650133
L_opening_break_weak_confirm,False,0.44954973913758023,-0.23020836604286232,604,0.5395717355111239,0,11569.679262421967,4.460942987028544,-0.2496830907034603,540,0.6062082826370483,0,41666.587411455665,0.12818118259818134,-0.24327424623707639,63,0.7067983772009765,0,4928.25143181872,6.899891174041912,-0.24403956685680073,1275,0.5712784857771054,1,67460.74589809525,-0.25601634844828736,-0.6696675431215069,1858,0.47438921738675927,0,25852.68461328928
L_opening_break_early_weak,False,0.44536102401253697,-0.22816186605095434,569,0.5168112064827377,0,11271.501867465384,3.4827902513007762,-0.24821219344509204,471,0.6042002903315895,0,38944.319209224755,0.24273816311413232,-0.21779617893308179,62,0.7064619611836167,0,5229.312525867651,5.752783309935718,-0.24172817160318827,1164,0.5562906781595506,1,64662.06917428175,-0.10481482392229191,-0.631087503577364,1812,0.44783691862871655,0,26804.731872292825
hold100,False,0.7913242324399998,-0.2842643988144937,3,0.9925488892485852,0,,2.8758160821600005,-0.4804709735638819,1,0.9936936385869959,0,,-0.24364810624,-0.3854265732025075,1,0.9813468985284609,0,,5.882414232440001,-0.4819713470171406,3,0.9881007770672963,0,,0.1388892102000001,-0.6456789014838318,2,0.9756015637291028,0,
