period,bar,condition,outcome,n,mean,median,positiveRate,wilsonLow,wilsonHigh,p10,baselineMean,meanDifference
discovery,3,all,to_close_old_inventory,1212,0.00042055244804088866,-0.001518178191291908,0.45792079207920794,0.4300478794399136,0.48605961350982585,-0.026394820814923923,0.00042055244804088866,0.0
discovery,3,gap_up1,to_close_old_inventory,128,0.0026995417368144755,-0.002882517057539946,0.3984375,0.31777446302868095,0.4850191923881222,-0.029038185599920628,0.00042055244804088866,0.002278989288773587
discovery,3,gap_down1,to_close_old_inventory,173,6.308584093096966e-05,0.00035323207347226493,0.5028901734104047,0.4291343002490021,0.5765204778122687,-0.03402839308765631,0.00042055244804088866,-0.000357466607109919
discovery,3,volume_strength,to_close_old_inventory,81,0.005456808640022307,-0.0013531799729364913,0.4567901234567901,0.352731535009501,0.564761770161547,-0.01848049281314179,0.00042055244804088866,0.005036256191981419
discovery,3,volume_weakness,to_close_old_inventory,44,0.00549537076414745,0.0036016443584639957,0.5454545454545454,0.4006593217065349,0.6829499221314639,-0.02534893441824363,0.00042055244804088866,0.005074818316106561
discovery,3,oversold_vwap_cross,to_close_old_inventory,69,0.0051009756540937685,0.0034995625546807574,0.5507246376811594,0.43378559191253313,0.6623133405656112,-0.018560503393334458,0.00042055244804088866,0.00468042320605288
discovery,3,all,to_next0945_new_buy,1211,0.0011097819327680865,-0.0014641288433380195,0.47398843930635837,0.4459918236410249,0.5021495636805814,-0.033950617283950435,0.0011097819327680865,0.0
discovery,3,gap_up1,to_next0945_new_buy,128,0.003990518744230534,-0.0006998099880192177,0.4921875,0.4070759798715471,0.5777543013143609,-0.036975739333074395,0.0011097819327680865,0.0028807368114624476
discovery,3,gap_down1,to_next0945_new_buy,173,0.0035622447012745462,0.0006997900629812648,0.5086705202312138,0.4347987143549146,0.5821656198288974,-0.03926488173910839,0.0011097819327680865,0.0024524627685064597
discovery,3,volume_strength,to_next0945_new_buy,81,0.007114899652142398,-0.0004880429477795989,0.49382716049382713,0.38771930018551176,0.6004940291246379,-0.03343239227340289,0.0011097819327680865,0.006005117719374312
discovery,3,volume_weakness,to_next0945_new_buy,43,0.008043980850791796,0.005871725383920445,0.5581395348837209,0.4110735806551171,0.6956691437607867,-0.0351993179032057,0.0011097819327680865,0.006934198918023709
discovery,3,oversold_vwap_cross,to_next0945_new_buy,69,0.004766644458681864,-0.0009115770282588365,0.4782608695652174,0.36468525497597737,0.5941294882476751,-0.03530323709623626,0.0011097819327680865,0.0036568625259137772
validation,3,all,to_close_old_inventory,359,0.0023849586024877315,-0.0002627430373096651,0.49025069637883006,0.4389157084527686,0.5417921265915041,-0.028299664702396178,0.0023849586024877315,0.0
validation,3,gap_up1,to_close_old_inventory,74,-0.002180167022673791,-0.004095711644178102,0.44594594594594594,0.33815638584551055,0.5590708037292155,-0.033705626158927394,0.0023849586024877315,-0.004565125625161523
validation,3,gap_down1,to_close_old_inventory,74,0.003109381265213585,-0.0014734310594373135,0.47297297297297297,0.36338517790283736,0.5852284168845255,-0.02817363927910984,0.0023849586024877315,0.0007244226627258535
validation,3,volume_strength,to_close_old_inventory,29,0.009085529536448814,0.006916486012181311,0.5517241379310345,0.37547667068067625,0.715870888512542,-0.017914765484540473,0.0023849586024877315,0.006700570933961083
validation,3,volume_weakness,to_close_old_inventory,12,0.009129390944842433,0.002143477554721218,0.5833333333333334,0.3195073356553728,0.8067425380947535,-0.01175440397955455,0.0023849586024877315,0.006744432342354702
validation,3,oversold_vwap_cross,to_close_old_inventory,18,0.005765244909265259,0.0013785362708560456,0.5555555555555556,0.3371606942825164,0.7544076889861088,-0.017155834103739775,0.0023849586024877315,0.003380286306777527
validation,3,all,to_next0945_new_buy,358,0.004539605932388379,0.0030085888253237325,0.5167597765363129,0.4650915551006661,0.5680721275715309,-0.044285324625334264,0.004539605932388379,0.0
validation,3,gap_up1,to_next0945_new_buy,74,0.002482325643479534,-0.003148786693180472,0.47297297297297297,0.36338517790283736,0.5852284168845255,-0.04455070251800227,0.004539605932388379,-0.0020572802889088446
validation,3,gap_down1,to_next0945_new_buy,74,0.0009260518608766791,-0.007385429559822632,0.40540540540540543,0.3009038972107517,0.5192436845450189,-0.05167100805909189,0.004539605932388379,-0.0036135540715116995
validation,3,volume_strength,to_next0945_new_buy,29,0.0194395201370244,0.017074047447879437,0.6551724137931034,0.47344776507155983,0.8005949125080951,-0.026274152565641515,0.004539605932388379,0.014899914204636022
validation,3,volume_weakness,to_next0945_new_buy,12,0.002756629126606356,-0.01385414389689038,0.25,0.08894003962896138,0.53231033912066,-0.03656817003628828,0.004539605932388379,-0.0017829768057820226
validation,3,oversold_vwap_cross,to_next0945_new_buy,18,0.005767906793716773,0.008545309582669747,0.6111111111111112,0.3861866858065617,0.7969500807306884,-0.018508219017812588,0.004539605932388379,0.001228300861328394
recent,3,all,to_close_old_inventory,66,-0.008435898407408646,-0.004604271061151077,0.4090909090909091,0.2986723457922731,0.5295102846171105,-0.051148064377381786,-0.008435898407408646,0.0
recent,3,gap_up1,to_close_old_inventory,21,-0.008304088693897935,-0.009781406821467997,0.42857142857142855,0.24469699486521043,0.6345378370296754,-0.05117497748300992,-0.008435898407408646,0.00013180971351071068
recent,3,gap_down1,to_close_old_inventory,21,-0.011448789088038718,-0.0023073373327181512,0.42857142857142855,0.24469699486521043,0.6345378370296754,-0.05112115127175365,-0.008435898407408646,-0.003012890680630072
recent,3,volume_strength,to_close_old_inventory,1,0.04258755525331526,0.04258755525331526,1.0,0.20654329147389294,1.0,0.04258755525331526,-0.008435898407408646,0.0510234536607239
recent,3,oversold_vwap_cross,to_close_old_inventory,2,0.04651112768447074,0.04651112768447074,1.0,0.34237195288961925,1.0,0.04482393155364957,-0.008435898407408646,0.05494702609187939
recent,3,all,to_next0945_new_buy,65,-0.0028435540916200348,-0.009536994308568025,0.46153846153846156,0.34590137149936684,0.5814681260137647,-0.04848661859216121,-0.0028435540916200348,0.0
recent,3,gap_up1,to_next0945_new_buy,20,0.007421257325142405,0.010779211276582212,0.65,0.43285051021946463,0.8188104521320554,-0.04023956821058454,-0.0028435540916200348,0.01026481141676244
recent,3,gap_down1,to_next0945_new_buy,21,-0.008475988910659175,-0.012154265679781728,0.3333333333333333,0.17194536432683688,0.5462692434278971,-0.05027667984189721,-0.0028435540916200348,-0.005632434819039141
recent,3,volume_strength,to_next0945_new_buy,1,0.07752465147908882,0.07752465147908882,1.0,0.20654329147389294,1.0,0.07752465147908882,-0.0028435540916200348,0.08036820557070885
recent,3,oversold_vwap_cross,to_next0945_new_buy,2,0.0411944725187845,0.0411944725187845,1.0,0.34237195288961925,1.0,0.009138626314467135,-0.0028435540916200348,0.04403802661040453
discovery,6,all,to_close_old_inventory,1212,0.0003734037533647845,-0.0012477988035040632,0.45957095709570955,0.4316851755240399,0.4877122196629646,-0.024007230946211933,0.0003734037533647845,0.0
discovery,6,gap_up1,to_close_old_inventory,128,0.0023427477848603287,-0.002344598126331865,0.4609375,0.3769796782209271,0.5471717277086126,-0.026383690700777604,0.0003734037533647845,0.001969344031495544
discovery,6,gap_down1,to_close_old_inventory,173,-0.0004560706030240698,-0.0020333468889792705,0.4508670520231214,0.3785889928639148,0.5252797800944843,-0.029340610694286683,0.0003734037533647845,-0.0008294743563888544
discovery,6,volume_strength,to_close_old_inventory,83,0.0004582218956816202,0.0,0.46987951807228917,0.36623168109196985,0.5761922263440977,-0.02494916795096831,0.0003734037533647845,8.481814231683568e-05
discovery,6,volume_weakness,to_close_old_inventory,46,-0.0003932219091603428,-0.005293063404185727,0.43478260869565216,0.3020904595919057,0.5775281722337178,-0.027167467169412318,0.0003734037533647845,-0.0007666256625251274
discovery,6,oversold_vwap_cross,to_close_old_inventory,36,0.0042552967458398695,-0.0006441696958243148,0.4444444444444444,0.2954102987654314,0.6041921268399659,-0.015333290179762205,0.0003734037533647845,0.003881892992475085
discovery,6,failed_open_break,to_close_old_inventory,67,0.0030071102275587855,-0.0010378827192526474,0.47761194029850745,0.36250188635242525,0.5951501147316833,-0.022086302530216616,0.0003734037533647845,0.002633706474194001
discovery,6,all,to_next0945_new_buy,1211,0.0010564209378667356,-0.0014925373134330178,0.46985962014863747,0.44188907736302685,0.4980207841366122,-0.03100000000000025,0.0010564209378667356,0.0
discovery,6,gap_up1,to_next0945_new_buy,128,0.0036175223967311503,-0.0012009197762257728,0.4921875,0.4070759798715471,0.5777543013143609,-0.03326399016368807,0.0010564209378667356,0.002561101458864415
discovery,6,gap_down1,to_next0945_new_buy,173,0.0030421985176425923,0.0017447657028912822,0.5202312138728323,0.4461564696155206,0.5934269768133739,-0.033502463526246196,0.0010564209378667356,0.001985777579775857
discovery,6,volume_strength,to_next0945_new_buy,83,0.002349548504230081,0.0012861736334404128,0.5180722891566265,0.4121756969766282,0.6223699585617313,-0.042521575984990734,0.0010564209378667356,0.0012931275663633456
discovery,6,volume_weakness,to_next0945_new_buy,46,0.002608745686817472,-0.007558405422702086,0.43478260869565216,0.3020904595919057,0.5775281722337178,-0.03171795834500646,0.0010564209378667356,0.0015523247489507362
discovery,6,oversold_vwap_cross,to_next0945_new_buy,36,0.0024490790816845873,0.0005754463408303989,0.5,0.34474067624730526,0.6552593237526947,-0.025300123456071244,0.0010564209378667356,0.0013926581438178517
discovery,6,failed_open_break,to_next0945_new_buy,67,0.005543046746621235,0.0017447657028912822,0.5223880597014925,0.40484988526831645,0.6374981136475746,-0.029198704726156575,0.0010564209378667356,0.004486625808754499
validation,6,all,to_close_old_inventory,359,0.001963630484822953,0.00024336821611092851,0.5069637883008357,0.4554471096184363,0.5583330082070832,-0.025820212398164052,0.001963630484822953,0.0
validation,6,gap_up1,to_close_old_inventory,74,-0.0006870918770782164,-0.0017858704089823152,0.43243243243243246,0.32565937789932076,0.5458746090690868,-0.029728339104342305,0.001963630484822953,-0.0026507223619011695
validation,6,gap_down1,to_close_old_inventory,74,0.0014268869098886655,-0.0005220476333818724,0.47297297297297297,0.36338517790283736,0.5852284168845255,-0.026978098633991775,0.001963630484822953,-0.0005367435749342876
validation,6,volume_strength,to_close_old_inventory,25,-0.0011234338996238956,0.0,0.48,0.30031003928960015,0.6650178204685269,-0.03157415790282027,0.001963630484822953,-0.003087064384446849
validation,6,volume_weakness,to_close_old_inventory,12,0.00837097525744046,0.0017536474902756227,0.5833333333333334,0.3195073356553728,0.8067425380947535,-0.011124237531115532,0.001963630484822953,0.006407344772617507
validation,6,oversold_vwap_cross,to_close_old_inventory,11,-0.000700085252695543,-0.0006973500697349255,0.45454545454545453,0.21270957543988045,0.7199122443100118,-0.02062422659150287,0.001963630484822953,-0.002663715737518496
validation,6,failed_open_break,to_close_old_inventory,22,0.0027415418912336716,0.002942484615032326,0.5454545454545454,0.34659473289041554,0.7307998556799515,-0.018706982106767255,0.001963630484822953,0.0007779114064107185
validation,6,all,to_next0945_new_buy,358,0.004163246815257078,0.003487156079117759,0.5335195530726257,0.48175942120651116,0.5845679441378825,-0.037962630210014434,0.004163246815257078,0.0
validation,6,gap_up1,to_next0945_new_buy,74,0.003941113592887344,-0.002942429329358176,0.4864864864864865,0.37611598006562663,0.5981908173280549,-0.03759017952681014,0.004163246815257078,-0.00022213322236973396
validation,6,gap_down1,to_next0945_new_buy,74,-0.0008345776428566178,-0.005660040082480056,0.43243243243243246,0.32565937789932076,0.5458746090690868,-0.041735611649974635,0.004163246815257078,-0.004997824458113696
validation,6,volume_strength,to_next0945_new_buy,25,0.007238041607843569,-0.0017639795378372458,0.44,0.2666537494700256,0.6293298298043557,-0.034410563657602776,0.004163246815257078,0.003074794792586491
validation,6,volume_weakness,to_next0945_new_buy,12,0.0020981451999961356,-0.013838688733229465,0.25,0.08894003962896138,0.53231033912066,-0.03482119516968291,0.004163246815257078,-0.002065101615260942
validation,6,oversold_vwap_cross,to_next0945_new_buy,11,0.009380255091440944,0.0017766497461926267,0.5454545454545454,0.28008775568998817,0.7872904245601196,-0.037351880473982524,0.004163246815257078,0.005217008276183866
validation,6,failed_open_break,to_next0945_new_buy,22,0.00938506767223879,0.0056768579851161904,0.6818181818181818,0.47318222782839336,0.8363961264530752,-0.01301351680806324,0.004163246815257078,0.005221820856981712
recent,6,all,to_close_old_inventory,66,-0.004885826633169637,-0.006693824539934612,0.42424242424242425,0.31242322955377905,0.5443956291207072,-0.04360405075872925,-0.004885826633169637,0.0
recent,6,gap_up1,to_close_old_inventory,21,-0.0030342941656062465,-0.0023993144815767087,0.47619047619047616,0.28343712296762946,0.6763078209973324,-0.04562675012353823,-0.004885826633169637,0.0018515324675633903
recent,6,gap_down1,to_close_old_inventory,21,-0.013447313054208734,-0.009549564776472508,0.2857142857142857,0.13813675745628204,0.49956773822837586,-0.03950953678474112,-0.004885826633169637,-0.008561486421039096
recent,6,volume_strength,to_close_old_inventory,1,0.029893357964564604,0.029893357964564604,1.0,0.20654329147389294,1.0,0.029893357964564604,-0.004885826633169637,0.03477918459773424
recent,6,volume_weakness,to_close_old_inventory,1,0.02252028481536672,0.02252028481536672,1.0,0.20654329147389294,1.0,0.02252028481536672,-0.004885826633169637,0.027406111448536358
recent,6,failed_open_break,to_close_old_inventory,5,-0.02976428530346762,-0.020066040132080354,0.2,0.03622316096978745,0.6244717358814613,-0.06335048008533051,-0.004885826633169637,-0.024878458670297983
recent,6,all,to_next0945_new_buy,65,0.000708716421115064,-0.004063026459221075,0.4307692307692308,0.31759267537345776,0.5516724201501791,-0.045512106211869206,0.000708716421115064,0.0
recent,6,gap_up1,to_next0945_new_buy,20,0.012755935616543918,0.011947322268864857,0.65,0.43285051021946463,0.8188104521320554,-0.04456187576164718,0.000708716421115064,0.012047219195428853
recent,6,gap_down1,to_next0945_new_buy,21,-0.01058638522765845,-0.012769602117885248,0.2857142857142857,0.13813675745628204,0.49956773822837586,-0.0455989831585637,0.000708716421115064,-0.011295101648773514
recent,6,volume_strength,to_next0945_new_buy,1,0.0644050717944411,0.0644050717944411,1.0,0.20654329147389294,1.0,0.0644050717944411,0.000708716421115064,0.06369635537332605
recent,6,volume_weakness,to_next0945_new_buy,1,0.04255671468786226,0.04255671468786226,1.0,0.20654329147389294,1.0,0.04255671468786226,0.000708716421115064,0.0418479982667472
recent,6,failed_open_break,to_next0945_new_buy,5,-0.022969473297261754,-0.020658707984082647,0.4,0.1176182311592533,0.769280067791163,-0.06082628432019517,0.000708716421115064,-0.02367818971837682
discovery,12,all,to_close_old_inventory,1212,0.0003458469572147329,-0.0013831794474457038,0.4430693069306931,0.41532612746786535,0.47117224534648805,-0.01888736486267557,0.0003458469572147329,0.0
discovery,12,gap_up1,to_close_old_inventory,128,0.002057753150794833,-0.001971448241756657,0.4375,0.35462168452480924,0.5240205649624543,-0.022366627407127068,0.0003458469572147329,0.0017119061935801
discovery,12,gap_down1,to_close_old_inventory,173,-0.0002465063843779594,-0.002086438152011927,0.3872832369942196,0.31789279094599,0.4615708646644546,-0.02458339235771163,0.0003458469572147329,-0.0005923533415926923
discovery,12,volume_strength,to_close_old_inventory,87,0.002035954202181901,0.0,0.45977011494252873,0.3589691971689781,0.5639735955603442,-0.019145059166845235,0.0003458469572147329,0.001690107244967168
discovery,12,volume_weakness,to_close_old_inventory,47,-0.001684027256718889,-0.0060975609756097615,0.3191489361702128,0.2039520381739899,0.4616761088552146,-0.026007466217992478,0.0003458469572147329,-0.0020298742139336218
discovery,12,oversold_vwap_cross,to_close_old_inventory,33,0.0002879096114126296,-0.00619514713474445,0.42424242424242425,0.272353589950299,0.5919302630853998,-0.014966740576496673,0.0003458469572147329,-5.79373458021033e-05
discovery,12,failed_open_break,to_close_old_inventory,134,0.0009117958214502756,-0.00015688735487923156,0.47761194029850745,0.39484621251317825,0.5616255637865747,-0.020534153185084836,0.0003458469572147329,0.0005659488642355427
discovery,12,all,to_next0945_new_buy,1211,0.001031186545168755,-0.0005268703898843041,0.48720066061106526,0.45913349663717845,0.5153487733147232,-0.02848344880677467,0.001031186545168755,0.0
discovery,12,gap_up1,to_next0945_new_buy,128,0.0033125233299714976,0.001389361953552548,0.53125,0.4451521555712906,0.6155267196850777,-0.03236056944884782,0.001031186545168755,0.0022813367848027425
discovery,12,gap_down1,to_next0945_new_buy,173,0.003206500343071366,0.0038647342995170586,0.5433526011560693,0.4689880339599482,0.6158336369591115,-0.03139700022930943,0.001031186545168755,0.002175313797902611
discovery,12,volume_strength,to_next0945_new_buy,87,0.008400320343676956,0.0023999999999999577,0.5747126436781609,0.4698369712299657,0.6732692708441501,-0.03063639855194842,0.001031186545168755,0.0073691337985082005
discovery,12,volume_weakness,to_next0945_new_buy,47,0.0005820466146436484,-0.003278688524590123,0.40425531914893614,0.27639828961388174,0.5465813176368735,-0.024952863101530665,0.001031186545168755,-0.0004491399305251067
discovery,12,oversold_vwap_cross,to_next0945_new_buy,33,0.0037380460411338204,0.0010735373054211461,0.5151515151515151,0.3521810458621024,0.6749621835307578,-0.02737806462088006,0.001031186545168755,0.0027068594959650653
discovery,12,failed_open_break,to_next0945_new_buy,134,0.0023835091055212296,0.0006044805967354572,0.5149253731343284,0.4310745095399619,0.597944306260203,-0.03020248373924561,0.001031186545168755,0.0013523225603524745
validation,12,all,to_close_old_inventory,359,0.0010547242828242264,0.0,0.48467966573816157,0.4334178846191305,0.5362658561647268,-0.01918610477980225,0.0010547242828242264,0.0
validation,12,gap_up1,to_close_old_inventory,74,0.0003830803352990764,0.00045876723420179566,0.5135135135135135,0.40180918267194504,0.6238840199343733,-0.021692254300469782,0.0010547242828242264,-0.00067164394752515
validation,12,gap_down1,to_close_old_inventory,74,0.0004449651186080092,-0.0012330344745934418,0.43243243243243246,0.32565937789932076,0.5458746090690868,-0.02314477123089558,0.0010547242828242264,-0.0006097591642162173
validation,12,volume_strength,to_close_old_inventory,22,0.005845988635393384,0.0015296225207186431,0.5454545454545454,0.34659473289041554,0.7307998556799515,-0.010368790354344081,0.0010547242828242264,0.004791264352569157
validation,12,volume_weakness,to_close_old_inventory,9,0.004299433133581683,0.0036014405762303525,0.6666666666666666,0.35419734749908977,0.879418401317257,-0.019758432683698125,0.0010547242828242264,0.0032447088507574565
validation,12,oversold_vwap_cross,to_close_old_inventory,6,0.003720086029083062,-0.005762538043686427,0.3333333333333333,0.09676933255921683,0.7000116786584712,-0.011601106780606552,0.0010547242828242264,0.0026653617462588357
validation,12,failed_open_break,to_close_old_inventory,40,0.0034223018086343205,0.000796636931985506,0.525,0.37497106853929735,0.6706477044981831,-0.012244038857026284,0.0010547242828242264,0.0023675775258100943
validation,12,all,to_next0945_new_buy,358,0.003239917397244751,0.0031508432546261123,0.5307262569832403,0.4789774488335566,0.5818226360654712,-0.03682456981923499,0.003239917397244751,0.0
validation,12,gap_up1,to_next0945_new_buy,74,0.004995377831364237,0.0037109870734212125,0.5405405405405406,0.42781145210146765,0.6492681557174879,-0.034752594939564785,0.003239917397244751,0.0017554604341194855
validation,12,gap_down1,to_next0945_new_buy,74,-0.001821682183272834,-0.005520121538494849,0.44594594594594594,0.33815638584551055,0.5590708037292155,-0.03980813877559194,0.003239917397244751,-0.005061599580517585
validation,12,volume_strength,to_next0945_new_buy,22,0.011969887973758864,0.004443461595164511,0.5454545454545454,0.34659473289041554,0.7307998556799515,-0.023889654427418115,0.003239917397244751,0.008729970576514113
validation,12,volume_weakness,to_next0945_new_buy,9,-0.002871307622938832,-0.006833712984054663,0.3333333333333333,0.12058159868274293,0.6458026525009102,-0.019831971280894267,0.003239917397244751,-0.006111225020183584
validation,12,oversold_vwap_cross,to_next0945_new_buy,6,0.01982929083996478,0.014526909653156728,0.6666666666666666,0.29998832134152864,0.9032306674407831,-0.02143021085416491,0.003239917397244751,0.016589373442720032
validation,12,failed_open_break,to_next0945_new_buy,40,0.00884719952087688,0.007408307367816724,0.65,0.4950559699353738,0.7786566682895086,-0.0296483953248873,0.003239917397244751,0.005607282123632129
recent,12,all,to_close_old_inventory,66,-0.003095126600806156,-0.0016230639895050691,0.4696969696969697,0.354302309719119,0.5884252337506756,-0.0320784955817926,-0.003095126600806156,0.0
recent,12,gap_up1,to_close_old_inventory,21,-0.002422039345092463,-0.0028265524625267213,0.42857142857142855,0.24469699486521043,0.6345378370296754,-0.030656212474394318,-0.003095126600806156,0.000673087255713693
recent,12,gap_down1,to_close_old_inventory,21,-0.008703754786494338,-0.009981999672721287,0.3333333333333333,0.17194536432683688,0.5462692434278971,-0.03480851063829793,-0.003095126600806156,-0.005608628185688182
recent,12,volume_strength,to_close_old_inventory,2,-0.006341517902213933,-0.006341517902213933,0.5,0.09452865480086614,0.9054713451991339,-0.021921918743066638,-0.003095126600806156,-0.0032463913014077776
recent,12,oversold_vwap_cross,to_close_old_inventory,4,0.011743614261377988,0.015899941177842325,0.75,0.3006360524426366,0.9544139373553637,-0.0006179313602728822,-0.003095126600806156,0.014838740862184143
recent,12,failed_open_break,to_close_old_inventory,10,-0.015141251631934749,-0.01366659249647928,0.2,0.056680947980693314,0.5098431532792765,-0.046665153399127024,-0.003095126600806156,-0.012046125031128594
recent,12,all,to_next0945_new_buy,65,0.002346580546820277,-0.0017737984627079761,0.46153846153846156,0.34590137149936684,0.5814681260137647,-0.035557701719974584,0.002346580546820277,0.0
recent,12,gap_up1,to_next0945_new_buy,20,0.012848694372071933,0.004460429403483013,0.55,0.3420820083075997,0.7418049791429071,-0.016963090437869553,0.002346580546820277,0.010502113825251656
recent,12,gap_down1,to_next0945_new_buy,21,-0.0058481320717181295,-0.0034042553191490077,0.42857142857142855,0.24469699486521043,0.6345378370296754,-0.03918746001279594,0.002346580546820277,-0.008194712618538406
recent,12,volume_strength,to_next0945_new_buy,2,0.023425049712640866,0.023425049712640866,0.5,0.09452865480086614,0.9054713451991339,0.004497817055857867,0.002346580546820277,0.02107846916582059
recent,12,oversold_vwap_cross,to_next0945_new_buy,4,0.001781465573690716,-0.001366871575723072,0.5,0.15003570882017148,0.8499642911798285,-0.027512343474360677,0.002346580546820277,-0.0005651149731295611
recent,12,failed_open_break,to_next0945_new_buy,10,-0.010038178694421007,-0.004367877079129112,0.4,0.16817758120350967,0.6873304525498135,-0.04419594270206634,0.002346580546820277,-0.012384759241241284
discovery,30,all,to_close_old_inventory,1212,0.00011986097770136821,-0.0002803092697156173,0.44884488448844884,0.421048271319712,0.4769647593250692,-0.011624390472618273,0.00011986097770136821,0.0
discovery,30,gap_up1,to_close_old_inventory,128,-0.0002229625532962293,-0.001974535528968535,0.3984375,0.31777446302868095,0.4850191923881222,-0.01399744679375513,0.00011986097770136821,-0.00034282353099759753
discovery,30,gap_down1,to_close_old_inventory,173,-0.00015524025938696564,-0.0009760858955587537,0.4508670520231214,0.3785889928639148,0.5252797800944843,-0.013404934366066068,0.00011986097770136821,-0.00027510123708833386
discovery,30,volume_strength,to_close_old_inventory,83,0.0005986677557415522,0.0,0.39759036144578314,0.299087663224007,0.5051536220586227,-0.010277580163656985,0.00011986097770136821,0.000478806778040184
discovery,30,volume_weakness,to_close_old_inventory,40,-0.0015697239679745318,-0.003099963416864804,0.375,0.2422277353579172,0.529678399454681,-0.012094177751048329,0.00011986097770136821,-0.0016895849456759
discovery,30,oversold_vwap_cross,to_close_old_inventory,15,0.002526130756347637,0.001378359751895264,0.6,0.357464427565077,0.8017577191740534,-0.00538586913521637,0.00011986097770136821,0.002406269778646269
discovery,30,failed_open_break,to_close_old_inventory,255,0.0005657052244934327,0.0,0.4588235294117647,0.39872561500653014,0.5201436857550166,-0.012096780162104892,0.00011986097770136821,0.0004458442467920645
discovery,30,all,to_next0945_new_buy,1211,0.0007886008549510422,-0.0007836990595611049,0.47811725846407926,0.45009648889622506,0.5062764242473486,-0.024165707710011586,0.0007886008549510422,0.0
discovery,30,gap_up1,to_next0945_new_buy,128,0.0009182565962673733,0.0012434777285394993,0.5078125,0.4222456986856391,0.5929240201284529,-0.029624892552739708,0.0007886008549510422,0.00012965574131633103
discovery,30,gap_down1,to_next0945_new_buy,173,0.0032686713634124138,0.0030864197530864335,0.5491329479768786,0.4747202199055158,0.6214110071360852,-0.02322215633163969,0.0007886008549510422,0.0024800705084613715
discovery,30,volume_strength,to_next0945_new_buy,83,0.0067381681460568135,-0.0005887547836327389,0.4819277108433735,0.3776300414382687,0.5878243030233717,-0.02588179350873654,0.0007886008549510422,0.005949567291105771
discovery,30,volume_weakness,to_next0945_new_buy,40,-0.0016028341373081844,-0.0038047742428056752,0.425,0.28509168524815875,0.5780519956394001,-0.027850571584104495,0.0007886008549510422,-0.0023914349922592266
discovery,30,oversold_vwap_cross,to_next0945_new_buy,15,0.004642635238451476,-0.00391236306729259,0.4666666666666667,0.24809225259746442,0.6988336984894921,-0.01882582466162559,0.0007886008549510422,0.0038540343835004333
discovery,30,failed_open_break,to_next0945_new_buy,255,0.0007940340582841465,-0.0009779951100241657,0.4666666666666667,0.4063820163291964,0.5279407509539606,-0.023640609877654237,0.0007886008549510422,5.4332033331042605e-06
validation,30,all,to_close_old_inventory,359,0.0007585686022875881,8.767315448010571e-05,0.5013927576601671,0.4499303227000219,0.552825700865082,-0.010828879584188121,0.0007585686022875881,0.0
validation,30,gap_up1,to_close_old_inventory,74,-0.0005271808519171549,0.0,0.4594594594594595,0.35073184428251214,0.5721885478985324,-0.012842961332929602,0.0007585686022875881,-0.001285749454204743
validation,30,gap_down1,to_close_old_inventory,74,0.001150367190577071,0.0,0.4864864864864865,0.37611598006562663,0.5981908173280549,-0.011766917707381894,0.0007585686022875881,0.00039179858828948294
validation,30,volume_strength,to_close_old_inventory,23,-0.00046199463489293713,0.0,0.34782608695652173,0.18811054636982238,0.5511002309310836,-0.008077474752860891,0.0007585686022875881,-0.0012205632371805252
validation,30,volume_weakness,to_close_old_inventory,8,-0.0036875068329136895,-0.0051002411355549615,0.125,0.02241690886329617,0.4708948057698615,-0.009964402362076463,0.0007585686022875881,-0.004446075435201278
validation,30,oversold_vwap_cross,to_close_old_inventory,4,-0.003598900040832298,-0.003413230039902848,0.25,0.045586062644636216,0.6993639475573634,-0.007980834350072874,0.0007585686022875881,-0.004357468643119886
validation,30,failed_open_break,to_close_old_inventory,84,0.001188361179234671,0.0007979797143752299,0.5595238095238095,0.4530690997323842,0.6607721782042654,-0.011063068667559928,0.0007585686022875881,0.0004297925769470828
validation,30,all,to_next0945_new_buy,358,0.002947672427838862,0.0023580760984778237,0.5279329608938548,0.47619707626644225,0.5790757281872192,-0.03104898599339972,0.002947672427838862,0.0
validation,30,gap_up1,to_next0945_new_buy,74,0.0040022097020755145,-0.00274555505709978,0.47297297297297297,0.36338517790283736,0.5852284168845255,-0.029193620392191953,0.002947672427838862,0.0010545372742366524
validation,30,gap_down1,to_next0945_new_buy,74,-0.0011988192770151461,-0.0008516206391290249,0.4594594594594595,0.35073184428251214,0.5721885478985324,-0.04134789293525668,0.002947672427838862,-0.004146491704854008
validation,30,volume_strength,to_next0945_new_buy,23,0.010287361677213065,0.004032258064516014,0.5217391304347826,0.3296242986421849,0.7076313046005427,-0.01845236118042768,0.002947672427838862,0.0073396892493742035
validation,30,volume_weakness,to_next0945_new_buy,8,-0.03863971173600353,-0.02833706189410884,0.0,0.0,0.3244156195108769,-0.08962515504455618,0.002947672427838862,-0.04158738416384239
validation,30,oversold_vwap_cross,to_next0945_new_buy,4,0.001224723437671299,-7.215423689643785e-07,0.5,0.15003570882017148,0.8499642911798285,-0.01930197116364126,0.002947672427838862,-0.0017229489901675631
validation,30,failed_open_break,to_next0945_new_buy,84,0.0018760566536813632,0.001588442769315912,0.5357142857142857,0.42984527122776917,0.6384594955342207,-0.03355727482959435,0.002947672427838862,-0.001071615774157499
recent,30,all,to_close_old_inventory,66,-0.0019511548111702777,-0.0016075350525860954,0.4090909090909091,0.2986723457922731,0.5295102846171105,-0.018247483005907728,-0.0019511548111702777,0.0
recent,30,gap_up1,to_close_old_inventory,21,-0.0028615638626663547,-0.001834569673765718,0.3333333333333333,0.17194536432683688,0.5462692434278971,-0.014813408033425124,-0.0019511548111702777,-0.000910409051496077
recent,30,gap_down1,to_close_old_inventory,21,-0.003290607191360804,-0.0027200000000000557,0.38095238095238093,0.20750767797982506,0.5912170418449848,-0.01872691349540412,-0.0019511548111702777,-0.0013394523801905263
recent,30,volume_strength,to_close_old_inventory,1,0.001387981711299835,0.001387981711299835,1.0,0.20654329147389294,1.0,0.001387981711299835,-0.0019511548111702777,0.0033391365224701127
recent,30,oversold_vwap_cross,to_close_old_inventory,1,-0.00023121387283242534,-0.00023121387283242534,0.0,0.0,0.7934567085261071,-0.00023121387283242534,-0.0019511548111702777,0.0017199409383378524
recent,30,failed_open_break,to_close_old_inventory,20,-0.004581465817296343,-0.005161992243935876,0.35,0.18118954786794464,0.5671494897805354,-0.019374823212271852,-0.0019511548111702777,-0.0026303110061260656
recent,30,all,to_next0945_new_buy,65,0.003044395547309343,0.004026258205689137,0.5692307692307692,0.44832757984982086,0.6824073246265422,-0.03367614218178989,0.003044395547309343,0.0
recent,30,gap_up1,to_next0945_new_buy,20,0.010821810004250166,0.013179654615611769,0.7,0.4810232237710206,0.854524726031006,-0.02329170526416463,0.003044395547309343,0.007777414456940823
recent,30,gap_down1,to_next0945_new_buy,21,-0.0002614776781823351,0.0004090314136127038,0.5238095238095238,0.32369217900266756,0.7165628770323705,-0.03026878682702394,0.003044395547309343,-0.003305873225491678
recent,30,volume_strength,to_next0945_new_buy,1,0.03494448073154799,0.03494448073154799,1.0,0.20654329147389294,1.0,0.03494448073154799,0.003044395547309343,0.03190008518423865
recent,30,oversold_vwap_cross,to_next0945_new_buy,1,-0.007475915221579976,-0.007475915221579976,0.0,0.0,0.7934567085261071,-0.007475915221579976,0.003044395547309343,-0.010520310768889318
recent,30,failed_open_break,to_next0945_new_buy,20,0.004620174214395317,0.008868864576439095,0.6,0.3865779423152061,0.7811960325858074,-0.03607528473358755,0.003044395547309343,0.001575778667085974
discovery,36,all,to_close_old_inventory,1212,0.0002060513957113458,0.0,0.47277227722772275,0.44479461922468494,0.5009219938604405,-0.008418069317640874,0.0002060513957113458,0.0
discovery,36,gap_up1,to_close_old_inventory,128,0.0010147226600392785,-0.00013119916032533485,0.4296875,0.34721027760971723,0.5162622530634542,-0.010809727295294136,0.0002060513957113458,0.0008086712643279327
discovery,36,gap_down1,to_close_old_inventory,173,-0.00047784122103177704,-0.0012067578439259874,0.42196531791907516,0.3508495094795397,0.4964714828661529,-0.010352582676242617,0.0002060513957113458,-0.0006838926167431229
discovery,36,volume_strength,to_close_old_inventory,87,0.00040390351462980925,0.0,0.47126436781609193,0.3698208820020664,0.5751382556617353,-0.00880493650025378,0.0002060513957113458,0.00019785211891846344
discovery,36,volume_weakness,to_close_old_inventory,36,7.98166669683119e-05,-0.0017817030515771548,0.3888888888888889,0.24784655417822943,0.5513582970325652,-0.01087660439167476,0.0002060513957113458,-0.0001262347287430339
discovery,36,oversold_vwap_cross,to_close_old_inventory,10,0.0011409184046165088,-0.001392114832307223,0.4,0.16817758120350967,0.6873304525498135,-0.005478988597003942,0.0002060513957113458,0.000934867008905163
discovery,36,failed_open_break,to_close_old_inventory,267,-0.00015066263203123624,0.00048661800486615725,0.50187265917603,0.4422983432334619,0.5613938517616939,-0.009790662026137386,0.0002060513957113458,-0.00035671402774258205
discovery,36,all,to_next0945_new_buy,1211,0.000877773728081548,-0.0005260389268807453,0.48224607762180016,0.454203070854948,0.5104013681105928,-0.02350813743218816,0.000877773728081548,0.0
discovery,36,gap_up1,to_next0945_new_buy,128,0.0021627193847095433,0.00019584802193506334,0.5078125,0.4222456986856391,0.5929240201284529,-0.025521932057903707,0.000877773728081548,0.0012849456566279955
discovery,36,gap_down1,to_next0945_new_buy,173,0.0029371087015635693,0.003883495145631244,0.5549132947976878,0.4804621796042874,0.6269786035598548,-0.02366733704663142,0.000877773728081548,0.0020593349734820215
discovery,36,volume_strength,to_next0945_new_buy,87,0.004761078407114206,-0.002865329512894199,0.4367816091954023,0.33742375517786577,0.5414863476824979,-0.026084124830393574,0.000877773728081548,0.0038833046790326584
discovery,36,volume_weakness,to_next0945_new_buy,36,-0.0014006324635862193,-0.0003223726627981649,0.4722222222222222,0.31985792907209337,0.6299432837306054,-0.032124868541076324,0.000877773728081548,-0.0022784061916677673
discovery,36,oversold_vwap_cross,to_next0945_new_buy,10,-0.0006006409499458743,-0.0018414100001971079,0.4,0.16817758120350967,0.6873304525498135,-0.010072707234342925,0.000877773728081548,-0.0014784146780274223
discovery,36,failed_open_break,to_next0945_new_buy,267,0.00048321124710476763,0.0,0.4943820224719101,0.43491724719134284,0.5540061678231896,-0.024741717168781062,0.000877773728081548,-0.0003945624809767803
validation,36,all,to_close_old_inventory,359,0.0005351581651653011,0.0,0.49303621169916434,0.44166699179291685,0.5445528903815637,-0.00832675133985179,0.0005351581651653011,0.0
validation,36,gap_up1,to_close_old_inventory,74,0.0003008392478196824,0.0,0.43243243243243246,0.32565937789932076,0.5458746090690868,-0.008353608899460473,0.0005351581651653011,-0.00023431891734561875
validation,36,gap_down1,to_close_old_inventory,74,-7.165147144180441e-05,-0.0002134873870587306,0.4594594594594595,0.35073184428251214,0.5721885478985324,-0.009113510836401972,0.0005351581651653011,-0.0006068096366071055
validation,36,volume_strength,to_close_old_inventory,20,0.0019395415566362928,0.00019685039370076485,0.5,0.2992949144298199,0.7007050855701801,-0.002986092902075388,0.0005351581651653011,0.0014043833914709916
validation,36,volume_weakness,to_close_old_inventory,9,-0.0021022665653625725,-0.001803833145433975,0.3333333333333333,0.12058159868274293,0.6458026525009102,-0.00939328482301185,0.0005351581651653011,-0.0026374247305278736
validation,36,oversold_vwap_cross,to_close_old_inventory,3,0.003748520046072512,0.0018270401948841108,0.6666666666666666,0.2076549551264879,0.9385096847238394,-0.001514242137240318,0.0005351581651653011,0.003213361880907211
validation,36,failed_open_break,to_close_old_inventory,83,0.00026039419862059767,0.0007900974453516341,0.5301204819277109,0.42380777365590233,0.6337683189080303,-0.009625516404515743,0.0005351581651653011,-0.00027476396654470346
validation,36,all,to_next0945_new_buy,358,0.0026928280664162804,0.0014887319419850664,0.5335195530726257,0.48175942120651116,0.5845679441378825,-0.027558998120277966,0.0026928280664162804,0.0
validation,36,gap_up1,to_next0945_new_buy,74,0.004803785298009844,2.220446049250313e-16,0.5135135135135135,0.40180918267194504,0.6238840199343733,-0.024201269202848374,0.0026928280664162804,0.0021109572315935634
validation,36,gap_down1,to_next0945_new_buy,74,-0.0024511882495366006,-0.0022621729437897198,0.4594594594594595,0.35073184428251214,0.5721885478985324,-0.035220631458049746,0.0026928280664162804,-0.005144016315952881
validation,36,volume_strength,to_next0945_new_buy,20,0.012210329497646827,0.0028573927682848943,0.6,0.3865779423152061,0.7811960325858074,-0.0187458689243815,0.0026928280664162804,0.009517501431230547
validation,36,volume_weakness,to_next0945_new_buy,9,-0.03170502099879603,-0.02328966521106246,0.1111111111111111,0.019890371327130535,0.4350062147680601,-0.0786995427152867,0.0026928280664162804,-0.034397849065212316
validation,36,oversold_vwap_cross,to_next0945_new_buy,3,0.020995789540276144,0.03200344431687707,0.6666666666666666,0.2076549551264879,0.9385096847238394,-0.01016447557024218,0.0026928280664162804,0.018302961473859864
validation,36,failed_open_break,to_next0945_new_buy,83,0.0005339993952888203,0.0,0.4939759036144578,0.38908687956649984,0.5993979019207136,-0.030397339493251314,0.0026928280664162804,-0.0021588286711274603
recent,36,all,to_close_old_inventory,66,-0.0006509346316656443,-8.748141020031852e-05,0.4393939393939394,0.32627930124012827,0.5591757856994607,-0.013578178172091782,-0.0006509346316656443,0.0
recent,36,gap_up1,to_close_old_inventory,21,-0.0016009542720975994,0.0,0.47619047619047616,0.28343712296762946,0.6763078209973324,-0.011874539349766677,-0.0006509346316656443,-0.000950019640431955
recent,36,gap_down1,to_close_old_inventory,21,-0.0017551301054012924,-0.0030625638034125213,0.3333333333333333,0.17194536432683688,0.5462692434278971,-0.012725254078059689,-0.0006509346316656443,-0.001104195473735648
recent,36,volume_strength,to_close_old_inventory,1,0.001387981711299835,0.001387981711299835,1.0,0.20654329147389294,1.0,0.001387981711299835,-0.0006509346316656443,0.0020389163429654794
recent,36,failed_open_break,to_close_old_inventory,24,-0.0016598227242737434,-0.003008091991911377,0.3333333333333333,0.17971978688379642,0.5329404050591954,-0.013997226977736631,-0.0006509346316656443,-0.001008888092608099
recent,36,all,to_next0945_new_buy,65,0.004267341057729393,0.005379797655371776,0.5538461538461539,0.4333760431730088,0.6683066603086071,-0.031239177201289457,0.004267341057729393,0.0
recent,36,gap_up1,to_next0945_new_buy,20,0.01180056026968484,0.01860033698252428,0.75,0.5312949900419365,0.888139947210597,-0.01381851611346222,0.004267341057729393,0.007533219211955447
recent,36,gap_down1,to_next0945_new_buy,21,0.0013604036288045501,-0.00016351892731580886,0.47619047619047616,0.28343712296762946,0.6763078209973324,-0.033467974610502105,0.004267341057729393,-0.002906937428924843
recent,36,volume_strength,to_next0945_new_buy,1,0.03494448073154799,0.03494448073154799,1.0,0.20654329147389294,1.0,0.03494448073154799,0.004267341057729393,0.030677139673818597
recent,36,failed_open_break,to_next0945_new_buy,24,0.009788346898894346,0.011556291883011882,0.7083333333333334,0.508319363412903,0.8508553966583573,-0.014637406511352369,0.004267341057729393,0.005521005841164953
