base,start,end,name,changedDays,eligible,score
D,2023-10-09,2024-12-31,D_base,0,True,0.036370426131668576
D,2023-10-09,2024-12-31,D_retain,26,False,0.052116174015935934
D,2023-10-09,2024-12-31,D_morning,17,True,0.17296860440655348
D,2023-12-18,2024-12-31,D_base,0,True,0.057006804585611026
D,2023-12-18,2024-12-31,D_retain,26,False,0.09171325062230079
D,2023-12-18,2024-12-31,D_morning,15,True,0.2224864611340251
D,2024-03-15,2025-03-31,D_base,0,True,0.039020842886428875
D,2024-03-15,2025-03-31,D_retain,16,False,0.05194035802898472
D,2024-03-15,2025-03-31,D_morning,10,True,0.07892932852564571
D,2024-06-17,2025-06-30,D_base,0,True,-0.02787910325873827
D,2024-06-17,2025-06-30,D_retain,12,True,-0.026334416695935337
D,2024-06-17,2025-06-30,D_morning,13,True,0.02934227471669537
D,2024-09-19,2025-09-30,D_base,0,True,0.27789901879107587
D,2024-09-19,2025-09-30,D_retain,23,True,0.388587548992511
D,2024-09-19,2025-09-30,D_morning,18,True,0.3136738729492822
D,2024-12-19,2025-12-31,D_base,0,True,0.25951979907062867
D,2024-12-19,2025-12-31,D_retain,20,True,0.28537327905568466
D,2024-12-19,2025-12-31,D_morning,20,True,0.25755629419286274
D,2025-03-18,2026-03-31,D_base,0,True,0.3387397815895166
D,2025-03-18,2026-03-31,D_retain,25,False,0.2821391580635472
D,2025-03-18,2026-03-31,D_morning,22,True,0.33846838161502407
D,2025-06-17,2026-06-30,D_base,0,True,0.8065596513963598
D,2025-06-17,2026-06-30,D_retain,38,False,0.6730542331926928
D,2025-06-17,2026-06-30,D_morning,25,True,0.6975805360360499
D,2025-09-16,2026-09-30,D_base,0,True,0.7653333054812643
D,2025-09-16,2026-09-30,D_retain,29,True,0.6204265562108471
D,2025-09-16,2026-09-30,D_morning,21,True,0.6322515089154035
L,2023-10-09,2024-12-31,L_base,0,True,-0.04492305531301627
L,2023-10-09,2024-12-31,L_retain,26,False,-0.010415156533901015
L,2023-10-09,2024-12-31,L_morning,17,True,0.09086376427964238
L,2023-12-18,2024-12-31,L_base,0,True,-0.0011294030959635992
L,2023-12-18,2024-12-31,L_retain,26,False,0.04742072125488811
L,2023-12-18,2024-12-31,L_morning,15,True,0.15342925422076886
L,2024-03-15,2025-03-31,L_base,0,True,-0.026465706396496536
L,2024-03-15,2025-03-31,L_retain,16,False,-0.0056650327444849324
L,2024-03-15,2025-03-31,L_morning,10,True,0.011850646949298105
L,2024-06-17,2025-06-30,L_base,0,True,-0.0462434880198655
L,2024-06-17,2025-06-30,L_retain,12,False,-0.08953395143430942
L,2024-06-17,2025-06-30,L_morning,13,True,0.013966812691710184
L,2024-09-19,2025-09-30,L_base,0,True,0.41071523426441053
L,2024-09-19,2025-09-30,L_retain,23,True,0.5164891518223694
L,2024-09-19,2025-09-30,L_morning,18,True,0.45542725832303826
L,2024-12-19,2025-12-31,L_base,0,True,0.3660482675709384
L,2024-12-19,2025-12-31,L_retain,20,True,0.3857074986379188
L,2024-12-19,2025-12-31,L_morning,20,True,0.36574443341063173
L,2025-03-18,2026-03-31,L_base,0,True,0.36761671205633956
L,2025-03-18,2026-03-31,L_retain,25,False,0.3553459301746144
L,2025-03-18,2026-03-31,L_morning,22,True,0.36625327428737986
L,2025-06-17,2026-06-30,L_base,0,True,0.9931603781593334
L,2025-06-17,2026-06-30,L_retain,38,False,0.9033227370993979
L,2025-06-17,2026-06-30,L_morning,25,True,0.8939643257918009
L,2025-09-16,2026-09-30,L_base,0,True,0.8289160579591264
L,2025-09-16,2026-09-30,L_retain,29,True,0.6747134765900284
L,2025-09-16,2026-09-30,L_morning,21,True,0.6872391861327403
