date,rsi2Prior,profitGrowthKnown,target,cashReason
2024-02-06,82.80120316574585,0.017574,0.0,prior RSI2 > 60
2024-02-07,97.92554416979856,0.017574,0.0,prior RSI2 > 60
2024-02-08,98.53325378845865,0.017574,0.0,prior RSI2 > 60
2024-02-19,99.49650607704062,0.017574,0.0,prior RSI2 > 60
2024-02-20,99.83504294975468,0.017574,0.0,prior RSI2 > 60
2024-02-21,56.25852266828636,0.017574,0.5,not cash target
2024-02-22,29.371583957719494,0.017574,1.0,not cash target
2024-02-23,43.066453927790675,0.017574,0.5,not cash target
2024-02-26,59.57030515952331,0.017574,0.5,not cash target
2024-02-27,69.67836006653376,0.017574,0.0,prior RSI2 > 60
2024-02-28,93.02635814710561,0.017574,0.0,prior RSI2 > 60
2024-02-29,33.34247345773318,0.017574,1.0,not cash target
2024-03-01,62.730645897774465,0.017574,0.0,prior RSI2 > 60
2024-03-04,77.83386650148151,0.017574,0.0,prior RSI2 > 60
2024-03-05,89.13070147261098,0.017574,0.0,prior RSI2 > 60
2024-03-06,87.49433612704219,0.017574,0.0,prior RSI2 > 60
2024-03-07,88.73520912228327,0.017574,0.0,prior RSI2 > 60
2024-03-08,95.59025682724423,0.017574,0.0,prior RSI2 > 60
2024-03-11,99.48021092366642,0.017574,0.0,prior RSI2 > 60
2024-03-12,82.38122041363002,0.017574,0.0,prior RSI2 > 60
2024-03-13,28.598573693752385,0.017574,1.0,not cash target
2024-03-14,41.35969688150951,0.017574,0.5,not cash target
2024-03-15,54.48114232220264,0.017574,0.5,not cash target
2024-03-18,86.31884174489672,0.017574,0.0,prior RSI2 > 60
2024-03-19,94.9930957056867,0.017574,0.0,prior RSI2 > 60
2024-03-20,60.31467868761494,0.017574,0.0,prior RSI2 > 60
2024-03-21,67.73654417972155,0.017574,0.0,prior RSI2 > 60
2024-03-22,29.8600231997154,0.017574,1.0,not cash target
2024-03-25,39.41520142799741,0.017574,0.5,not cash target
2024-03-26,7.863230314215016,0.017574,1.0,not cash target
2024-03-27,50.72061566386367,0.093967,0.5,not cash target
2024-03-28,24.404840737209724,0.093967,1.0,not cash target
2024-03-29,45.4810516921996,0.093967,0.5,not cash target
2024-04-01,32.236205992844106,0.093967,1.0,not cash target
2024-04-02,84.49268081976152,0.093967,0.0,prior RSI2 > 60
2024-04-03,42.05357798846216,0.093967,0.5,not cash target
2024-04-08,20.400247754176547,0.093967,1.0,not cash target
2024-04-09,41.80388943361782,0.093967,0.5,not cash target
2024-04-10,30.370864594759382,0.093967,1.0,not cash target
2024-04-11,13.735149026971527,0.093967,1.0,not cash target
2024-04-12,8.676157117094291,0.093967,1.0,not cash target
2024-04-15,78.44504451369521,0.093967,0.0,prior RSI2 > 60
2024-04-16,83.3559070391601,0.093967,0.0,prior RSI2 > 60
2024-04-17,37.816105611069155,0.093967,0.5,not cash target
2024-04-18,80.01475468305401,0.093967,0.0,prior RSI2 > 60
2024-04-19,62.74482718431329,0.093967,0.0,prior RSI2 > 60
2024-04-22,25.991124112173523,0.093967,1.0,not cash target
2024-04-23,10.177360127694783,0.093967,1.0,not cash target
2024-04-24,50.408184608535755,1.536883,0.5,not cash target
2024-04-25,83.55443560357422,1.536883,0.0,prior RSI2 > 60
2024-04-26,67.74300999940253,1.536883,0.0,prior RSI2 > 60
2024-04-29,90.37421366770513,1.536883,0.0,prior RSI2 > 60
2024-04-30,92.3193843135012,1.536883,0.0,prior RSI2 > 60
2024-05-06,89.390107096684,1.536883,0.0,prior RSI2 > 60
2024-05-07,48.42030698241344,1.536883,0.5,not cash target
2024-05-08,22.093110899623568,1.536883,1.0,not cash target
2024-05-09,15.810885482221508,1.536883,1.0,not cash target
2024-05-10,9.04360094712115,1.536883,1.0,not cash target
2024-05-13,2.5345807192193206,1.536883,1.0,not cash target
2024-05-14,48.7582699642201,1.536883,0.5,not cash target
2024-05-15,24.766786994452673,1.536883,1.0,not cash target
2024-05-16,62.081926329227606,1.536883,0.0,prior RSI2 > 60
2024-05-17,87.79972911057506,1.536883,0.0,prior RSI2 > 60
2024-05-20,54.02891531950879,1.536883,0.5,not cash target
2024-05-21,77.72679642808717,1.536883,0.0,prior RSI2 > 60
2024-05-22,78.42198466819188,1.536883,0.0,prior RSI2 > 60
2024-05-23,31.0044123700974,1.536883,1.0,not cash target
2024-05-24,41.16800036328793,1.536883,0.5,not cash target
2024-05-27,8.523390732386659,1.536883,1.0,not cash target
2024-05-28,64.62514147162753,1.536883,0.0,prior RSI2 > 60
2024-05-29,26.75672252340567,1.536883,1.0,not cash target
2024-05-30,26.4613780688978,1.536883,1.0,not cash target
2024-05-31,35.06280802016994,1.536883,0.5,not cash target
2024-06-03,53.278651444751915,1.536883,0.5,not cash target
2024-06-04,96.4983459549451,1.536883,0.0,prior RSI2 > 60
2024-06-05,96.9136269350505,1.536883,0.0,prior RSI2 > 60
2024-06-06,50.499087944716486,1.536883,0.5,not cash target
2024-06-07,82.0727781790641,1.536883,0.0,prior RSI2 > 60
2024-06-11,32.258197892995526,1.536883,1.0,not cash target
2024-06-12,40.61609441440247,1.536883,0.5,not cash target
2024-06-13,39.40078970958258,1.536883,0.5,not cash target
2024-06-14,89.1360872229746,1.536883,0.0,prior RSI2 > 60
2024-06-17,97.16517642599706,1.536883,0.0,prior RSI2 > 60
2024-06-18,97.95515533306954,1.536883,0.0,prior RSI2 > 60
2024-06-19,98.72659081061744,1.536883,0.0,prior RSI2 > 60
2024-06-20,56.26993997626254,1.536883,0.5,not cash target
2024-06-21,33.33392297144083,1.536883,1.0,not cash target
2024-06-24,31.21345305352709,1.536883,1.0,not cash target
2024-06-25,21.04100059032747,1.536883,1.0,not cash target
2024-06-26,3.7594027047619676,1.536883,1.0,not cash target
2024-06-27,61.62371237189427,1.536883,0.0,prior RSI2 > 60
2024-06-28,35.554317147069554,1.536883,0.5,not cash target
2024-07-01,57.25421340963496,1.536883,0.5,not cash target
2024-07-02,82.34877865596863,1.536883,0.0,prior RSI2 > 60
2024-07-03,47.96538767214782,1.536883,0.5,not cash target
2024-07-04,45.97939319838807,1.536883,0.5,not cash target
2024-07-05,76.48567238109605,1.536883,0.0,prior RSI2 > 60
2024-07-08,91.88715083785833,1.536883,0.0,prior RSI2 > 60
2024-07-09,68.15448649309191,1.536883,0.0,prior RSI2 > 60
2024-07-10,95.62112177422826,1.536883,0.0,prior RSI2 > 60
2024-07-11,97.17115542177984,1.536883,0.0,prior RSI2 > 60
2024-07-12,92.32927658043538,1.536883,0.0,prior RSI2 > 60
2024-07-15,36.047980533530435,1.536883,0.5,not cash target
2024-07-16,14.69788812430167,1.536883,1.0,not cash target
2024-07-17,47.12966983834524,1.536883,0.5,not cash target
2024-07-18,7.965981463731282,1.536883,1.0,not cash target
2024-07-19,18.12594706462501,1.536883,1.0,not cash target
2024-07-22,10.40994734743714,1.536883,1.0,not cash target
2024-07-23,35.52164369395287,1.536883,0.5,not cash target
2024-07-24,25.064946026493516,1.536883,1.0,not cash target
2024-07-25,13.575556001493169,1.536883,1.0,not cash target
2024-07-26,3.3199253055360742,1.536883,1.0,not cash target
2024-07-29,13.444545337027009,1.536883,1.0,not cash target
2024-07-30,55.838155383133696,1.536883,0.5,not cash target
2024-07-31,15.983654257141978,1.536883,1.0,not cash target
2024-08-01,53.986617096044526,1.536883,0.5,not cash target
2024-08-02,72.63200600864789,1.536883,0.0,prior RSI2 > 60
2024-08-05,18.641264068339396,1.536883,1.0,not cash target
2024-08-06,8.11993174589442,1.536883,1.0,not cash target
2024-08-07,45.98650787179339,1.536883,0.5,not cash target
2024-08-08,55.85432063557444,1.536883,0.5,not cash target
2024-08-09,31.851178316286877,1.536883,1.0,not cash target
2024-08-12,77.51994746076487,1.536883,0.0,prior RSI2 > 60
2024-08-13,83.58439967359587,1.536883,0.0,prior RSI2 > 60
2024-08-14,86.87748430994807,1.536883,0.0,prior RSI2 > 60
2024-08-15,59.448278120634455,1.536883,0.5,not cash target
2024-08-16,32.59896334600097,1.536883,1.0,not cash target
2024-08-19,85.66990642323093,1.536883,0.0,prior RSI2 > 60
2024-08-20,68.90753596524436,1.536883,0.0,prior RSI2 > 60
2024-08-21,58.13194912951856,1.536883,0.5,not cash target
2024-08-22,60.85272770514325,1.536883,0.0,prior RSI2 > 60
2024-08-23,92.86146631446799,1.536883,0.0,prior RSI2 > 60
2024-08-26,33.43349032631892,1.323684,1.0,not cash target
2024-08-27,16.65946688432298,1.323684,1.0,not cash target
2024-08-28,7.432193573132423,1.323684,1.0,not cash target
2024-08-29,25.516420325151856,1.323684,1.0,not cash target
2024-08-30,5.589142027939644,1.323684,1.0,not cash target
2024-09-02,66.63184137487119,1.323684,0.0,prior RSI2 > 60
2024-09-03,72.96870330021363,1.323684,0.0,prior RSI2 > 60
2024-09-04,88.94763184923752,1.323684,0.0,prior RSI2 > 60
2024-09-05,37.80856863189795,1.323684,0.5,not cash target
2024-09-06,59.30114524704447,1.323684,0.5,not cash target
2024-09-09,15.342992511149006,1.323684,1.0,not cash target
2024-09-10,10.92957843077302,1.323684,1.0,not cash target
2024-09-11,48.55742001623788,1.323684,0.5,not cash target
2024-09-12,54.59235753418946,1.323684,0.5,not cash target
2024-09-13,80.87495578978293,1.323684,0.0,prior RSI2 > 60
2024-09-18,95.21023001232732,1.323684,0.0,prior RSI2 > 60
2024-09-19,68.54982547551657,1.323684,0.0,prior RSI2 > 60
2024-09-20,30.296680010745277,1.323684,1.0,not cash target
2024-09-23,29.5001277752323,1.323684,1.0,not cash target
2024-09-24,31.887843333039427,1.323684,1.0,not cash target
2024-09-25,93.56506576675946,1.323684,0.0,prior RSI2 > 60
2024-09-26,57.05372710264771,1.323684,0.5,not cash target
2024-09-27,74.53970985175624,1.323684,0.0,prior RSI2 > 60
2024-09-30,89.88705672488966,1.323684,0.0,prior RSI2 > 60
2024-10-08,97.24879532445863,1.323684,0.0,prior RSI2 > 60
2024-10-09,98.94504746152599,1.323684,0.0,prior RSI2 > 60
2024-10-10,96.57516452923834,1.323684,0.0,prior RSI2 > 60
2024-10-11,40.52332373848412,1.323684,0.5,not cash target
2024-10-14,41.98107072700088,1.323684,0.5,not cash target
2024-10-15,68.68805170853757,1.323684,0.0,prior RSI2 > 60
2024-10-16,30.69049838094574,1.323684,1.0,not cash target
2024-10-17,10.477886669459636,1.323684,1.0,not cash target
2024-10-18,41.21996290205984,1.323684,0.5,not cash target
2024-10-21,82.66635840135946,1.323684,0.0,prior RSI2 > 60
2024-10-22,70.05456765578427,1.323684,0.0,prior RSI2 > 60
2024-10-23,79.09218965166274,1.323684,0.0,prior RSI2 > 60
2024-10-24,28.257476902482722,1.323684,1.0,not cash target
2024-10-25,51.59222654166578,1.323684,0.5,not cash target
2024-10-28,84.99189391388451,0.951588,0.0,prior RSI2 > 60
2024-10-29,32.43305514788982,0.951588,1.0,not cash target
2024-10-30,23.62790044412499,0.951588,1.0,not cash target
2024-10-31,19.23772607729262,0.951588,1.0,not cash target
2024-11-01,16.311484603219753,0.951588,1.0,not cash target
2024-11-04,3.929682559531713,0.951588,1.0,not cash target
2024-11-05,60.36602707900314,0.951588,0.0,prior RSI2 > 60
2024-11-06,75.69426767215852,0.951588,0.0,prior RSI2 > 60
2024-11-07,34.44844795662301,0.951588,1.0,not cash target
2024-11-08,48.775174853833526,0.951588,0.5,not cash target
2024-11-11,31.61832985136563,0.951588,1.0,not cash target
2024-11-12,74.67479271083785,0.951588,0.0,prior RSI2 > 60
2024-11-13,51.54551887247842,0.951588,0.5,not cash target
2024-11-14,88.56453993892573,0.951588,0.0,prior RSI2 > 60
2024-11-15,36.81943102983313,0.951588,0.5,not cash target
2024-11-18,14.291384734088368,0.951588,1.0,not cash target
2024-11-19,8.143601114806557,0.951588,1.0,not cash target
2024-11-20,50.065379456845264,0.951588,0.5,not cash target
2024-11-21,48.24566514883848,0.951588,0.5,not cash target
2024-11-22,28.66103387339217,0.951588,1.0,not cash target
2024-11-25,6.97468619003152,0.951588,1.0,not cash target
2024-11-26,3.7211223067506154,0.951588,1.0,not cash target
2024-11-27,50.191052865669164,0.951588,0.5,not cash target
2024-11-28,75.46711065085918,0.951588,0.0,prior RSI2 > 60
2024-11-29,40.386427671712454,0.951588,0.5,not cash target
2024-12-02,60.491651952628445,0.951588,0.0,prior RSI2 > 60
2024-12-03,80.3614726288467,0.951588,0.0,prior RSI2 > 60
2024-12-04,80.61149836646265,0.951588,0.0,prior RSI2 > 60
2024-12-05,31.572366864536633,0.951588,1.0,not cash target
2024-12-06,75.6921683343806,0.951588,0.0,prior RSI2 > 60
2024-12-09,79.22493025886244,0.951588,0.0,prior RSI2 > 60
2024-12-10,33.62040815872696,0.951588,1.0,not cash target
2024-12-11,9.053074295438606,0.951588,1.0,not cash target
2024-12-12,21.258254211658922,0.951588,1.0,not cash target
2024-12-13,54.445579208821115,0.951588,0.5,not cash target
2024-12-16,82.60839640465976,0.951588,0.0,prior RSI2 > 60
2024-12-17,70.64312379302116,0.951588,0.0,prior RSI2 > 60
2024-12-18,93.87747181780946,0.951588,0.0,prior RSI2 > 60
2024-12-19,76.34925444884144,0.951588,0.0,prior RSI2 > 60
2024-12-20,87.83019701958487,0.951588,0.0,prior RSI2 > 60
2024-12-23,52.672552450267546,0.951588,0.5,not cash target
2024-12-24,16.54597437570858,0.951588,1.0,not cash target
2024-12-25,68.99711948988285,0.951588,0.0,prior RSI2 > 60
2024-12-26,38.980139258464014,0.951588,0.5,not cash target
2024-12-27,85.55560024514811,0.951588,0.0,prior RSI2 > 60
2024-12-30,80.66883804170439,0.951588,0.0,prior RSI2 > 60
2024-12-31,63.311077089428224,0.951588,0.0,prior RSI2 > 60
2025-01-02,20.920892523247446,0.951588,1.0,not cash target
2025-01-03,9.574554314805482,0.951588,1.0,not cash target
2025-01-06,34.45728270271832,0.951588,1.0,not cash target
2025-01-07,72.68434476283466,0.951588,0.0,prior RSI2 > 60
2025-01-08,93.41086178307458,0.951588,0.0,prior RSI2 > 60
2025-01-09,83.8655609573941,0.951588,0.0,prior RSI2 > 60
2025-01-10,91.54522084575649,0.951588,0.0,prior RSI2 > 60
2025-01-13,43.95183885490503,0.951588,0.5,not cash target
2025-01-14,17.13267491335951,0.951588,1.0,not cash target
2025-01-15,58.33262709503643,0.951588,0.5,not cash target
2025-01-16,15.591927100192933,0.951588,1.0,not cash target
2025-01-17,32.67891902827682,0.951588,1.0,not cash target
2025-01-20,51.55321913504403,0.951588,0.5,not cash target
2025-01-21,80.75412547662091,0.951588,0.0,prior RSI2 > 60
2025-01-22,89.01016690709041,0.951588,0.0,prior RSI2 > 60
2025-01-23,97.61680657410928,0.951588,0.0,prior RSI2 > 60
2025-01-24,77.76499627697945,0.951588,0.0,prior RSI2 > 60
2025-01-27,63.710520909743416,0.951588,0.0,prior RSI2 > 60
2025-02-05,14.224100785753151,0.951588,1.0,not cash target
2025-02-06,4.598567333617439,0.951588,1.0,not cash target
2025-02-07,19.77352798768368,0.951588,1.0,not cash target
2025-02-10,49.61842888785609,0.951588,0.5,not cash target
2025-02-11,52.559786511145,0.951588,0.5,not cash target
2025-02-12,68.7677112983594,0.951588,0.0,prior RSI2 > 60
2025-02-13,73.3245399682089,0.951588,0.0,prior RSI2 > 60
2025-02-14,13.34688391831645,0.951588,1.0,not cash target
2025-02-17,48.088669078443665,0.951588,0.5,not cash target
2025-02-18,83.91536226370255,0.951588,0.0,prior RSI2 > 60
2025-02-19,91.60046558728118,0.951588,0.0,prior RSI2 > 60
2025-02-20,91.93274704890916,0.951588,0.0,prior RSI2 > 60
2025-02-21,95.8617337984182,0.951588,0.0,prior RSI2 > 60
2025-02-24,96.67212077112634,0.951588,0.0,prior RSI2 > 60
2025-02-25,12.84237575943925,0.951588,1.0,not cash target
2025-02-26,7.255440421160287,0.951588,1.0,not cash target
2025-02-27,37.58734288363442,0.951588,0.5,not cash target
2025-02-28,14.436741403870968,0.951588,1.0,not cash target
2025-03-03,4.2988172840819345,0.951588,1.0,not cash target
2025-03-04,2.0997359717372888,0.951588,1.0,not cash target
2025-03-05,26.65274727667925,0.951588,1.0,not cash target
2025-03-06,38.402288043544594,0.951588,0.5,not cash target
2025-03-07,66.13187908629605,0.951588,0.0,prior RSI2 > 60
2025-03-10,25.643786706398416,0.951588,1.0,not cash target
2025-03-11,48.18889724853134,0.951588,0.5,not cash target
2025-03-12,74.11100122482186,0.951588,0.0,prior RSI2 > 60
2025-03-13,88.44359047729475,0.951588,0.0,prior RSI2 > 60
2025-03-14,47.66332889676308,0.951588,0.5,not cash target
2025-03-17,78.64742289826945,0.951588,0.0,prior RSI2 > 60
2025-03-18,81.15042763685139,0.951588,0.0,prior RSI2 > 60
2025-03-19,92.70105149271473,0.951588,0.0,prior RSI2 > 60
2025-03-20,27.219180222803715,0.951588,1.0,not cash target
2025-03-21,18.73119043885383,0.951588,1.0,not cash target
2025-03-24,11.802965277070243,0.951588,1.0,not cash target
2025-03-25,43.27488609071892,0.951588,0.5,not cash target
2025-03-26,21.73293224208942,0.951588,1.0,not cash target
2025-03-27,10.085445441214361,0.722916,1.0,not cash target
2025-03-28,5.798820083151327,0.722916,1.0,not cash target
2025-03-31,2.8705978246890567,0.722916,1.0,not cash target
2025-04-01,38.87888487055212,0.722916,0.5,not cash target
2025-04-02,28.922479253551415,0.722916,1.0,not cash target
2025-04-03,79.11502485828987,0.722916,0.0,prior RSI2 > 60
