name,period,return_,mdd5,exposure,orders,fees,interest,dividend_tax,t1_blocks,limit_blocks,volume_caps,turnover,risk_orders,borrow_days,min_maintenance,max_exposure,ending_debt,max_debt,cumulativeLead,rolling63Lead,longestLag,lagStart,lagEnd,cagr,mdd,sharpe,score
D_base,train,0.4239248888200009,-0.16455421861861919,0.41733603871097424,382,55241.111180000014,0.0,0.0,0,0,248,93.34319553474384,0.0,0.0,,0.9999784297272956,0.0,0.0,0.26490066225165565,0.30416666666666664,217.0,2024-02-06,2024-12-31,,,,
D_base,validation,2.14679311092,-0.2010296290915753,0.4507865039997329,236,87680.88907999996,0.0,0.0,0,0,60,112.11544183353355,0.0,0.0,,0.9999871497669172,0.0,0.0,0.37047353760445684,0.41414141414141414,131.0,2025-07-14,2026-01-22,,,,
D_base,recent,0.2750975735200003,-0.152722962111697,0.5047866600195884,37,14622.426480000002,0.0,0.0,0,0,1,24.921230370230422,0.0,0.0,,0.9997669966613648,0.0,0.0,1.0,1.0,0.0,,,,,,
D_base,preJuly,3.6618660690000002,-0.19320160267196773,0.4353666728732719,680,183645.93099999998,0.0,120.0,0,0,371,205.43934156862565,0.0,0.0,,0.9999784297272956,0.0,0.0,0.18305597579425115,0.4307178631051753,276.0,2024-02-06,2025-04-02,,,,
D_base,full,5.141711216279998,-0.19320160267196773,0.44184650216162985,756,257263.78371999998,0.0,120.0,0,0,413,231.3953051763354,0.0,0.0,,0.9999966502878203,0.0,0.0,0.23521320495185694,0.47969924812030074,276.0,2024-02-06,2025-04-02,,,,
D_base,older,-0.22047513296999988,-0.6011578189524927,0.3616322015293133,1263,132447.13296999992,0.0,2909.0,0,0,1052,165.83790352989652,0.0,0.0,,0.999991207981348,0.0,0.0,0.7615384615384615,0.4669811320754717,166.0,2023-02-01,2023-09-28,,,,
D_base,year1,0.27706527880000054,-0.16455421861861919,0.40915477320048094,319,39690.7212,0.0,0.0,0,0,218,71.41877242325238,0.0,0.0,,0.9999784297272956,0.0,0.0,0.3305785123966942,0.14444444444444443,157.0,2024-02-06,2024-10-08,,,,
D_base,year2,0.6547806265599994,-0.19838942253820901,0.42962093529160683,196,48978.37343999998,0.0,0.0,0,0,76,77.4662942021334,0.0,0.0,,0.9999569242703984,0.0,0.0,0.9300411522633745,0.5524861878453039,11.0,2025-09-16,2025-09-30,,,,
D_base,year3,1.762620619099999,-0.1529093759486233,0.4858621615911601,142,70722.38089999999,0.0,0.0,0,0,16,82.95411906862755,0.0,0.0,,0.9999818174873394,0.0,0.0,0.9173553719008265,0.6611111111111111,6.0,2026-05-25,2026-06-01,,,,
D_retain,train,0.5565170007000011,-0.20162023993115297,0.46740428684028223,364,52380.99930000001,0.0,0.0,0,0,245,83.15796672872287,0.0,0.0,,0.9999402620766856,0.0,0.0,0.26490066225165565,0.3625,217.0,2024-02-06,2024-12-31,,,,
D_retain,validation,2.0221111356999995,-0.2010296290915753,0.5271730446286452,207,70579.86429999999,0.0,0.0,0,0,57,93.15430769938777,0.0,0.0,,0.9999871497669172,0.0,0.0,0.32590529247910865,0.42424242424242425,140.0,2025-07-14,2026-02-04,,,,
D_retain,recent,0.19835718554000015,-0.152722962111697,0.5423628026257231,33,12624.814460000001,0.0,0.0,0,0,1,21.942599055685985,0.0,0.0,,0.9997669966613648,0.0,0.0,1.0,1.0,0.0,,,,,,
D_retain,preJuly,3.892640044660003,-0.20162023993115297,0.49959875684621685,643,165167.95534,0.0,0.0,0,0,381,175.78431226795576,0.0,0.0,,0.9999913493077016,0.0,0.0,0.22844175491679275,0.4574290484140234,253.0,2025-06-16,2026-06-30,,,,
D_retain,full,5.073758260920003,-0.20162023993115297,0.5036010259681836,709,232350.73908000003,0.0,0.0,0,0,415,198.75856974207596,0.0,0.0,,0.9999913493077016,0.0,0.0,0.28198074277854196,0.5007518796992482,265.0,2025-06-16,2026-07-16,,,,
D_retain,older,-0.3417396588620013,-0.6665467184617684,0.4109451859901927,1036,101522.25886200015,0.0,3784.0,0,0,852,144.77359538887697,0.0,0.0,,0.9999695449385987,0.0,0.0,0.5296703296703297,0.44339622641509435,238.0,2022-10-14,2023-09-28,,,,
D_retain,year1,0.5094959675000013,-0.20162023993115297,0.4590431831820909,299,36502.0325,0.0,0.0,0,0,210,63.15031749506667,0.0,0.0,,0.9999210277437135,0.0,0.0,0.3305785123966942,0.16111111111111112,157.0,2024-02-06,2024-10-08,,,,
D_retain,year2,0.64976109116,-0.19979015541010203,0.4853614483925782,173,41149.90883999999,0.0,0.0,0,0,68,69.42846568228255,0.0,0.0,,0.9997938188294981,0.0,0.0,0.9382716049382716,0.5469613259668509,11.0,2025-09-16,2025-09-30,,,,
D_retain,year3,1.3702938276800007,-0.15240472685134476,0.5662431482348839,117,53352.17232,0.0,0.0,0,0,11,67.16367594903004,0.0,0.0,,0.9999818174873394,0.0,0.0,0.8429752066115702,0.6111111111111112,27.0,2026-05-22,2026-06-30,,,,
D_morning,train,0.676724646400001,-0.16079318337410375,0.44358852909026675,458,70990.35359999999,0.0,0.0,0,0,303,105.28569668395355,0.0,0.0,,0.9999528926684621,0.0,0.0,0.2913907284768212,0.3416666666666667,205.0,2024-03-01,2024-12-31,,,,
D_morning,validation,1.9103817478600011,-0.20133946598084873,0.4937313635160776,288,107777.25213999998,0.0,0.0,0,1,64,136.92739923515174,0.0,0.0,,0.9999185872473386,0.0,0.0,0.4178272980501393,0.4107744107744108,114.0,2025-08-06,2026-01-22,,,,
D_morning,recent,0.2379899224400004,-0.152722962111697,0.5338141805836017,43,16283.077559999998,0.0,0.0,0,0,1,27.86143009058381,0.0,0.0,,0.9997669966613648,0.0,0.0,1.0,1.0,0.0,,,,,,
D_morning,preJuly,4.14402242404,-0.1907248370843242,0.47008398400403345,866,258919.57596000005,0.0,0.0,0,1,493,242.21283174953862,0.0,0.0,,0.9999528926684621,0.0,0.0,0.31164901664145234,0.44407345575959933,223.0,2024-03-01,2025-01-27,,,,
D_morning,full,5.581770956140001,-0.1907248370843242,0.47610858920821236,960,349258.0438600002,0.0,0.0,0,1,545,271.2168446000836,0.0,0.0,,0.9999870796328232,0.0,0.0,0.3576341127922971,0.48872180451127817,223.0,2024-03-01,2025-01-27,,,,
D_morning,older,-0.21874552753000065,-0.6191001357271845,0.3832924952318297,1368,148833.52752999988,0.0,2912.0,0,1,1120,191.0639618340783,0.0,0.0,,0.9999682001823321,0.0,0.0,0.7461538461538462,0.46108490566037735,166.0,2023-02-01,2023-09-28,,,,
D_morning,year1,0.5461364904400003,-0.16079318337410375,0.43713593424688835,374,50578.50956,0.0,0.0,0,0,256,81.3123689645505,0.0,0.0,,0.9999528455406737,0.0,0.0,0.36363636363636365,0.18333333333333332,145.0,2024-03-01,2024-10-08,,,,
D_morning,year2,0.68072977894,-0.19883658467774878,0.4649652155183091,232,58838.221059999974,0.0,0.0,0,0,83,92.38939209027129,0.0,0.0,,0.9999122975162709,0.0,0.0,0.9382716049382716,0.5524861878453039,9.0,2025-09-18,2025-09-30,,,,
D_morning,year3,1.3929577844100005,-0.15243046584095532,0.5265880394783735,170,76476.21559000005,0.0,0.0,0,1,13,97.8275889980467,0.0,0.0,,0.999951946155493,0.0,0.0,0.8016528925619835,0.6444444444444445,27.0,2026-05-22,2026-06-30,,,,
L_base,train,0.37766764864001656,-0.20110732215833793,0.4953193035100005,485,69235.82413000004,8096.5272299849385,0.0,0,0,324,120.26706186731064,0.0,81.0,2.7924119053883274,1.557907474835339,0.0,719971.81239575,0.25496688741721857,0.30416666666666664,217.0,2024-02-06,2024-12-31,,,,
L_base,validation,3.1088017959078043,-0.20120078757311155,0.5450445620229883,350,128477.9807800001,21402.223312197064,0.0,1,0,107,145.22010751993508,0.0,103.0,2.788140025406361,1.5592403199926956,1957358.204092196,1957358.204092196,0.6044568245125348,0.44107744107744107,73.0,2025-08-25,2025-12-11,,,,
L_base,recent,0.2924159331705729,-0.21088288078056228,0.5871533112484503,47,19091.3715,2071.6953294267255,0.0,1,0,2,32.02909727688597,1.0,18.0,2.6444383022704296,1.6081103794647256,0.0,675422.5664623375,1.0,1.0,0.0,,,,,,
L_base,preJuly,4.752230326742567,-0.20110732215833793,0.5218618060671423,906,249865.34356999997,37913.3296874329,10.0,0,0,513,265.0912833262949,0.0,186.0,2.7880589602487036,1.5592656742487445,2743449.673257433,2743449.673257433,0.17549167927382753,0.4373956594323873,277.0,2024-02-06,2025-04-03,,,,
L_base,full,6.9806942158403,-0.20110732215833793,0.5268641619375894,1023,365559.06861000013,49186.71554969954,10.0,1,0,587,297.0357003629026,0.0,204.0,2.7302137392312193,1.5779632754762005,0.0,4016478.242960857,0.24209078404401652,0.4932330827067669,277.0,2024-02-06,2025-04-03,,,,
L_base,older,-0.1289463000221155,-0.6420732553719581,0.3800327810303274,1395,154673.83418,5262.465842114088,2969.0,1,0,1173,177.73497936058985,0.0,51.0,2.8176746711943355,1.550153454766981,0.0,878676.0433090229,0.8032967032967033,0.44457547169811323,132.0,2023-03-21,2023-09-28,,,,
L_base,year1,0.21148459796961516,-0.20110732215833793,0.4797977999499397,398,49023.55047000003,5402.851560385435,0.0,0,0,281,91.30267341924201,0.0,61.0,2.8243493836871685,1.5481406187552262,0.0,603180.3323765746,0.3181818181818182,0.11666666666666667,157.0,2024-02-06,2024-10-08,,,,
L_base,year2,0.9101557151174551,-0.19818686170108235,0.5029737346457556,264,64416.306700000074,8120.978182544651,0.0,0,0,110,96.55263511345431,0.0,56.0,2.8066400699689362,1.5535136835624344,0.0,958122.9052332493,0.9958847736625515,0.5359116022099447,1.0,2024-10-09,2024-10-09,,,,
L_base,year3,2.204489259524186,-0.21107090711081278,0.6017617166905358,221,102250.01179999998,15008.72867581531,0.0,1,0,38,111.69872354849254,1.0,84.0,2.6452116789443654,1.60782452057576,0.0,1657628.5739069527,0.9628099173553719,0.7277777777777777,4.0,2026-05-26,2026-05-29,,,,
L_retain,train,0.5301286369049929,-0.23417332202353747,0.5455791393577486,487,68511.73009,8788.633005008684,0.0,0,0,323,110.32076790644547,0.0,85.0,2.7873466843546977,1.5594885473273694,0.0,809333.3757762684,0.25165562913907286,0.35833333333333334,218.0,2024-02-05,2024-12-31,,,,
L_retain,validation,2.922134025903536,-0.20584416544208306,0.6219613638828485,334,109433.71909000012,21705.255006466316,0.0,0,0,102,126.27499348999696,0.0,105.0,2.7927997219651237,1.5577867888689094,1868985.9740964642,1868985.9740964642,0.6016713091922006,0.45454545454545453,33.0,2025-09-16,2025-11-07,,,,
L_retain,recent,0.2151546999363052,-0.21088288078056228,0.624591793342433,44,17005.25307,2055.046993694603,0.0,1,0,2,29.0480440902629,1.0,18.0,2.6444383022704296,1.6081103794647256,0.0,654772.2689758465,1.0,1.0,0.0,,,,,,
L_retain,preJuly,5.131541126873303,-0.23417332202353747,0.5856999232012822,913,239350.44232999993,41962.4307966964,0.0,0,0,527,235.34561990469493,0.0,194.0,2.7846052859186945,1.5603479984568192,2929498.8731266973,2929498.8731266973,0.22087745839636913,0.46243739565943237,253.0,2024-02-05,2025-02-27,,,,
L_retain,full,6.967533207178818,-0.23417332202353747,0.5886295977480621,1031,356425.16704999993,55159.62577117704,0.0,1,0,602,265.8832664190246,0.0,215.0,2.7283574282380094,1.5785840264646298,0.0,4304012.249546464,0.2902338376891334,0.5142857142857142,253.0,2024-02-05,2025-02-27,,,,
L_retain,older,-0.25079945511120094,-0.6881531684727218,0.4313299195901035,1172,121712.25957999993,5182.19553119954,4175.0,1,0,959,159.32824373737944,0.0,67.0,2.8171683063667197,1.5503067583208177,0.0,806809.334098648,0.6406593406593407,0.41627358490566035,224.0,2022-11-03,2023-09-28,,,,
L_retain,year1,0.4556508481869921,-0.23417332202353747,0.5297792607108647,395,47057.10631999999,5738.045493009306,0.0,0,0,271,83.31173514172252,0.0,65.0,2.8255562482527905,1.5477782461959653,0.0,664728.5826149877,0.3140495867768595,0.15555555555555556,158.0,2024-02-05,2024-10-08,,,,
L_retain,year2,0.9072388894487398,-0.20594882958884042,0.5590546399815502,244,55464.683000000034,7678.427551260297,0.0,0,0,97,88.51113974110434,0.0,55.0,2.802309896557831,1.5548435382338328,0.0,953730.0946017181,0.9917695473251029,0.5359116022099447,1.0,2024-10-09,2024-10-09,,,,
L_retain,year3,1.736157468430374,-0.2112438109804864,0.6818048454529991,186,81200.63627000003,14029.895299627435,0.0,1,0,22,95.80014878814342,1.0,90.0,2.6387029072712496,1.6102387416064263,0.0,1474512.5498267869,0.9214876033057852,0.6444444444444445,6.0,2026-05-25,2026-06-01,,,,
L_morning,train,0.6114419760022769,-0.19431448503192417,0.5207434214623342,557,85497.38999000005,8976.634007724248,0.0,0,0,377,130.82059160253087,0.0,77.0,2.7841751288359458,1.560483095990937,0.0,851536.281882922,0.2682119205298013,0.32916666666666666,206.0,2024-02-29,2024-12-31,,,,
L_morning,validation,2.801331802864081,-0.20148308881119825,0.5878074610639312,413,150532.5995,21413.597635922786,0.0,1,1,116,170.0494583264376,0.0,100.0,2.7918428215366466,1.5580846645591497,1806428.1971359192,1806428.1971359192,0.6128133704735376,0.4175084175084175,56.0,2025-08-27,2025-11-20,,,,
L_morning,recent,0.2552617250821523,-0.21088288078056228,0.6177383295292689,53,20730.397270000005,2042.8776478472919,0.0,1,0,2,35.01838137766585,1.0,18.0,2.6444383022704296,1.6081103794647256,0.0,654418.0235123388,1.0,1.0,0.0,,,,,,
L_morning,preJuly,5.21916989265015,-0.19431448503192417,0.5551266057659886,1101,333380.8443800003,43175.26296985505,0.0,0,1,641,299.6678003072601,0.0,178.0,2.7841751288359458,1.560483095990937,2964110.10734985,2964110.10734985,0.32223903177004537,0.42237061769616024,224.0,2024-02-29,2025-01-27,,,,
L_morning,full,7.4142378226252,-0.19431448503192417,0.5594609970532622,1237,469295.4013600004,54959.776014801675,0.0,0,1,730,334.4853045300749,0.0,195.0,2.751810001671592,1.5708381611280855,0.0,4236777.9273292115,0.38239339752407153,0.4781954887218045,224.0,2024-02-29,2025-01-27,,,,
L_morning,older,-0.09652242671210276,-0.6467575654843262,0.4027573863866459,1511,173337.79366000017,5251.633052103527,2987.0,1,1,1249,202.6499810371172,0.0,51.0,2.8259311295136045,1.5476657820420545,0.0,869291.6278276623,0.7923076923076923,0.4339622641509434,131.0,2023-03-22,2023-09-28,,,,
L_morning,year1,0.4561628889601086,-0.19431448503192417,0.5068029822674948,448,59855.53027999999,5782.5807598913025,0.0,0,0,312,99.96994371055442,0.0,57.0,2.825715455882903,1.5477304783600068,0.0,700006.7879736185,0.3347107438016529,0.15555555555555556,146.0,2024-02-29,2024-10-08,,,,
L_morning,year2,0.949891568430357,-0.1989903652622862,0.538260883331796,301,75085.58381000001,8207.847759641949,0.0,0,0,116,111.44761674042533,0.0,55.0,2.8066400699689362,1.5535136835624344,0.0,977716.15831108,0.9958847736625515,0.5303867403314917,1.0,2024-10-09,2024-10-09,,,,
L_morning,year3,1.7548205054227854,-0.2107262014328487,0.642166281317587,231,105362.69805000002,13864.796527213564,0.0,2,1,28,126.26824438026047,1.0,84.0,2.6528680682744024,1.605008965442718,0.0,1421725.837100431,0.8760330578512396,0.6722222222222223,12.0,2026-05-25,2026-06-09,,,,
D_rolling,train,0.4239248888200009,-0.16455421861861919,0.41733603871097424,382,55241.111180000014,0.0,0.0,0,0,248,93.34319553474384,0.0,0.0,,0.9999784297272956,0.0,0.0,0.26490066225165565,0.30416666666666664,217.0,2024-02-06,2024-12-31,,,,
D_rolling,validation,2.1514867640799995,-0.20133946598084873,0.4924449159931513,253,90179.23591999996,0.0,0.0,0,0,61,118.1155536732078,0.0,0.0,,0.9999185872473386,0.0,0.0,0.3565459610027855,0.3939393939393939,127.0,2025-08-06,2026-02-10,,,,
D_rolling,recent,0.2750975735200003,-0.152722962111697,0.5047866600195884,37,14622.426480000002,0.0,0.0,0,0,1,24.921230370230422,0.0,0.0,,0.9997669966613648,0.0,0.0,1.0,1.0,0.0,,,,,,
D_rolling,preJuly,3.6794137434799987,-0.19342220906636642,0.45830217567302145,698,187299.25652,0.0,0.0,0,0,378,211.3627500588875,0.0,0.0,,0.9999864581275316,0.0,0.0,0.18305597579425115,0.42237061769616024,277.0,2024-02-06,2025-04-03,,,,
D_rolling,full,5.15983854998,-0.19342220906636642,0.46269463076354167,774,261116.45002000002,0.0,0.0,0,0,420,237.3054273909688,0.0,0.0,,0.9999864581275316,0.0,0.0,0.23521320495185694,0.47218045112781953,277.0,2024-02-06,2025-04-03,,,,
D_rolling,older,-0.22047513296999988,-0.6011578189524927,0.3616322015293133,1263,132447.13296999992,0.0,2909.0,0,0,1052,165.83790352989652,0.0,0.0,,0.999991207981348,0.0,0.0,0.7615384615384615,0.4669811320754717,166.0,2023-02-01,2023-09-28,,,,
D_rolling,year1,0.27706527880000054,-0.16455421861861919,0.40915477320048094,319,39690.7212,0.0,0.0,0,0,218,71.41877242325238,0.0,0.0,,0.9999784297272956,0.0,0.0,0.3305785123966942,0.14444444444444443,157.0,2024-02-06,2024-10-08,,,,
D_rolling,year2,0.71736606022,-0.19872191473146827,0.46023197354429896,227,58760.939779999964,0.0,0.0,0,0,81,90.40704562102371,0.0,0.0,,0.9999122975162709,0.0,0.0,0.9465020576131687,0.5580110497237569,9.0,2025-09-18,2025-09-30,,,,
D_rolling,year3,1.6746829088999995,-0.15279717853240615,0.5167578413666036,130,64376.091100000005,0.0,0.0,0,0,13,76.06242666382455,0.0,0.0,,0.9999818174873394,0.0,0.0,0.859504132231405,0.6111111111111112,13.0,2026-05-22,2026-06-09,,,,
L_rolling,train,0.37766764864001656,-0.20110732215833793,0.4953193035100005,485,69235.82413000004,8096.5272299849385,0.0,0,0,324,120.26706186731064,0.0,81.0,2.7924119053883274,1.557907474835339,0.0,719971.81239575,0.25496688741721857,0.30416666666666664,217.0,2024-02-06,2024-12-31,,,,
L_rolling,validation,3.1047285857332536,-0.20148308881119825,0.5867803178444246,380,130793.23727000009,21564.1769967488,0.0,0,0,107,151.2136350403054,0.0,100.0,2.7901722783376712,1.5586054549613435,1961431.4142667467,1961431.4142667467,0.6462395543175488,0.4175084175084175,56.0,2025-08-27,2025-11-20,,,,
L_rolling,recent,0.2924159331705729,-0.21088288078056228,0.5871533112484503,47,19091.3715,2071.6953294267255,0.0,1,0,2,32.02909727688597,1.0,18.0,2.6444383022704296,1.6081103794647256,0.0,675422.5664623375,1.0,1.0,0.0,,,,,,
L_rolling,preJuly,4.751504574083189,-0.20110732215833793,0.5445123896374229,927,252901.27566000004,38164.15025681224,0.0,0,0,514,271.0343549324779,0.0,190.0,2.792410113623805,1.5579080325418664,2744175.4259168115,2744175.4259168115,0.17549167927382753,0.42237061769616024,277.0,2024-02-06,2025-04-03,,,,
L_rolling,full,6.9812471452764955,-0.20110732215833793,0.5474432435179559,1045,368609.1786800002,49423.67604350469,0.0,1,0,588,302.98189896398304,0.0,208.0,2.730578848605526,1.5778413395065962,0.0,4015925.4044022323,0.24209078404401652,0.47969924812030074,277.0,2024-02-06,2025-04-03,,,,
L_rolling,older,-0.1289463000221155,-0.6420732553719581,0.3800327810303274,1395,154673.83418,5262.465842114088,2969.0,1,0,1173,177.73497936058985,0.0,51.0,2.8176746711943355,1.550153454766981,0.0,878676.0433090229,0.8032967032967033,0.44457547169811323,132.0,2023-03-21,2023-09-28,,,,
L_rolling,year1,0.21148459796961516,-0.20110732215833793,0.4797977999499397,398,49023.55047000003,5402.851560385435,0.0,0,0,281,91.30267341924201,0.0,61.0,2.8243493836871685,1.5481406187552262,0.0,603180.3323765746,0.3181818181818182,0.11666666666666667,157.0,2024-02-06,2024-10-08,,,,
L_rolling,year2,0.9842433026807409,-0.19838802771596464,0.5340787452221627,298,75138.22127999998,8326.476039258414,0.0,0,0,113,109.53374443019621,0.0,58.0,2.8066400699689362,1.5535136835624344,0.0,994779.3953320541,0.9958847736625515,0.5414364640883977,1.0,2024-10-09,2024-10-09,,,,
L_rolling,year3,2.0794696389124185,-0.211110156573582,0.6323205505043379,203,94391.91593000005,14448.445157584238,0.0,2,0,30,104.67495270807186,1.0,86.0,2.6452924741150783,1.6077946722134318,0.0,1596774.6275071695,0.9132231404958677,0.6722222222222223,6.0,2026-04-22,2026-04-29,,,,
hold,train,0.7913242324399998,-0.2842643988144937,0.9925488892485852,3,259.76756,,0.0,0,0,2,1.001740766296997,,,,,,,,,,,,0.5954187465684901,-0.26936932801687963,1.1875243344975377,0.04073964059178714
hold,validation,2.8758160821600005,-0.4804709735638819,0.9936936385869959,1,259.91784,,0.0,0,0,0,0.999684,,,,,,,,,,,,1.4923698704270034,-0.4528080799369082,1.808182144747686,0.19252755269056243
hold,recent,-0.24364810624,-0.3854265732025075,0.9813468985284609,1,256.10624,,0.0,0,0,0,0.985024,,,,,,,,,,,,-0.6408127091245382,-0.36736010624000004,-1.0806342802019957,-1.6020511847336307
hold,preJuly,5.882414232440001,-0.4819713470171406,0.9881007770672963,3,259.76756,,0.0,0,0,2,1.001740766296997,,,,,,,,,,,,1.0263148263798683,-0.4477784805727254,1.5469338259557344,-0.016738233691577897
hold,full,4.23578223244,-0.4819713470171406,0.9880589753634181,3,259.76756,,0.0,0,0,2,1.001740766296997,,,,,,,,,,,,0.735125403243927,-0.4477784805727254,1.247198351869046,-0.17187733121209625
hold,older,0.1388892102000001,-0.6456789014838318,0.9756015637291028,2,269.3898,,0.0,0,0,1,0.9959676141146099,,,,,,,,,,,,0.03519067024522338,-0.6396574830308168,0.31155509612693744,-0.9339327200161356
hold,year1,0.99336223244,-0.2842643988144937,0.9938735807815596,3,259.76756,,0.0,0,0,2,1.001740766296997,,,,,,,,,,,,0.99336223244,-0.26936932801687963,1.6048795116724717,0.26342617884719555
hold,year2,0.7257686570200002,-0.4862604283822092,0.9933318111237183,1,259.34298,,0.0,0,0,0,0.997473,,,,,,,,,,,,0.7218976774150376,-0.4518653467603292,1.2454476862471926,-0.1859636591143059
hold,year3,0.542657742,-0.3886462059819238,0.9928852799202154,1,258.25800000000004,,0.0,0,0,0,0.9933,,,,,,,,,,,,0.542657742,-0.3746681966013059,0.9918960124437607,-0.14946257354669723
