base,start,end,trainingStart,trainingEnd,choice
D,2025-01-02,2025-03-31,2023-12-18,2024-12-31,D_previous_low
D,2025-04-01,2025-06-30,2024-03-15,2025-03-31,D_deadline10
D,2025-07-01,2025-09-30,2024-06-17,2025-06-30,D_previous_low
D,2025-10-09,2025-12-31,2024-09-19,2025-09-30,D_original
D,2026-01-05,2026-03-31,2024-12-19,2025-12-31,D_vwap
D,2026-04-01,2026-06-30,2025-03-18,2026-03-31,D_vwap
D,2026-07-01,2026-09-30,2025-06-17,2026-06-30,D_vwap
D,2026-10-08,2026-10-08,2025-09-16,2026-09-30,D_original
L,2025-01-02,2025-03-31,2023-12-18,2024-12-31,L_previous_low
L,2025-04-01,2025-06-30,2024-03-15,2025-03-31,L_two_low
L,2025-07-01,2025-09-30,2024-06-17,2025-06-30,L_deadline10
L,2025-10-09,2025-12-31,2024-09-19,2025-09-30,L_vwap
L,2026-01-05,2026-03-31,2024-12-19,2025-12-31,L_vwap
L,2026-04-01,2026-06-30,2025-03-18,2026-03-31,L_original
L,2026-07-01,2026-09-30,2025-06-17,2026-06-30,L_vwap
L,2026-10-08,2026-10-08,2025-09-16,2026-09-30,L_original
