date,officialClose,yahooClose,difference
2026-02-02,706.0,706.0,0.0
2026-02-03,755.0,755.0,0.0
2026-02-04,797.0,797.0,0.0
2026-02-05,760.0,760.0,0.0
2026-02-06,745.0,745.0,0.0
2026-02-09,797.0,797.0,0.0
2026-02-10,846.0,846.0,0.0
2026-02-11,829.0,829.0,0.0
2026-02-23,818.0,818.0,0.0
2026-02-24,833.0,833.0,0.0
2026-02-25,845.0,845.0,0.0
2026-02-26,826.0,826.0,0.0
2025-08-01,378.0,,
2025-08-04,362.0,362.0,0.0
2025-08-05,366.5,366.5,0.0
2025-08-06,368.0,368.0,0.0
2025-08-07,372.0,372.0,0.0
2025-08-08,409.0,409.0,0.0
2025-08-11,440.5,440.5,0.0
2025-08-12,461.0,461.0,0.0
2025-08-13,460.0,460.0,0.0
2025-08-14,466.0,466.0,0.0
2025-08-15,465.5,465.5,0.0
2025-08-18,478.5,478.5,0.0
2025-08-19,468.0,468.0,0.0
2025-08-20,443.5,443.5,0.0
2025-08-21,449.0,449.0,0.0
2025-08-22,459.0,459.0,0.0
2025-08-25,465.5,465.5,0.0
2025-08-26,458.0,458.0,0.0
2025-08-27,476.0,476.0,0.0
2025-08-28,486.0,486.0,0.0
2025-08-29,505.0,505.0,0.0
