base,start,end,choice
D,2025-01-02,2025-03-31,D_us_strength
D,2025-04-01,2025-06-30,D_base
D,2025-07-01,2025-09-30,D_base
D,2025-10-09,2025-12-31,D_risk
D,2026-01-05,2026-03-31,D_risk
D,2026-04-01,2026-06-30,D_base
D,2026-07-01,2026-09-30,D_peer_strength
D,2026-10-08,2026-10-08,D_risk
L,2025-01-02,2025-03-31,L_us_strength
L,2025-04-01,2025-06-30,L_base
L,2025-07-01,2025-09-30,L_base
L,2025-10-09,2025-12-31,L_risk
L,2026-01-05,2026-03-31,L_risk
L,2026-04-01,2026-06-30,L_base
L,2026-07-01,2026-09-30,L_peer_strength
L,2026-10-08,2026-10-08,L_risk
