base,date,period,TTMI,GCE,TTMIrelative,GCErelative,gap,tenClose,tenNext945,buyQuantity,newReturn,returnWithoutDate,marginalEndNAV
D,2023-11-06,train,0.0442225296230822,0.0271740311555337,0.0324735906357516,0.0204227037959043,0.0085298544907175,0.0187747035573124,0.0128458498023715,25400,5.279332242559996,5.2981925744400025,-18860.331880006008
D,2023-11-13,train,0.0311368094450354,0.0255814685340438,0.0086546360651149,0.0293424731699258,0.0088289962825278,-0.022461814914645,-0.018418688230009,23100,5.279332242559996,5.315198509209997,-35866.26665000059
D,2023-12-11,train,0.0269337262190632,0.0601336401278049,0.0224771463523583,0.0540423395716098,-0.0231935771632472,0.0150204824761037,0.0323167956304051,11100,5.279332242559996,5.202571645469999,76760.5970899975
D,2024-02-06,train,0.0007067299753662,0.0311202318441974,0.0020120589694381,0.0291190820265978,-0.0201729106628243,0.0538426138978369,0.082834790612057,22100,5.279332242559996,5.038145708880001,241186.5336799957
D,2024-02-19,train,0.0822959596987522,0.1066399483415962,0.085582996682702,0.0783918437159805,0.0240096038415367,0.0319069069069068,-0.010135135135135,19500,5.279332242559996,5.3513038776699995,-71971.63511000294
D,2024-08-19,train,0.006403460015957,0.0508474679470982,0.005117642940728,0.0301049864833551,-0.0041493775933609,-0.0114908662345315,-0.0044195639363582,11100,5.279332242559996,5.318956845489997,-39624.60293000098
D,2024-09-13,train,0.0117712490289521,0.0327455715967779,0.0019552693344047,0.0031582956707638,-0.0059654631083202,0.0128205128205127,0.0122242098986287,17800,5.279332242559996,5.2733619635599975,5970.2789999991655
D,2024-10-15,train,0.0084166147020356,0.0187165521463987,2.5131887452012336e-05,0.0155006935663979,-0.0072582533364552,-0.0230479774223895,-0.0486829727187205,15300,5.279332242559996,5.5434268511699925,-264094.6086099958
D,2024-12-02,train,0.0099419957409394,0.0108991552561554,0.0011550867486165,0.0125315402611265,0.0179528403001072,-0.0114167099117798,-0.0096004151530876,17400,5.279332242559996,5.318184692649996,-38852.450089999475
D,2024-12-03,train,0.0205086143236881,0.0323449333184779,0.0096206647567966,0.0110342230433515,-0.0026246719160105,0.000525072197427,-0.006825938566553,0,5.279332242559996,5.30607154206,-26739.299500003457
D,2024-12-17,train,0.0357420390238791,0.0366378924902977,0.0213415325343659,0.0357942992429125,0.0,-0.0088697415103903,-0.0271160669031931,17200,5.279332242559996,5.351201129859999,-71868.88730000239
D,2024-12-27,train,0.0118389595601446,0.0085653569026595,0.0125183073862316,0.0074108158747749,0.0,-0.0034013605442175,-0.0157920310981535,16600,5.279332242559996,5.343782908819999,-64450.66626000218
D,2025-02-20,validation,0.011520707623388,0.0169132779326335,0.011242365642319,0.0195342958571312,0.0,0.0129186602870814,0.0129186602870814,18300,5.279332242559996,5.2511415450399985,28190.697519998066
D,2025-06-04,validation,0.0854557380704099,0.0529411246254729,0.0776387521490666,0.0470267095592631,0.018023817186997,0.0085080522637497,0.0273473108477668,22800,5.279332242559996,5.203478521960001,75853.720599995
D,2025-06-10,validation,0.0746538064752015,0.0295749058306282,0.0731817437142023,0.0235903741813194,-0.008514144465806,-0.0091373286750874,-0.0008062348830959,21100,5.279332242559996,5.29454700258,-15214.760020003654
D,2025-07-31,validation,0.004328093208809,0.0114449279836847,0.0029882392528901,0.000230094768794,0.0315712187958885,-0.0286552736060762,-0.0298636285171758,15700,5.279332242559996,5.385824534639999,-106492.29208000284
D,2025-08-13,validation,0.0452813366986357,0.0465380625094624,0.032712512693573,0.0455909358702795,0.0166100415251038,0.028047274651614,-0.0017639795378372,15700,5.279332242559996,5.297933386860002,-18601.1443000054
D,2025-08-29,validation,0.0539326185590764,0.0210083832861138,0.0476726694514051,0.0325684291003038,0.0059263880224578,0.0587963675542559,0.0418654763737109,14300,5.279332242559996,5.201392712059998,77939.53049999848
D,2025-09-11,validation,0.038445417851213,0.0516128669808979,0.0381179940105693,0.038037823046708,0.0381222432262131,0.0273650139767545,0.0598793585405326,15000,5.279332242559996,5.154687182999998,124645.0595599981
D,2025-11-26,validation,0.0549738152234493,0.1000000341483908,0.0488102094177878,0.0846089237489713,0.015683345780433,0.024476016317344,0.0233506822337881,15800,5.279332242559996,5.198634099779998,80698.14277999848
D,2025-12-23,validation,0.0073885236253783,0.0690789134476472,0.0025950673878032,0.0527124600334556,0.0,-0.0213757193751713,-0.0080844066867635,17100,5.279332242559996,5.346800591419999,-67468.34886000305
D,2026-04-09,validation,0.0660690653450066,0.0765911923145832,0.03633700894506,0.0305013074055795,0.0072558582133936,-0.0006984866123399,0.0041909196740395,17200,5.279332242559996,5.2357163135599984,43615.928999997675
D,2026-04-10,validation,0.0158715194085383,0.097194390258684,0.0091068289311488,0.0943239273156257,0.0083876980428705,0.0133088572739787,0.0153740247820102,0,5.279332242559996,5.190043207259998,89289.03529999871
D,2026-04-20,validation,0.0796202645539687,0.0085836565676304,0.0665361648999709,0.0174083768935536,-0.0067581404874051,-0.0018333672845793,-0.009268690160929,15600,5.279332242559996,5.275508841199997,3823.4013599995524
D,2026-05-27,validation,0.0370155794391029,0.0140351182920408,0.0192603852305046,0.0167623260898628,-0.023620275944811,-0.0273692191053829,-0.0142532221379833,13400,5.279332242559996,5.358955908640001,-79623.66608000454
D,2026-06-18,validation,0.0156328043319118,0.018587377244029,0.0257032298475115,0.0170986101067707,-0.0037529853292392,0.0103149122207801,0.0322426395245578,14300,5.279332242559996,5.220600448719997,58731.793839999475
D,2026-08-05,recent,0.0955366247762277,0.0286697247706422,0.0615686785154117,0.0292632285868663,-0.018967522591035,0.0131463628396144,0.0134092900964066,23900,5.279332242559996,5.171864127259999,107468.11529999692
D,2026-08-07,recent,0.0389333379836309,0.0478723404255319,0.0426277130310116,0.0526895255572722,0.0199658703071672,0.0300327332242225,0.0088379705400982,22700,5.279332242559996,5.25779607798,21536.164579995908
L,2023-11-06,train,0.0442225296230822,0.0271740311555337,0.0324735906357516,0.0204227037959043,0.0085298544907175,0.0187747035573124,0.0128458498023715,25300,11.74384916434316,11.756326358383376,-12477.194040216506
L,2023-11-13,train,0.0311368094450354,0.0255814685340438,0.0086546360651149,0.0293424731699258,0.0088289962825278,-0.022461814914645,-0.018418688230009,23000,11.74384916434316,11.794224792780577,-50375.62843741663
L,2023-12-11,train,0.0269337262190632,0.0601336401278049,0.0224771463523583,0.0540423395716098,-0.0231935771632472,0.0150204824761037,0.0323167956304051,9000,11.74384916434316,11.668874916085855,74974.24825730547
L,2024-02-06,train,0.0007067299753662,0.0311202318441974,0.0020120589694381,0.0291190820265978,-0.0201729106628243,0.0538426138978369,0.082834790612057,22100,11.74384916434316,11.531197918342205,212651.24600095488
L,2024-02-19,train,0.0822959596987522,0.1066399483415962,0.085582996682702,0.0783918437159805,0.0240096038415367,0.0319069069069068,-0.010135135135135,19400,11.74384916434316,11.831158107199483,-87308.94285632297
L,2024-08-19,train,0.006403460015957,0.0508474679470982,0.005117642940728,0.0301049864833551,-0.0041493775933609,-0.0114908662345315,-0.0044195639363582,0,11.74384916434316,11.785546834569596,-41697.67022643611
L,2024-09-13,train,0.0117712490289521,0.0327455715967779,0.0019552693344047,0.0031582956707638,-0.0059654631083202,0.0128205128205127,0.0122242098986287,18700,11.74384916434316,11.738593087914197,5256.076428962871
L,2024-10-15,train,0.0084166147020356,0.0187165521463987,2.5131887452012336e-05,0.0155006935663979,-0.0072582533364552,-0.0230479774223895,-0.0486829727187205,16600,11.74384916434316,11.988216084331416,-244366.91998825595
L,2024-12-02,train,0.0099419957409394,0.0108991552561554,0.0011550867486165,0.0125315402611265,0.0179528403001072,-0.0114167099117798,-0.0096004151530876,19600,11.74384916434316,11.794217194762147,-50368.03041898832
L,2024-12-03,train,0.0205086143236881,0.0323449333184779,0.0096206647567966,0.0110342230433515,-0.0026246719160105,0.000525072197427,-0.006825938566553,0,11.74384916434316,11.778484918162242,-34635.75381908193
L,2024-12-17,train,0.0357420390238791,0.0366378924902977,0.0213415325343659,0.0357942992429125,0.0,-0.0088697415103903,-0.0271160669031931,19100,11.74384916434316,11.818030168613966,-74181.00427080691
L,2024-12-27,train,0.0118389595601446,0.0085653569026595,0.0125183073862316,0.0074108158747749,0.0,-0.0034013605442175,-0.0157920310981535,17700,11.74384916434316,11.802586232043463,-58737.06770030409
L,2025-02-20,validation,0.011520707623388,0.0169132779326335,0.011242365642319,0.0195342958571312,0.0,0.0129186602870814,0.0129186602870814,22000,11.74384916434316,11.720318533775918,23530.63056724146
L,2025-06-04,validation,0.0854557380704099,0.0529411246254729,0.0776387521490666,0.0470267095592631,0.018023817186997,0.0085080522637497,0.0273473108477668,29500,11.74384916434316,11.64223952502805,101609.6393151097
L,2025-06-10,validation,0.0746538064752015,0.0295749058306282,0.0731817437142023,0.0235903741813194,-0.008514144465806,-0.0091373286750874,-0.0008062348830959,26500,11.74384916434316,11.755496616433827,-11647.45209066756
L,2025-07-31,validation,0.004328093208809,0.0114449279836847,0.0029882392528901,0.000230094768794,0.0315712187958885,-0.0286552736060762,-0.0298636285171758,22200,11.74384916434316,11.883381804131405,-139532.63978824578
L,2025-08-13,validation,0.0452813366986357,0.0465380625094624,0.032712512693573,0.0455909358702795,0.0166100415251038,0.028047274651614,-0.0017639795378372,21300,11.74384916434316,11.785607711274688,-41758.546931527555
L,2025-08-29,validation,0.0539326185590764,0.0210083832861138,0.0476726694514051,0.0325684291003038,0.0059263880224578,0.0587963675542559,0.0418654763737109,19400,11.74384916434316,11.6330953264274,110753.83791575953
L,2025-09-11,validation,0.038445417851213,0.0516128669808979,0.0381179940105693,0.038037823046708,0.0381222432262131,0.0273650139767545,0.0598793585405326,21500,11.74384916434316,11.565797718728207,178051.4456149526
L,2025-11-26,validation,0.0549738152234493,0.1000000341483908,0.0488102094177878,0.0846089237489713,0.015683345780433,0.024476016317344,0.0233506822337881,22400,11.74384916434316,11.604818204167103,139030.96017605625
L,2025-12-23,validation,0.0073885236253783,0.0690789134476472,0.0025950673878032,0.0527124600334556,0.0,-0.0213757193751713,-0.0080844066867635,25500,11.74384916434316,11.831982747719996,-88133.58337683603
L,2026-04-09,validation,0.0660690653450066,0.0765911923145832,0.03633700894506,0.0305013074055795,0.0072558582133936,-0.0006984866123399,0.0041909196740395,27000,11.74384916434316,11.668309867730052,75539.29661310837
L,2026-04-10,validation,0.0158715194085383,0.097194390258684,0.0091068289311488,0.0943239273156257,0.0083876980428705,0.0133088572739787,0.0153740247820102,0,11.74384916434316,11.557102600456185,186746.563886974
L,2026-04-20,validation,0.0796202645539687,0.0085836565676304,0.0665361648999709,0.0174083768935536,-0.0067581404874051,-0.0018333672845793,-0.009268690160929,24500,11.74384916434316,11.744232202805344,-383.03846218436956
L,2026-05-27,validation,0.0370155794391029,0.0140351182920408,0.0192603852305046,0.0167623260898628,-0.023620275944811,-0.0273692191053829,-0.0142532221379833,22100,11.74384916434316,11.883276923533487,-139427.75919032656
L,2026-06-18,validation,0.0156328043319118,0.018587377244029,0.0257032298475115,0.0170986101067707,-0.0037529853292392,0.0103149122207801,0.0322426395245578,25000,11.74384916434316,11.64310918457456,100739.97976860031
L,2026-08-05,recent,0.0955366247762277,0.0286697247706422,0.0615686785154117,0.0292632285868663,-0.018967522591035,0.0131463628396144,0.0134092900964066,45700,11.74384916434316,11.529481351262692,214367.81308046728
L,2026-08-07,recent,0.0389333379836309,0.0478723404255319,0.0426277130310116,0.0526895255572722,0.0199658703071672,0.0300327332242225,0.0088379705400982,42900,11.74384916434316,11.738666515009143,5182.649334017187
