name,period,changedDays
D_risk,full,56
D_risk,train,17
D_risk,validation,30
D_risk,recent,9
D_risk,older,39
D_risk,year1,13
D_risk,year2,17
D_risk,year3,26
D_us_strength,full,66
D_us_strength,train,27
D_us_strength,validation,33
D_us_strength,recent,6
D_us_strength,older,36
D_us_strength,year1,21
D_us_strength,year2,20
D_us_strength,year3,25
D_peer_strength,full,28
D_peer_strength,train,12
D_peer_strength,validation,14
D_peer_strength,recent,2
D_peer_strength,older,11
D_peer_strength,year1,7
D_peer_strength,year2,12
D_peer_strength,year3,9
L_risk,full,56
L_risk,train,17
L_risk,validation,30
L_risk,recent,9
L_risk,older,39
L_risk,year1,13
L_risk,year2,17
L_risk,year3,26
L_us_strength,full,66
L_us_strength,train,27
L_us_strength,validation,33
L_us_strength,recent,6
L_us_strength,older,36
L_us_strength,year1,21
L_us_strength,year2,20
L_us_strength,year3,25
L_peer_strength,full,28
L_peer_strength,train,12
L_peer_strength,validation,14
L_peer_strength,recent,2
L_peer_strength,older,11
L_peer_strength,year1,7
L_peer_strength,year2,12
L_peer_strength,year3,9
