pool,trainStart,trainEnd,applyStart,applyEnd,choice,score
cash,2021-09-02,2023-09-28,2023-10-09,2024-01-04,core75_lev100,-0.3931553484771925
cash,2021-12-09,2024-01-04,2024-01-05,2024-04-12,core50_lev100,-0.5069731943440267
cash,2022-03-16,2024-04-12,2024-04-15,2024-07-16,core90_lev100,-0.27277443437210513
cash,2022-06-21,2024-07-16,2024-07-17,2024-10-22,core90_lev100,-0.21801044938599995
cash,2022-09-19,2024-10-22,2024-10-23,2025-01-20,core75_lev100,0.16792028904984696
cash,2022-12-22,2025-01-20,2025-01-21,2025-04-28,core50_lev100,0.13619186860220772
cash,2023-03-29,2025-04-28,2025-04-29,2025-07-30,D,-0.10866670608291784
cash,2023-07-04,2025-07-30,2025-07-31,2025-11-04,D,0.029403074046305377
cash,2023-10-09,2025-11-04,2025-11-05,2026-02-03,trend60_floor75_lev100,0.13363765971195818
cash,2024-01-05,2026-02-03,2026-02-04,2026-05-15,D,0.17339257089218246
cash,2024-04-15,2026-05-15,2026-05-18,2026-06-30,trend60_floor75_lev100,0.22982577031666135
finance,2021-09-02,2023-09-28,2023-10-09,2024-01-04,core75_lev100,-0.3931553484771925
finance,2021-12-09,2024-01-04,2024-01-05,2024-04-12,core50_lev100,-0.5069731943440267
finance,2022-03-16,2024-04-12,2024-04-15,2024-07-16,core90_lev100,-0.27277443437210513
finance,2022-06-21,2024-07-16,2024-07-17,2024-10-22,core90_lev100,-0.21801044938599995
finance,2022-09-19,2024-10-22,2024-10-23,2025-01-20,core90_lev150,0.1764951478091697
finance,2022-12-22,2025-01-20,2025-01-21,2025-04-28,core75_lev150,0.14657398424510176
finance,2023-03-29,2025-04-28,2025-04-29,2025-07-30,all_full150,-0.09925930794021054
finance,2023-07-04,2025-07-30,2025-07-31,2025-11-04,all_full150,0.08023642143919518
finance,2023-10-09,2025-11-04,2025-11-05,2026-02-03,trend60_floor75_lev150,0.17601048743662223
finance,2024-01-05,2026-02-03,2026-02-04,2026-05-15,all_full150,0.2655552911389434
finance,2024-04-15,2026-05-15,2026-05-18,2026-06-30,all_full150,0.3775978935579726
