name,removedDate,originalReturn,removedReturn,returnDifference
D_open,2026-07-15,0.3291738093000003,0.3294662851200001,-0.00029247581999980454
D_open,2026-07-24,0.3291738093000003,0.32144590907000015,0.00772790023000014
D_open,2026-08-03,0.3291738093000003,0.30901444976000025,0.020159359540000032
D_open,2026-08-05,0.3291738093000003,0.32413724279999956,0.005036566500000728
D_open,2026-08-27,0.3291738093000003,0.3064179383600001,0.0227558709400002
L_open,2026-07-15,0.4466887963605426,0.44813307215660125,-0.0014442757960586583
L_open,2026-07-24,0.4466887963605426,0.4288004612893406,0.01788833507120202
L_open,2026-08-03,0.4466887963605426,0.4046521366920661,0.04203665966847647
L_open,2026-08-05,0.4466887963605426,0.44102585885674417,0.005662937503798426
L_open,2026-08-27,0.4466887963605426,0.4102314585672453,0.036457337793297295
