base,start,trainingEnd,choice
D,2025-01-02,2024-12-31,D_none
D,2025-04-01,2025-03-31,D_none
D,2025-07-01,2025-06-30,D_none
D,2025-10-09,2025-09-30,D_none
D,2026-01-05,2025-12-31,D_open
D,2026-04-01,2026-03-31,D_open
D,2026-07-01,2026-06-30,D_open
D,2026-10-08,2026-09-30,D_open
L,2025-01-02,2024-12-31,L_none
L,2025-04-01,2025-03-31,L_none
L,2025-07-01,2025-06-30,L_none
L,2025-10-09,2025-09-30,L_none
L,2026-01-05,2025-12-31,L_open
L,2026-04-01,2026-03-31,L_open
L,2026-07-01,2026-06-30,L_open
L,2026-10-08,2026-09-30,L_open
