name,date,price,shares,toClose,overnightTo0935,toNext0945,gap,period
D_vwap,2023-11-03,20.005870967741934,15500,-0.0037924351238829423,0.008529854490717526,0.009203749866974587,-0.009137055837563413,train
D_vwap,2023-11-20,21.10267441860465,8600,-0.00344384873514314,0.006181645268663827,0.005085875812059548,-0.012229539040451654,train
D_vwap,2023-11-28,20.50048780487805,8200,0.0029029648312948186,-0.0024319066147858726,-0.0014871746061961844,0.0,train
D_vwap,2023-11-29,20.60303370786517,8900,-0.004030169005328155,-0.00828460038986345,-0.007427726908331489,-0.0043774319066147704,train
D_vwap,2023-12-01,20.779745762711865,11800,0.011561943058959745,-0.0028544243577544037,0.014449370108604587,-0.002418964683115643,train
D_vwap,2023-12-08,22.453405405405405,18500,-0.0014877656552427787,-0.03835860838537031,-0.029545870366982196,0.0004782400765184214,train
D_vwap,2023-12-20,21.589642857142856,11200,-0.005541678384145876,0.0,-0.0069312335610658415,0.0,train
D_vwap,2023-12-26,22.232301255230126,23900,0.0066434303437268305,-0.018766756032171483,-0.0104488173564794,0.0018198362147405778,train
D_vwap,2023-12-29,22.28878260869565,11500,-0.007572535999781471,-0.008137432188065064,-0.00846984835421205,0.0,train
D_vwap,2024-01-10,20.578857142857142,7000,-0.00723349901424486,0.01566324033284383,0.009774248188154422,-0.010019083969465714,train
D_vwap,2024-01-17,21.05328125,12800,-0.015830370859649334,-0.01399613899613894,-0.03150488715387301,-0.006753497346840387,train
D_vwap,2024-01-24,22.401090909090907,11000,0.006647403535542162,0.007982261640798294,0.020039608460627134,-0.0008814455707359947,train
D_vwap,2024-03-01,27.010558375634517,19700,0.00886474174415719,0.01688073394495415,0.030708051748893128,0.00037878787878797837,train
D_vwap,2024-03-14,30.17,8900,-0.002320185614849146,-0.0182724252491695,-0.016572754391779965,-0.031825795644891186,train
D_vwap,2024-03-27,30.299767441860464,8600,-0.007253106555426769,0.01728723404255339,0.018159629746179684,-0.005787781350482302,train
D_vwap,2024-03-29,30.0,8600,0.006000000000000005,-0.0016567263088138606,0.023333333333333206,-0.015101772816808912,train
D_vwap,2024-04-09,29.660795454545454,8800,0.002670344616209741,-0.013113651647612579,-0.030369902112905356,-0.004663557628247883,train
D_vwap,2024-04-15,30.658595505617978,17800,-0.004520608440545915,-0.03014416775884665,-0.017567520518651403,-0.010912698412698374,train
D_vwap,2024-05-16,33.21450292397661,17100,-0.010070989914924722,-0.019768856447688776,-0.03656544030649622,0.02322661644695545,train
D_vwap,2024-05-31,31.26888888888889,9000,-0.0006040793120603016,0.037760000000000016,0.03649349726387596,-0.008667736757624334,train
D_vwap,2024-06-04,33.483258426966295,8900,0.0037852221972407563,-0.0020827134781314927,-0.0033825389847687015,-0.005979073243647326,train
D_vwap,2024-06-14,36.88,8700,0.0048806941431669415,0.0024284943335131093,0.002169197396963085,-0.004067402672864651,train
D_vwap,2024-07-05,37.12,7300,0.026400862068965525,-0.010761154855643107,0.013739224137931272,-0.0034843205574913716,train
D_vwap,2024-08-07,31.893953488372095,8600,-0.012038441346322148,-0.02253252935576011,-0.026461237823018124,-0.006091696056428342,train
D_vwap,2024-08-12,32.921732283464564,12700,-0.002482624023572799,0.035322777101096214,0.03578996713752036,-0.009256402344955172,train
D_vwap,2024-08-19,33.76720588235294,13600,-0.006432450558974345,0.016393442622950838,0.0006750371270420885,-0.004149377593360981,train
D_vwap,2024-08-22,33.97,8300,0.005887547836326279,-0.03189932689493713,-0.0217839269944069,0.0,train
D_vwap,2024-09-27,36.46,9100,0.001645639056500281,0.045454545454545414,0.021667580910586848,0.0005733944954127157,train
D_vwap,2024-10-15,42.54,7500,-0.02350728725905027,-0.026480500722195544,-0.04913023037141506,-0.007258253336455245,train
D_vwap,2024-10-18,42.87,7700,0.0060648472125031105,0.008346858335265495,0.0030324236062515553,-0.0004961548002977434,train
D_vwap,2024-10-25,45.03683544303797,7900,-0.016804809565165946,-0.01851851851851849,-0.06387738869167581,0.02433262461611152,train
D_vwap,2024-11-05,41.85672839506173,16200,-0.008283695557597337,0.0012045290291498034,-0.016406642883793787,-0.0014713094654242864,train
D_vwap,2024-11-12,41.28634146341464,16400,-0.010084242116332187,-0.00880841693173473,-0.007419922728830297,0.001699854298202963,train
D_vwap,2024-11-27,37.53395348837209,8600,0.005756028650028444,-0.006092715231788004,-0.01022949763315073,-0.0040938864628821126,train
D_vwap,2024-12-16,38.04367816091954,8700,-0.006405220859266536,0.01031746031746028,0.013834672789896585,0.0021108179419524475,train
D_vwap,2025-01-20,41.32528735632184,8700,-0.005451561761188106,0.007299270072992581,0.0037437765972241355,0.007301107754279945,validation
D_vwap,2025-01-21,41.90162790697674,12900,0.0013930745877666073,0.04027645376549094,0.041486982245236614,0.0048661800486617945,validation
D_vwap,2025-02-10,39.13263157894737,9500,0.0014659995696146844,0.0022965042102578437,0.019353884226382734,0.002557544757033181,validation
D_vwap,2025-03-11,34.45134615384615,10400,0.0014122480421105976,-0.008695652173912993,-0.005263833611503288,-0.016868896123113375,validation
D_vwap,2025-03-12,35.84519230769231,15600,-0.01297781592853875,0.0011305822498586249,-0.02274202634190825,0.0017391304347826875,validation
D_vwap,2025-04-11,27.623129770992367,26200,0.0020587902051327767,0.032153179190751446,0.01943553223181138,-0.020183486238532167,validation
D_vwap,2025-04-21,27.870375939849623,26600,0.008597805091238753,-0.018143009605122606,-0.010418802404256078,-0.00036062026685901305,validation
D_vwap,2025-05-06,29.92,13000,0.003676470588235281,0.002664002664002574,-0.0003342245989305104,0.016487455197132572,validation
D_vwap,2025-05-21,30.98308943089431,12300,-0.0026817671323460246,-0.006472491909385036,0.0028050969319743935,-0.006508298080052044,validation
D_vwap,2025-05-30,30.816885245901638,12200,0.005293031816706817,0.0009683666881858954,0.004319539532830152,-0.007364713416586621,validation
D_vwap,2025-06-30,43.06416216216216,18500,-0.011242809283947164,0.02771254109910748,0.024982207567087134,0.006542056074766434,validation
D_vwap,2025-07-02,42.77217391304348,9200,-0.006129543791168701,0.019995295224653153,0.016081158006017615,-0.01632282929041029,validation
D_vwap,2025-07-15,50.91,9100,0.010410528383421713,0.0017496111975117135,0.013160479277155801,0.020412414080400065,validation
D_vwap,2025-07-29,53.86372881355932,17700,0.02443706025248904,-0.02772743747734685,0.0021586174778789324,0.0068259385665527805,validation
D_vwap,2025-08-25,56.5835838150289,17300,0.024148632745460308,-0.00448662640207087,0.019907119857472066,0.012403379471508158,validation
D_vwap,2025-09-17,71.17,7200,-0.0037937333145987573,0.008039492242595037,-0.008852044400730619,0.0,validation
D_vwap,2025-09-19,76.29555555555555,7200,-0.005184516354527546,-0.012121212121212088,0.018145807240847134,0.009016176080615113,validation
D_vwap,2025-10-27,76.07820689655172,14500,0.018820016425928454,0.0,0.015271036882192002,0.03405826836274106,validation
D_vwap,2025-11-07,70.09490066225166,15100,-0.009343057142020439,-0.013824884792626668,-0.03915977676433002,-0.0177906495655773,validation
D_vwap,2025-11-20,65.17,7700,-0.0035292312413688354,-0.043424699722821036,-0.022556390977443552,0.0349166404529726,validation
D_vwap,2025-12-04,70.84792207792208,7700,-0.0010998498704927195,-0.013706372756817853,-0.03144654088050314,-0.00964495387195996,validation
D_vwap,2026-01-15,73.94103448275862,17400,0.02446497442043749,-0.0017161716171616437,0.011481655932733092,-0.0052974735126324335,validation
D_vwap,2026-01-22,76.29,8700,0.0006553938917288615,-0.010872412889703975,-0.029099488792764583,0.021621621621621623,validation
D_vwap,2026-02-25,74.95398058252427,10300,0.035301919883527155,0.025515463917525905,0.08599969431081345,0.008844665561083431,validation
D_vwap,2026-03-16,81.38,9300,0.03158024084541666,0.039904705181655675,0.07938068321454916,0.0027100271002709064,validation
D_vwap,2026-03-30,79.0989010989011,9100,0.0011517088080021942,-0.01818411415582777,-0.02135176437899411,-0.020337301587301626,validation
D_vwap,2026-04-09,86.3041304347826,9200,-0.005377847299363414,0.0018639328984155767,-0.0005113363005951888,0.0072558582133936955,validation
D_vwap,2026-05-06,105.65184210526316,7600,-0.008157378878491106,0.005821166141807499,-0.012416651514283505,0.02271619381885559,validation
D_vwap,2026-05-07,108.15894736842105,11400,-0.0025790503255442854,-0.004820170559881265,0.031075123356463674,0.0002862868594331047,validation
D_vwap,2026-05-21,108.36,7800,-0.0430047988187523,0.06046287367405978,0.016519010705057235,0.01930874686232853,validation
D_vwap,2026-05-25,122.22,7700,0.0026182294223531244,0.035825036722702874,0.03894616265750295,0.060927500657490974,validation
D_vwap,2026-06-09,140.34,7800,0.005344164172723431,-0.04564462399886593,-0.03092489667949272,0.007299270072992803,validation
D_vwap,2026-06-16,139.4619254658385,16100,0.008447284305206582,0.007608077360637289,0.04293698451501937,0.00328947368421062,validation
D_vwap,2026-07-06,130.41893617021276,9400,-0.012183324115901284,-0.012419467515330296,-0.00305888225995099,0.004802364240857004,recent
D_vwap,2026-07-15,140.42412621359225,20600,-0.02274627800591633,-0.022079720177803686,4.182889768400422e-05,0.0280755487493618,recent
D_vwap,2026-07-24,114.8038524590164,12200,-0.022506670322224642,0.012831937266084559,-0.0008175026970450583,-0.03231380680836349,recent
D_vwap,2026-08-03,102.25693430656935,13700,-0.006326556834080566,0.053833284125578196,0.06036818662022103,-0.016867469879518038,recent
D_vwap,2026-08-05,116.43,13300,-0.007128746886541415,-0.02249134948096876,-0.006871081336425444,-0.01896752259103507,recent
D_vwap,2026-08-27,122.20367816091954,26100,-0.0015030493654836219,0.01573512538928057,0.027383151550266494,0.023318235195437076,recent
D_vwap,2026-09-24,125.69165467625899,13900,-0.01306096797346945,-0.016525594518339348,-0.04416884072819516,-0.011631537861045982,recent
D_open,2023-11-03,20.005870967741934,15500,-0.0037924351238829423,0.008529854490717526,0.009203749866974587,-0.009137055837563413,train
D_open,2023-11-20,21.10267441860465,8600,-0.00344384873514314,0.006181645268663827,0.005085875812059548,-0.012229539040451654,train
D_open,2023-11-28,20.50048780487805,8200,0.0029029648312948186,-0.0024319066147858726,-0.0014871746061961844,0.0,train
D_open,2023-11-29,20.60303370786517,8900,-0.004030169005328155,-0.00828460038986345,-0.007427726908331489,-0.0043774319066147704,train
D_open,2023-12-01,20.779745762711865,11800,0.011561943058959745,-0.0028544243577544037,0.014449370108604587,-0.002418964683115643,train
D_open,2023-12-08,22.453405405405405,18500,-0.0014877656552427787,-0.03835860838537031,-0.029545870366982196,0.0004782400765184214,train
D_open,2023-12-20,21.726785714285715,11200,-0.01181885427796503,0.0,-0.013199638366072075,0.0,train
D_open,2023-12-26,22.231806722689075,23800,0.006665822492945672,-0.018766756032171483,-0.010426805413547457,0.0018198362147405778,train
D_open,2023-12-29,22.28878260869565,11500,-0.007572535999781471,-0.008137432188065064,-0.00846984835421205,0.0,train
D_open,2024-01-17,21.054094488188976,12700,-0.015868385523604367,-0.01399613899613894,-0.031542296371925294,-0.006753497346840387,train
D_open,2024-03-01,27.011020408163265,19600,0.008847484775677428,0.01688073394495415,0.030690421143297453,0.00037878787878797837,train
D_open,2024-03-14,30.17,8800,-0.002320185614849146,-0.0182724252491695,-0.016572754391779965,-0.031825795644891186,train
D_open,2024-03-29,30.14,8500,0.0013271400132712774,-0.0016567263088138606,0.01857996018579966,-0.015101772816808912,train
D_open,2024-04-15,30.658926553672316,17700,-0.00453135739860655,-0.03014416775884665,-0.01757812859914898,-0.010912698412698374,train
D_open,2024-05-16,33.21450292397661,17100,-0.010070989914924722,-0.019768856447688776,-0.03656544030649622,0.02322661644695545,train
D_open,2024-05-31,31.26888888888889,9000,-0.0006040793120603016,0.037760000000000016,0.03649349726387596,-0.008667736757624334,train
D_open,2024-06-04,33.483258426966295,8900,0.0037852221972407563,-0.0020827134781314927,-0.0033825389847687015,-0.005979073243647326,train
D_open,2024-06-14,36.88,8700,0.0048806941431669415,0.0024284943335131093,0.002169197396963085,-0.004067402672864651,train
D_open,2024-07-05,37.27000000000001,7300,0.02226992218942825,-0.010761154855643107,0.009659243359269931,-0.0034843205574913716,train
D_open,2024-08-07,31.893953488372095,8600,-0.012038441346322148,-0.02253252935576011,-0.026461237823018124,-0.006091696056428342,train
D_open,2024-08-12,32.921732283464564,12700,-0.002482624023572799,0.035322777101096214,0.03578996713752036,-0.009256402344955172,train
D_open,2024-08-19,33.76720588235294,13600,-0.006432450558974345,0.016393442622950838,0.0006750371270420885,-0.004149377593360981,train
D_open,2024-08-22,33.97,8300,0.005887547836326279,-0.03189932689493713,-0.0217839269944069,0.0,train
D_open,2024-09-27,36.46,9000,0.001645639056500281,0.045454545454545414,0.021667580910586848,0.0005733944954127157,train
D_open,2024-10-15,42.54,7500,-0.02350728725905027,-0.026480500722195544,-0.04913023037141506,-0.007258253336455245,train
D_open,2024-10-18,42.87,7700,0.0060648472125031105,0.008346858335265495,0.0030324236062515553,-0.0004961548002977434,train
D_open,2024-10-25,45.03683544303797,7900,-0.016804809565165946,-0.01851851851851849,-0.06387738869167581,0.02433262461611152,train
D_open,2024-11-05,41.85672839506173,16200,-0.008283695557597337,0.0012045290291498034,-0.016406642883793787,-0.0014713094654242864,train
D_open,2024-11-12,41.28634146341464,16400,-0.010084242116332187,-0.00880841693173473,-0.007419922728830297,0.001699854298202963,train
D_open,2024-11-27,37.53395348837209,8600,0.005756028650028444,-0.006092715231788004,-0.01022949763315073,-0.0040938864628821126,train
D_open,2024-12-16,38.04367816091954,8700,-0.006405220859266536,0.01031746031746028,0.013834672789896585,0.0021108179419524475,train
D_open,2025-01-20,41.32528735632184,8700,-0.005451561761188106,0.007299270072992581,0.0037437765972241355,0.007301107754279945,validation
D_open,2025-01-21,41.90162790697674,12900,0.0013930745877666073,0.04027645376549094,0.041486982245236614,0.0048661800486617945,validation
D_open,2025-02-10,39.26,9500,-0.001782985226693845,0.0022965042102578437,0.016046867040244495,0.002557544757033181,validation
D_open,2025-03-11,34.45134615384615,10400,0.0014122480421105976,-0.008695652173912993,-0.005263833611503288,-0.016868896123113375,validation
D_open,2025-03-12,35.84509677419355,15500,-0.012975185340506346,0.0011305822498586249,-0.022739421777216995,0.0017391304347826875,validation
D_open,2025-04-11,27.623448275862067,26100,0.0020472362310881564,0.032153179190751446,0.019423777899835404,-0.020183486238532167,validation
D_open,2025-04-21,27.87007575757576,26400,0.008608668469766378,-0.018143009605122606,-0.010408143849300777,-0.00036062026685901305,validation
D_open,2025-05-06,29.92,12900,0.003676470588235281,0.002664002664002574,-0.0003342245989305104,0.016487455197132572,validation
D_open,2025-05-21,30.98308943089431,12300,-0.0026817671323460246,-0.006472491909385036,0.0028050969319743935,-0.006508298080052044,validation
D_open,2025-05-30,31.03,12200,-0.0016113438607798791,0.0009683666881858954,-0.002578150177247829,-0.007364713416586621,validation
D_open,2025-06-30,43.06661202185792,18300,-0.011299055091934074,0.02771254109910748,0.02492390108600362,0.006542056074766434,validation
D_open,2025-07-15,50.91,9000,0.010410528383421713,0.0017496111975117135,0.013160479277155801,0.020412414080400065,validation
D_open,2025-07-29,53.862742857142855,17500,0.024455812552116596,-0.02772743747734685,0.002176961971062985,0.0068259385665527805,validation
D_open,2025-08-25,56.58105263157895,17100,0.0241944485786576,-0.00448662640207087,0.019952745944336936,0.012403379471508158,validation
D_open,2025-09-19,76.29690140845071,7100,-0.005202064580918098,-0.012121212121212088,0.018127847475023495,0.009016176080615113,validation
D_open,2025-10-27,76.07706293706293,14300,0.018835336271098013,0.0,0.015286303361883746,0.03405826836274106,validation
D_open,2026-01-15,73.94573033707866,17800,0.024399916732131155,-0.0017161716171616437,0.01141742273790225,-0.0052974735126324335,validation
D_open,2026-01-22,76.29,8900,0.0006553938917288615,-0.010872412889703975,-0.029099488792764583,0.021621621621621623,validation
D_open,2026-02-25,74.94857142857143,9800,0.03537663921927403,0.025515463917525905,0.08607807258310474,0.008844665561083431,validation
D_open,2026-03-16,81.85,9400,0.025656689065363558,0.039904705181655675,0.07318265119120348,0.0027100271002709064,validation
D_open,2026-03-30,79.09935483870967,9300,0.0011459658738703915,-0.01818411415582777,-0.021357378225832724,-0.020337301587301626,validation
D_open,2026-04-09,86.3004255319149,9400,-0.005335147875309421,0.0018639328984155767,-0.00046842795578039276,0.0072558582133936955,validation
D_open,2026-05-06,105.65384615384616,7800,-0.008176192209683242,0.005821166141807499,-0.012435384055333065,0.02271619381885559,validation
D_open,2026-05-07,108.15538461538462,11700,-0.0025461942219884293,-0.004820170559881265,0.031109088064181112,0.0002862868594331047,validation
D_open,2026-05-21,108.36,8000,-0.0430047988187523,0.06046287367405978,0.016519010705057235,0.01930874686232853,validation
D_open,2026-05-25,122.22,7800,0.0026182294223531244,0.035825036722702874,0.03894616265750295,0.060927500657490974,validation
D_open,2026-06-09,140.34,7900,0.005344164172723431,-0.04564462399886593,-0.03092489667949272,0.007299270072992803,validation
D_open,2026-06-16,139.43024390243903,16400,0.008676425312770908,0.007608077360637289,0.04317396232752091,0.00328947368421062,validation
D_open,2026-07-15,140.4082380952381,21000,-0.02263569530074383,-0.022079720177803686,0.00015499022747622604,0.0280755487493618,recent
D_open,2026-07-24,114.798,12500,-0.022456837227129434,0.012831937266084559,-0.0007665638774195793,-0.03231380680836349,recent
D_open,2026-08-03,102.25742857142858,14000,-0.006331359789438995,0.053833284125578196,0.06036306129348623,-0.016867469879518038,recent
D_open,2026-08-05,116.43,13600,-0.007128746886541415,-0.02249134948096876,-0.006871081336425444,-0.01896752259103507,recent
D_open,2026-08-27,122.19721804511278,26600,-0.0014502625178206552,0.01573512538928057,0.027437465504733805,0.023318235195437076,recent
D_volume,2023-12-08,22.453405405405405,18500,-0.0014877656552427787,-0.03835860838537031,-0.029545870366982196,0.0004782400765184214,train
D_volume,2023-12-26,22.230805084745764,23600,0.006711179135685308,-0.018766756032171483,-0.010382218901470952,0.0018198362147405778,train
D_volume,2023-12-29,22.28878260869565,11500,-0.007572535999781471,-0.008137432188065064,-0.00846984835421205,0.0,train
D_volume,2024-01-17,21.05576,12500,-0.015946230390164073,-0.01399613899613894,-0.03161890143124724,-0.006753497346840387,train
D_volume,2024-03-27,30.30047619047619,8400,-0.007276327576181463,0.01728723404255339,0.01813581430434863,-0.005787781350482302,train
D_volume,2024-05-16,33.21369047619048,16800,-0.010046775031810617,-0.019768856447688776,-0.036541873510278045,0.02322661644695545,train
D_volume,2024-06-14,36.88,8500,0.0048806941431669415,0.0024284943335131093,0.002169197396963085,-0.004067402672864651,train
D_volume,2024-09-27,36.46,8900,0.001645639056500281,0.045454545454545414,0.021667580910586848,0.0005733944954127157,train
D_volume,2024-10-18,42.87,7700,0.0060648472125031105,0.008346858335265495,0.0030324236062515553,-0.0004961548002977434,train
D_volume,2024-10-25,45.03683544303797,7900,-0.016804809565165946,-0.01851851851851849,-0.06387738869167581,0.02433262461611152,train
D_volume,2024-12-16,38.04272727272727,8800,-0.006380385690730517,0.01031746031746028,0.013860013860014009,0.0021108179419524475,train
D_volume,2025-01-20,41.325568181818184,8800,-0.005458320157287644,0.007299270072992581,0.003736955714737311,0.007301107754279945,validation
D_volume,2025-03-11,34.45134615384615,10400,0.0014122480421105976,-0.008695652173912993,-0.005263833611503288,-0.016868896123113375,validation
D_volume,2025-03-12,35.84519230769231,15600,-0.01297781592853875,0.0011305822498586249,-0.02274202634190825,0.0017391304347826875,validation
D_volume,2025-04-11,27.623129770992367,26200,0.0020587902051327767,0.032153179190751446,0.01943553223181138,-0.020183486238532167,validation
D_volume,2025-05-06,29.92,13000,0.003676470588235281,0.002664002664002574,-0.0003342245989305104,0.016487455197132572,validation
D_volume,2025-07-15,50.91,8900,0.010410528383421713,0.0017496111975117135,0.013160479277155801,0.020412414080400065,validation
D_volume,2025-07-29,53.86224137931035,17400,0.02446535062307742,-0.02772743747734685,0.00218629261750114,0.0068259385665527805,validation
D_volume,2025-08-25,56.579764705882354,17000,0.024217762326169456,-0.00448662640207087,0.01997596313793326,0.012403379471508158,validation
D_volume,2025-10-27,76.07588652482269,14100,0.018851091202326975,0.0,0.015302003412046572,0.03405826836274106,validation
D_volume,2025-11-20,65.17,7600,-0.0035292312413688354,-0.043424699722821036,-0.022556390977443552,0.0349166404529726,validation
D_volume,2026-01-15,75.05,17400,0.009327115256495766,-0.0017161716171616437,-0.00346435709526971,-0.0052974735126324335,validation
D_volume,2026-01-22,76.29,8600,0.0006553938917288615,-0.010872412889703975,-0.029099488792764583,0.021621621621621623,validation
D_volume,2026-02-25,74.95294117647059,10200,0.0353162768796107,0.025515463917525905,0.08601475435567418,0.008844665561083431,validation
D_volume,2026-03-16,81.38,9200,0.03158024084541666,0.039904705181655675,0.07938068321454916,0.0027100271002709064,validation
D_volume,2026-04-09,86.3041304347826,9200,-0.005377847299363414,0.0018639328984155767,-0.0005113363005951888,0.0072558582133936955,validation
D_volume,2026-05-21,108.36,7800,-0.0430047988187523,0.06046287367405978,0.016519010705057235,0.01930874686232853,validation
D_volume,2026-05-25,122.22,7600,0.0026182294223531244,0.035825036722702874,0.03894616265750295,0.060927500657490974,validation
D_volume,2026-06-09,140.34,7800,0.005344164172723431,-0.04564462399886593,-0.03092489667949272,0.007299270072992803,validation
D_volume,2026-06-16,142.39,16100,-0.012290188917761125,0.007608077360637289,0.02149027319334218,0.00328947368421062,validation
D_volume,2026-07-15,140.43230392156863,20400,-0.022803185820814642,-0.022079720177803686,-1.640592302687427e-05,0.0280755487493618,recent
D_volume,2026-08-05,116.43,13300,-0.007128746886541415,-0.02249134948096876,-0.006871081336425444,-0.01896752259103507,recent
D_volume,2026-08-27,122.21595238095239,25200,-0.0016033290019423774,0.01573512538928057,0.027279970855647706,0.023318235195437076,recent
L_vwap,2023-11-03,20.005870967741934,15500,-0.0037924351238829423,0.008529854490717526,0.009203749866974587,-0.009137055837563413,train
L_vwap,2023-11-20,21.10183908045977,8700,-0.003404399028248184,0.006181645268663827,0.00512566317693075,-0.012229539040451654,train
L_vwap,2023-11-28,20.484563106796116,10300,0.0036826215336198675,-0.0024319066147858726,-0.0007109307979962232,0.0,train
L_vwap,2023-12-01,20.779745762711865,11800,0.011561943058959745,-0.0028544243577544037,0.014449370108604587,-0.002418964683115643,train
L_vwap,2023-12-08,22.453405405405405,18500,-0.0014877656552427787,-0.03835860838537031,-0.029545870366982196,0.0004782400765184214,train
L_vwap,2023-12-20,21.605797101449276,13800,-0.006285215991414073,0.0,-0.0076737322243091155,0.0,train
L_vwap,2023-12-26,22.269628571428573,35000,0.004956141420024762,-0.018766756032171483,-0.012107457049126524,0.0018198362147405778,train
L_vwap,2023-12-29,22.28878260869565,11500,-0.007572535999781471,-0.008137432188065064,-0.00846984835421205,0.0,train
L_vwap,2024-01-10,20.578857142857142,7000,-0.00723349901424486,0.01566324033284383,0.009774248188154422,-0.010019083969465714,train
L_vwap,2024-01-17,21.059256198347107,12100,-0.016109600222905085,-0.01399613899613894,-0.031779669331324034,-0.006753497346840387,train
L_vwap,2024-01-24,22.394059405940595,10100,0.006963480413829659,0.007982261640798294,0.02035989035281638,-0.0008814455707359947,train
L_vwap,2024-03-01,27.0368085106383,28200,0.007885231323727204,0.01688073394495415,0.029707333579910733,0.00037878787878797837,train
L_vwap,2024-03-14,30.17,18100,-0.002320185614849146,-0.0182724252491695,-0.016572754391779965,-0.031825795644891186,train
L_vwap,2024-03-27,30.276363636363637,17600,-0.006485707422531961,0.01728723404255339,0.018946673072303577,-0.005787781350482302,train
L_vwap,2024-03-29,30.02305882352941,17000,0.00522735466073132,-0.0016567263088138606,0.02254737535071083,-0.015101772816808912,train
L_vwap,2024-04-09,29.683657142857143,17500,0.0018981103599093885,-0.013113651647612579,-0.031116689510726436,-0.004663557628247883,train
L_vwap,2024-04-15,30.649431279620853,21100,-0.004222958606964866,-0.03014416775884665,-0.017273771731382004,-0.010912698412698374,train
L_vwap,2024-05-16,33.21476744186047,17200,-0.01007887357472681,-0.019768856447688776,-0.03657311296810406,0.02322661644695545,train
L_vwap,2024-05-31,31.27583850931677,16100,-0.0008261492112856539,0.037760000000000016,0.03626318412999119,-0.008667736757624334,train
L_vwap,2024-06-04,33.483258426966295,8900,0.0037852221972407563,-0.0020827134781314927,-0.0033825389847687015,-0.005979073243647326,train
L_vwap,2024-06-14,36.88363636363636,8800,0.004781622794045148,0.0024284943335131093,0.0020703933747412417,-0.004067402672864651,train
L_vwap,2024-07-05,37.12,7300,0.026400862068965525,-0.010761154855643107,0.013739224137931272,-0.0034843205574913716,train
L_vwap,2024-08-07,31.865581395348837,17200,-0.011158792018799879,-0.02253252935576011,-0.025594430091518072,-0.006091696056428342,train
L_vwap,2024-08-12,32.921732283464564,12700,-0.002482624023572799,0.035322777101096214,0.03578996713752036,-0.009256402344955172,train
L_vwap,2024-08-19,33.76720588235294,13600,-0.006432450558974345,0.016393442622950838,0.0006750371270420885,-0.004149377593360981,train
L_vwap,2024-08-22,33.97,8400,0.005887547836326279,-0.03189932689493713,-0.0217839269944069,0.0,train
L_vwap,2024-09-27,36.45061224489796,9800,0.0019036101406433303,0.045454545454545414,0.021930708590880643,0.0005733944954127157,train
L_vwap,2024-10-15,42.53961038961039,7700,-0.02349834378959259,-0.026480500722195544,-0.04912152157652905,-0.007258253336455245,train
L_vwap,2024-10-18,42.88428571428572,16800,0.00572970452047028,0.008346858335265495,0.0026982910823145634,-0.0004961548002977434,train
L_vwap,2024-10-25,44.97244186046512,17200,-0.015397026085742449,-0.01851851851851849,-0.0625370058666419,0.02433262461611152,train
L_vwap,2024-11-05,41.82260223048327,26900,-0.0074744806351486615,0.0012045290291498034,-0.015604056076826467,-0.0014713094654242864,train
L_vwap,2024-11-12,41.222554744525546,27400,-0.008552471983128807,-0.00880841693173473,-0.005884029896467302,0.001699854298202963,train
L_vwap,2024-11-27,37.46033707865168,17800,0.0077325230880902485,-0.006092715231788004,-0.008284417676223788,-0.0040938864628821126,train
L_vwap,2024-12-16,38.034285714285716,9800,-0.0061598557692308376,0.01031746031746028,0.01408503605769229,0.0021108179419524475,train
L_vwap,2025-01-20,41.319641025641026,19500,-0.005315656675350278,0.007299270072992581,0.0038809382264346493,0.007301107754279945,validation
L_vwap,2025-01-21,41.89775862068966,17400,0.0014855539140847807,0.04027645376549094,0.04158316427098807,0.0048661800486617945,validation
L_vwap,2025-02-10,39.16471615720524,22900,0.0006455770723134968,0.0022965042102578437,0.018518807589042785,0.002557544757033181,validation
L_vwap,2025-03-11,34.451129032258066,12400,0.0014185592494275756,-0.008695652173912993,-0.0052575644789017995,-0.016868896123113375,validation
L_vwap,2025-03-12,35.84694915254237,17700,-0.013026189496777585,0.0011305822498586249,-0.022789921370042987,0.0017391304347826875,validation
L_vwap,2025-04-11,27.606833712984056,43900,0.002650296219284698,0.032153179190751446,0.020037295575688452,-0.020183486238532167,validation
L_vwap,2025-04-21,27.882480417754568,38300,0.008159947710410842,-0.018143009605122606,-0.010848404203019246,-0.00036062026685901305,validation
L_vwap,2025-05-06,29.922307692307694,23400,0.0035990642432968123,0.002664002664002574,-0.0004113216278054388,0.016487455197132572,validation
L_vwap,2025-05-21,30.97586666666667,15000,-0.0024492185314159975,-0.006472491909385036,0.003038924926501929,-0.006508298080052044,validation
L_vwap,2025-05-30,30.80264516129032,15500,0.005757779495267457,0.0009683666881858954,0.004783837165220461,-0.007364713416586621,validation
L_vwap,2025-06-30,42.96124277456647,34600,-0.008874109544898312,0.02771254109910748,0.02743768916599798,0.006542056074766434,validation
L_vwap,2025-07-02,42.76210526315789,11400,-0.0058955297361165115,0.019995295224653153,0.016320401732965895,-0.01632282929041029,validation
L_vwap,2025-07-15,50.91,11900,0.010410528383421713,0.0017496111975117135,0.013160479277155801,0.020412414080400065,validation
L_vwap,2025-07-29,54.11278735632184,34800,0.01972200464653162,-0.02772743747734685,-0.0024538997676735175,0.0068259385665527805,validation
L_vwap,2025-08-25,56.69302857142857,35000,0.022171534318152553,-0.00448662640207087,0.01793820958586001,0.012403379471508158,validation
L_vwap,2025-09-17,71.0836,10000,-0.002582874249475231,0.008039492242595037,-0.007647333562171843,0.0,validation
L_vwap,2025-09-19,76.18194174757282,10300,-0.0037008999915888463,-0.012121212121212088,0.01966421724181,0.009016176080615113,validation
L_vwap,2025-10-27,76.1671897810219,27400,0.017629772384128106,0.0,0.01408493896206986,0.03405826836274106,validation
L_vwap,2025-11-07,70.08303418803419,23400,-0.009175318898278828,-0.013824884792626668,-0.03899708709388083,-0.0177906495655773,validation
L_vwap,2025-11-20,65.16792452830188,10600,-0.00349749558470136,-0.043424699722821036,-0.022525261298821486,0.0349166404529726,validation
L_vwap,2025-12-04,70.80259259259259,10800,-0.0004603304963722854,-0.013706372756817853,-0.03082645017183916,-0.00964495387195996,validation
L_vwap,2026-01-15,74.30596816976127,37700,0.01943359148406021,-0.0017161716171616437,0.0065140370573317785,-0.0052974735126324335,validation
L_vwap,2026-01-22,76.21773809523809,25200,0.0016041135281283925,-0.010872412889703975,-0.028178979708822993,0.021621621621621623,validation
L_vwap,2026-02-25,74.98671140939598,14900,0.034850022643832856,0.025515463917525905,0.08552566808257756,0.008844665561083431,validation
L_vwap,2026-03-16,81.38,14000,0.03158024084541666,0.039904705181655675,0.07938068321454916,0.0027100271002709064,validation
L_vwap,2026-03-30,79.18714285714286,22400,3.608089336282205e-05,-0.01818411415582777,-0.022442315671736157,-0.020337301587301626,validation
L_vwap,2026-04-09,86.24281690140845,14200,-0.004670729875033364,0.0018639328984155767,0.00019924092473933008,0.0072558582133936955,validation
L_vwap,2026-05-06,105.55690376569038,23900,-0.007265311299701538,0.005821166141807499,-0.011528414743876891,0.02271619381885559,validation
L_vwap,2026-05-07,107.97201680672269,23800,-0.0008522282851066709,-0.004820170559881265,0.03286021043423171,0.0002862868594331047,validation
L_vwap,2026-05-21,107.88048192771085,24900,-0.03875104980076127,0.06046287367405978,0.021037337169201198,0.01930874686232853,validation
L_vwap,2026-05-25,122.18111111111111,12600,0.002937351654647591,0.035825036722702874,0.039276847666942505,0.060927500657490974,validation
L_vwap,2026-06-09,140.34,13200,0.005344164172723431,-0.04564462399886593,-0.03092489667949272,0.007299270072992803,validation
L_vwap,2026-06-16,138.41511056511055,40700,0.016074035745128112,0.007608077360637289,0.05082457692782194,0.00328947368421062,validation
L_vwap,2026-07-06,130.15984709480122,32700,-0.010217030247681724,-0.012419467515330296,-0.001074425776632637,0.004802364240857004,recent
L_vwap,2026-07-15,140.13870860927153,30200,-0.020755925597840896,-0.022079720177803686,0.0020785933709481785,0.0280755487493618,recent
L_vwap,2026-07-24,114.575687732342,26900,-0.02056010117822793,0.012831937266084559,0.0011722580096726887,-0.03231380680836349,recent
L_vwap,2026-08-03,102.22818713450292,17100,-0.00604712997296486,0.053833284125578196,0.06066636843845519,-0.016867469879518038,recent
L_vwap,2026-08-05,116.43,25400,-0.007128746886541415,-0.02249134948096876,-0.006871081336425444,-0.01896752259103507,recent
L_vwap,2026-08-27,121.99075060532688,41300,0.0002397673145544399,0.01573512538928057,0.029176387365532852,0.023318235195437076,recent
L_vwap,2026-09-24,125.28237704918033,24400,-0.009836794912476465,-0.016525594518339348,-0.04104629214659339,-0.011631537861045982,recent
L_open,2023-11-03,20.005870967741934,15500,-0.0037924351238829423,0.008529854490717526,0.009203749866974587,-0.009137055837563413,train
L_open,2023-11-20,21.10183908045977,8700,-0.003404399028248184,0.006181645268663827,0.00512566317693075,-0.012229539040451654,train
L_open,2023-11-28,20.484563106796116,10300,0.0036826215336198675,-0.0024319066147858726,-0.0007109307979962232,0.0,train
L_open,2023-12-01,20.779745762711865,11800,0.011561943058959745,-0.0028544243577544037,0.014449370108604587,-0.002418964683115643,train
L_open,2023-12-08,22.453405405405405,18500,-0.0014877656552427787,-0.03835860838537031,-0.029545870366982196,0.0004782400765184214,train
L_open,2023-12-20,21.721739130434784,13800,-0.01158927141713384,0.0,-0.012970376301040809,0.0,train
L_open,2023-12-26,22.269398280802292,34900,0.004966533796876504,-0.018766756032171483,-0.012097241129075842,0.0018198362147405778,train
L_open,2023-12-29,22.28878260869565,11500,-0.007572535999781471,-0.008137432188065064,-0.00846984835421205,0.0,train
L_open,2024-01-17,21.060166666666667,12000,-0.016152135548151758,-0.01399613899613894,-0.031821527211718825,-0.006753497346840387,train
L_open,2024-03-01,27.0368085106383,28200,0.007885231323727204,0.01688073394495415,0.029707333579910733,0.00037878787878797837,train
L_open,2024-03-14,30.17,18100,-0.002320185614849146,-0.0182724252491695,-0.016572754391779965,-0.031825795644891186,train
L_open,2024-03-29,30.107738095238094,16800,0.002400110713508985,-0.0016567263088138606,0.01967141812142903,-0.015101772816808912,train
L_open,2024-04-15,30.649431279620853,21100,-0.004222958606964866,-0.03014416775884665,-0.017273771731382004,-0.010912698412698374,train
L_open,2024-05-16,33.21476744186047,17200,-0.01007887357472681,-0.019768856447688776,-0.03657311296810406,0.02322661644695545,train
L_open,2024-05-31,31.27583850931677,16100,-0.0008261492112856539,0.037760000000000016,0.03626318412999119,-0.008667736757624334,train
L_open,2024-06-04,33.483258426966295,8900,0.0037852221972407563,-0.0020827134781314927,-0.0033825389847687015,-0.005979073243647326,train
L_open,2024-06-14,36.88363636363636,8800,0.004781622794045148,0.0024284943335131093,0.0020703933747412417,-0.004067402672864651,train
L_open,2024-07-05,37.27000000000001,7300,0.02226992218942825,-0.010761154855643107,0.009659243359269931,-0.0034843205574913716,train
L_open,2024-08-07,31.865581395348837,17200,-0.011158792018799879,-0.02253252935576011,-0.025594430091518072,-0.006091696056428342,train
L_open,2024-08-12,32.921732283464564,12700,-0.002482624023572799,0.035322777101096214,0.03578996713752036,-0.009256402344955172,train
L_open,2024-08-19,33.76720588235294,13600,-0.006432450558974345,0.016393442622950838,0.0006750371270420885,-0.004149377593360981,train
L_open,2024-08-22,33.97,8400,0.005887547836326279,-0.03189932689493713,-0.0217839269944069,0.0,train
L_open,2024-09-27,36.45061224489796,9800,0.0019036101406433303,0.045454545454545414,0.021930708590880643,0.0005733944954127157,train
L_open,2024-10-15,42.53961038961039,7700,-0.02349834378959259,-0.026480500722195544,-0.04912152157652905,-0.007258253336455245,train
L_open,2024-10-18,42.885621301775146,16900,0.00569838306655801,0.008346858335265495,0.0026670640357522313,-0.0004961548002977434,train
L_open,2024-10-25,44.97244186046512,17200,-0.015397026085742449,-0.01851851851851849,-0.0625370058666419,0.02433262461611152,train
L_open,2024-11-05,41.82260223048327,26900,-0.0074744806351486615,0.0012045290291498034,-0.015604056076826467,-0.0014713094654242864,train
L_open,2024-11-12,41.222554744525546,27400,-0.008552471983128807,-0.00880841693173473,-0.005884029896467302,0.001699854298202963,train
L_open,2024-11-27,37.46033707865168,17800,0.0077325230880902485,-0.006092715231788004,-0.008284417676223788,-0.0040938864628821126,train
L_open,2024-12-16,38.033535353535356,9900,-0.006140248371984458,0.01031746031746028,0.014105042864882567,0.0021108179419524475,train
L_open,2025-01-20,41.319641025641026,19500,-0.005315656675350278,0.007299270072992581,0.0038809382264346493,0.007301107754279945,validation
L_open,2025-01-21,41.89775862068966,17400,0.0014855539140847807,0.04027645376549094,0.04158316427098807,0.0048661800486617945,validation
L_open,2025-02-10,39.187510917030565,22900,6.351725106257256e-05,0.0022965042102578437,0.01792635119022412,0.002557544757033181,validation
L_open,2025-03-11,34.451129032258066,12400,0.0014185592494275756,-0.008695652173912993,-0.0052575644789017995,-0.016868896123113375,validation
L_open,2025-03-12,35.84694915254237,17700,-0.013026189496777585,0.0011305822498586249,-0.022789921370042987,0.0017391304347826875,validation
L_open,2025-04-11,27.606833712984056,43900,0.002650296219284698,0.032153179190751446,0.020037295575688452,-0.020183486238532167,validation
L_open,2025-04-21,27.882480417754568,38300,0.008159947710410842,-0.018143009605122606,-0.010848404203019246,-0.00036062026685901305,validation
L_open,2025-05-06,29.922307692307694,23400,0.0035990642432968123,0.002664002664002574,-0.0004113216278054388,0.016487455197132572,validation
L_open,2025-05-21,30.97586666666667,15000,-0.0024492185314159975,-0.006472491909385036,0.003038924926501929,-0.006508298080052044,validation
L_open,2025-05-30,31.027677419354838,15500,-0.001536609353979479,0.0009683666881858954,-0.002503488040854207,-0.007364713416586621,validation
L_open,2025-06-30,42.96124277456647,34600,-0.008874109544898312,0.02771254109910748,0.02743768916599798,0.006542056074766434,validation
L_open,2025-07-15,50.91,11900,0.010410528383421713,0.0017496111975117135,0.013160479277155801,0.020412414080400065,validation
L_open,2025-07-29,54.11158501440922,34700,0.0197446625395703,-0.02772743747734685,-0.0024317346160565023,0.0068259385665527805,validation
L_open,2025-08-25,56.69179190751445,34600,0.022193831772651773,-0.00448662640207087,0.017960414695422422,0.012403379471508158,validation
L_open,2025-09-19,76.18627450980392,10200,-0.003757560159567519,-0.012121212121212088,0.019606228284648086,0.009016176080615113,validation
L_open,2025-10-27,76.1671897810219,27400,0.017629772384128106,0.0,0.01408493896206986,0.03405826836274106,validation
L_open,2026-01-15,74.31989795918368,39200,0.019242518895837613,-0.0017161716171616437,0.006325385983098508,-0.0052974735126324335,validation
L_open,2026-01-22,76.21918604651162,25800,0.0015850858524604217,-0.010872412889703975,-0.028197441589052463,0.021621621621621623,validation
L_open,2026-02-25,74.98815789473684,15200,0.034830060886806624,0.025515463917525905,0.08550472881683069,0.008844665561083431,validation
L_open,2026-03-16,81.85,14300,0.025656689065363558,0.039904705181655675,0.07318265119120348,0.0027100271002709064,validation
L_open,2026-03-30,79.18714285714286,22400,3.608089336282205e-05,-0.01818411415582777,-0.022442315671736157,-0.020337301587301626,validation
L_open,2026-04-09,86.24048275862069,14500,-0.004643790779112367,0.0018639328984155767,0.0002263118289116406,0.0072558582133936955,validation
L_open,2026-05-06,105.54448979591837,24500,-0.007148547473934896,0.005821166141807499,-0.011412152337344827,0.02271619381885559,validation
L_open,2026-05-07,107.96333333333334,24300,-0.0007718669918800325,-0.004820170559881265,0.03294328321343665,0.0002862868594331047,validation
L_open,2026-05-21,107.86826771653543,25400,-0.03864220502260329,0.06046287367405978,0.021152951945614618,0.01930874686232853,validation
L_open,2026-05-25,122.15922480620155,12900,0.003117040030358176,0.035825036722702874,0.03946304670356526,0.060927500657490974,validation
L_open,2026-06-09,140.34,13500,0.005344164172723431,-0.04564462399886593,-0.03092489667949272,0.007299270072992803,validation
L_open,2026-06-16,138.39868105515586,41700,0.016194655380790124,0.007608077360637289,0.05094932185108014,0.00328947368421062,validation
L_open,2026-07-15,140.13870860927153,30200,-0.020755925597840896,-0.022079720177803686,0.0020785933709481785,0.0280755487493618,recent
L_open,2026-07-24,114.575687732342,26900,-0.02056010117822793,0.012831937266084559,0.0011722580096726887,-0.03231380680836349,recent
L_open,2026-08-03,102.22818713450292,17100,-0.00604712997296486,0.053833284125578196,0.06066636843845519,-0.016867469879518038,recent
L_open,2026-08-05,116.43,26100,-0.007128746886541415,-0.02249134948096876,-0.006871081336425444,-0.01896752259103507,recent
L_open,2026-08-27,121.99075060532688,41300,0.0002397673145544399,0.01573512538928057,0.029176387365532852,0.023318235195437076,recent
L_volume,2023-12-08,22.453405405405405,18500,-0.0014877656552427787,-0.03835860838537031,-0.029545870366982196,0.0004782400765184214,train
L_volume,2023-12-26,22.26869942196532,34600,0.0049980726725735725,-0.018766756032171483,-0.012066237766013455,0.0018198362147405778,train
L_volume,2023-12-29,22.28859649122807,11400,-0.0075642488881891845,-0.008137432188065064,-0.008461568735487313,0.0,train
L_volume,2024-01-17,21.06109243697479,11900,-0.01619538198198922,-0.01399613899613894,-0.03186408487513315,-0.006753497346840387,train
L_volume,2024-03-27,30.27232558139535,17200,-0.0063531815842239325,0.01728723404255339,0.01908259136059498,-0.005787781350482302,train
L_volume,2024-05-16,33.21476744186047,17200,-0.01007887357472681,-0.019768856447688776,-0.03657311296810406,0.02322661644695545,train
L_volume,2024-06-14,36.88,8500,0.0048806941431669415,0.0024284943335131093,0.002169197396963085,-0.004067402672864651,train
L_volume,2024-09-27,36.45288659793815,9700,0.001841099795527601,0.045454545454545414,0.021866948723532342,0.0005733944954127157,train
L_volume,2024-10-18,42.886941176470586,17000,0.005667432016876139,0.008346858335265495,0.002636206276969144,-0.0004961548002977434,train
L_volume,2024-10-25,44.97137931034483,17400,-0.015373762622970966,-0.01851851851851849,-0.06251485619206099,0.02433262461611152,train
L_volume,2024-12-16,38.035051546391756,9700,-0.006179866644983045,0.01031746031746028,0.014064617552989489,0.0021108179419524475,train
L_volume,2025-01-20,41.3199,20000,-0.005321890904866566,0.007299270072992581,0.0038746463568402056,0.007301107754279945,validation
L_volume,2025-03-11,34.451129032258066,12400,0.0014185592494275756,-0.008695652173912993,-0.0052575644789017995,-0.016868896123113375,validation
L_volume,2025-03-12,35.84694915254237,17700,-0.013026189496777585,0.0011305822498586249,-0.022789921370042987,0.0017391304347826875,validation
L_volume,2025-04-11,27.606833712984056,43900,0.002650296219284698,0.032153179190751446,0.020037295575688452,-0.020183486238532167,validation
L_volume,2025-05-06,29.922307692307694,23400,0.0035990642432968123,0.002664002664002574,-0.0004113216278054388,0.016487455197132572,validation
L_volume,2025-07-15,50.91,11800,0.010410528383421713,0.0017496111975117135,0.013160479277155801,0.020412414080400065,validation
L_volume,2025-07-29,54.107936046511625,34400,0.019813432775680484,-0.02772743747734685,-0.002364459926944007,0.0068259385665527805,validation
L_volume,2025-08-25,56.69179190751445,34600,0.022193831772651773,-0.00448662640207087,0.017960414695422422,0.012403379471508158,validation
L_volume,2025-10-27,76.1671897810219,27400,0.017629772384128106,0.0,0.01408493896206986,0.03405826836274106,validation
L_volume,2025-11-20,65.16792452830188,10600,-0.00349749558470136,-0.043424699722821036,-0.022525261298821486,0.0349166404529726,validation
L_volume,2026-01-15,75.05,38600,0.009327115256495766,-0.0017161716171616437,-0.00346435709526971,-0.0052974735126324335,validation
L_volume,2026-01-22,76.21798418972332,25300,0.0016008795243516172,-0.010872412889703975,-0.028182117548222307,0.021621621621621623,validation
L_volume,2026-02-25,74.98671140939598,14900,0.034850022643832856,0.025515463917525905,0.08552566808257756,0.008844665561083431,validation
L_volume,2026-03-16,81.38,14000,0.03158024084541666,0.039904705181655675,0.07938068321454916,0.0027100271002709064,validation
L_volume,2026-04-09,86.24281690140845,14200,-0.004670729875033364,0.0018639328984155767,0.00019924092473933008,0.0072558582133936955,validation
L_volume,2026-05-21,107.88048192771085,24900,-0.03875104980076127,0.06046287367405978,0.021037337169201198,0.01930874686232853,validation
L_volume,2026-05-25,122.18111111111111,12600,0.002937351654647591,0.035825036722702874,0.039276847666942505,0.060927500657490974,validation
L_volume,2026-06-09,140.34,13300,0.005344164172723431,-0.04564462399886593,-0.03092489667949272,0.007299270072992803,validation
L_volume,2026-06-16,142.39,40800,-0.012290188917761125,0.007608077360637289,0.02149027319334218,0.00328947368421062,validation
L_volume,2026-07-15,140.13870860927153,30200,-0.020755925597840896,-0.022079720177803686,0.0020785933709481785,0.0280755487493618,recent
L_volume,2026-08-05,116.43,24600,-0.007128746886541415,-0.02249134948096876,-0.006871081336425444,-0.01896752259103507,recent
L_volume,2026-08-27,121.99075060532688,41300,0.0002397673145544399,0.01573512538928057,0.029176387365532852,0.023318235195437076,recent
D_rolling,2026-01-15,73.94687150837989,17900,0.024384107871497696,-0.0017161716171616437,0.01140181422718567,-0.0052974735126324335,validation
D_rolling,2026-01-22,76.29,9000,0.0006553938917288615,-0.010872412889703975,-0.029099488792764583,0.021621621621621623,validation
D_rolling,2026-02-25,74.94969696969697,9900,0.03536109067091453,0.025515463917525905,0.08606176263675835,0.008844665561083431,validation
D_rolling,2026-03-16,81.85,9500,0.025656689065363558,0.039904705181655675,0.07318265119120348,0.0027100271002709064,validation
D_rolling,2026-03-30,79.09957446808511,9400,0.0011431860730346521,-0.01818411415582777,-0.021360095543457303,-0.020337301587301626,validation
D_rolling,2026-04-09,86.3004255319149,9400,-0.005335147875309421,0.0018639328984155767,-0.00046842795578039276,0.0072558582133936955,validation
D_rolling,2026-05-06,105.65384615384616,7800,-0.008176192209683242,0.005821166141807499,-0.012435384055333065,0.02271619381885559,validation
D_rolling,2026-05-07,108.15538461538462,11700,-0.0025461942219884293,-0.004820170559881265,0.031109088064181112,0.0002862868594331047,validation
D_rolling,2026-05-21,108.36,8000,-0.0430047988187523,0.06046287367405978,0.016519010705057235,0.01930874686232853,validation
D_rolling,2026-05-25,122.22,7900,0.0026182294223531244,0.035825036722702874,0.03894616265750295,0.060927500657490974,validation
D_rolling,2026-06-09,140.34,8000,0.005344164172723431,-0.04564462399886593,-0.03092489667949272,0.007299270072992803,validation
D_rolling,2026-06-16,139.4199393939394,16500,0.008750976448305803,0.007608077360637289,0.043251063171260595,0.00328947368421062,validation
D_rolling,2026-07-15,140.40051886792452,21200,-0.02258195976403088,-0.022079720177803686,0.00020997879718098744,0.0280755487493618,recent
D_rolling,2026-07-24,114.79611111111112,12600,-0.02244075244515642,0.012831937266084559,-0.0007501221973258421,-0.03231380680836349,recent
D_rolling,2026-08-03,102.25758865248227,14100,-0.006332915346586865,0.053833284125578196,0.06036140132831025,-0.016867469879518038,recent
D_rolling,2026-08-05,116.43,13700,-0.007128746886541415,-0.02249134948096876,-0.006871081336425444,-0.01896752259103507,recent
D_rolling,2026-08-27,122.19470149253732,26800,-0.0014296977725175575,0.01573512538928057,0.027458625181613128,0.023318235195437076,recent
L_rolling,2026-01-15,74.32078880407124,39300,0.019230301762492408,-0.0017161716171616437,0.006313323680749994,-0.0052974735126324335,validation
L_rolling,2026-01-22,76.21918604651162,25800,0.0015850858524604217,-0.010872412889703975,-0.028197441589052463,0.021621621621621623,validation
L_rolling,2026-02-25,74.98862745098039,15300,0.03482358109203476,0.025515463917525905,0.08549793171252129,0.008844665561083431,validation
L_rolling,2026-03-16,81.85,14400,0.025656689065363558,0.039904705181655675,0.07318265119120348,0.0027100271002709064,validation
L_rolling,2026-03-30,79.18714285714286,22400,3.608089336282205e-05,-0.01818411415582777,-0.022442315671736157,-0.020337301587301626,validation
L_rolling,2026-04-09,86.24048275862069,14500,-0.004643790779112367,0.0018639328984155767,0.0002263118289116406,0.0072558582133936955,validation
L_rolling,2026-05-06,105.54448979591837,24500,-0.007148547473934896,0.005821166141807499,-0.011412152337344827,0.02271619381885559,validation
L_rolling,2026-05-07,107.9616393442623,24400,-0.0007561884458050505,-0.004820170559881265,0.032959490772375144,0.0002862868594331047,validation
L_rolling,2026-05-21,107.86588235294117,25500,-0.038620945400606344,0.06046287367405978,0.021175533887398457,0.01930874686232853,validation
L_rolling,2026-05-25,122.15922480620155,12900,0.003117040030358176,0.035825036722702874,0.03946304670356526,0.060927500657490974,validation
L_rolling,2026-06-09,140.34,13600,0.005344164172723431,-0.04564462399886593,-0.03092489667949272,0.007299270072992803,validation
L_rolling,2026-06-16,138.39868105515586,41700,0.016194655380790124,0.007608077360637289,0.05094932185108014,0.00328947368421062,validation
L_rolling,2026-07-15,140.13870860927153,30200,-0.020755925597840896,-0.022079720177803686,0.0020785933709481785,0.0280755487493618,recent
L_rolling,2026-07-24,114.575687732342,26900,-0.02056010117822793,0.012831937266084559,0.0011722580096726887,-0.03231380680836349,recent
L_rolling,2026-08-03,102.22818713450292,17100,-0.00604712997296486,0.053833284125578196,0.06066636843845519,-0.016867469879518038,recent
L_rolling,2026-08-05,116.43,26100,-0.007128746886541415,-0.02249134948096876,-0.006871081336425444,-0.01896752259103507,recent
L_rolling,2026-08-27,121.99075060532688,41300,0.0002397673145544399,0.01573512538928057,0.029176387365532852,0.023318235195437076,recent
