name,selected,train_return_,train_mdd5,train_exposure,train_orders,train_fees,train_interest,train_dividend_tax,train_t1_blocks,train_limit_blocks,train_volume_caps,train_turnover,train_risk_orders,train_borrow_days,train_min_maintenance,train_max_exposure,train_ending_debt,train_max_debt,train_repurchaseDays,train_cumulativeLead,train_rolling63Lead,validation_return_,validation_mdd5,validation_exposure,validation_orders,validation_fees,validation_interest,validation_dividend_tax,validation_t1_blocks,validation_limit_blocks,validation_volume_caps,validation_turnover,validation_risk_orders,validation_borrow_days,validation_min_maintenance,validation_max_exposure,validation_ending_debt,validation_max_debt,validation_repurchaseDays,validation_cumulativeLead,validation_rolling63Lead,recent_return_,recent_mdd5,recent_exposure,recent_orders,recent_fees,recent_interest,recent_dividend_tax,recent_t1_blocks,recent_limit_blocks,recent_volume_caps,recent_turnover,recent_risk_orders,recent_borrow_days,recent_min_maintenance,recent_max_exposure,recent_ending_debt,recent_max_debt,recent_repurchaseDays,recent_cumulativeLead,recent_rolling63Lead,preJuly_return_,preJuly_mdd5,preJuly_exposure,preJuly_orders,preJuly_fees,preJuly_interest,preJuly_dividend_tax,preJuly_t1_blocks,preJuly_limit_blocks,preJuly_volume_caps,preJuly_turnover,preJuly_risk_orders,preJuly_borrow_days,preJuly_min_maintenance,preJuly_max_exposure,preJuly_ending_debt,preJuly_max_debt,preJuly_repurchaseDays,preJuly_cumulativeLead,preJuly_rolling63Lead,full_return_,full_mdd5,full_exposure,full_orders,full_fees,full_interest,full_dividend_tax,full_t1_blocks,full_limit_blocks,full_volume_caps,full_turnover,full_risk_orders,full_borrow_days,full_min_maintenance,full_max_exposure,full_ending_debt,full_max_debt,full_repurchaseDays,full_cumulativeLead,full_rolling63Lead,older_return_,older_mdd5,older_exposure,older_orders,older_fees,older_interest,older_dividend_tax,older_t1_blocks,older_limit_blocks,older_volume_caps,older_turnover,older_risk_orders,older_borrow_days,older_min_maintenance,older_max_exposure,older_ending_debt,older_max_debt,older_repurchaseDays,older_cumulativeLead,older_rolling63Lead,year1_return_,year1_mdd5,year1_exposure,year1_orders,year1_fees,year1_interest,year1_dividend_tax,year1_t1_blocks,year1_limit_blocks,year1_volume_caps,year1_turnover,year1_risk_orders,year1_borrow_days,year1_min_maintenance,year1_max_exposure,year1_ending_debt,year1_max_debt,year1_repurchaseDays,year1_cumulativeLead,year1_rolling63Lead,year2_return_,year2_mdd5,year2_exposure,year2_orders,year2_fees,year2_interest,year2_dividend_tax,year2_t1_blocks,year2_limit_blocks,year2_volume_caps,year2_turnover,year2_risk_orders,year2_borrow_days,year2_min_maintenance,year2_max_exposure,year2_ending_debt,year2_max_debt,year2_repurchaseDays,year2_cumulativeLead,year2_rolling63Lead,year3_return_,year3_mdd5,year3_exposure,year3_orders,year3_fees,year3_interest,year3_dividend_tax,year3_t1_blocks,year3_limit_blocks,year3_volume_caps,year3_turnover,year3_risk_orders,year3_borrow_days,year3_min_maintenance,year3_max_exposure,year3_ending_debt,year3_max_debt,year3_repurchaseDays,year3_cumulativeLead,year3_rolling63Lead,train_cagr,train_mdd,train_sharpe,train_score,validation_cagr,validation_mdd,validation_sharpe,validation_score,recent_cagr,recent_mdd,recent_sharpe,recent_score,preJuly_cagr,preJuly_mdd,preJuly_sharpe,preJuly_score,full_cagr,full_mdd,full_sharpe,full_score,older_cagr,older_mdd,older_sharpe,older_score,year1_cagr,year1_mdd,year1_sharpe,year1_score,year2_cagr,year2_mdd,year2_sharpe,year2_score,year3_cagr,year3_mdd,year3_sharpe,year3_score
D_none,True,0.4239248888200009,-0.16455421861861919,0.41733603871097424,382,55241.111180000014,0.0,0.0,0,0,248,93.34319553474384,0.0,0.0,,0.9999784297272956,0.0,0.0,0.0,0.26490066225165565,0.30416666666666664,2.14679311092,-0.2010296290915753,0.4507865039997329,236,87680.88907999996,0.0,0.0,0,0,60,112.11544183353355,0.0,0.0,,0.9999871497669172,0.0,0.0,0.0,0.37047353760445684,0.41414141414141414,0.2750975735200003,-0.152722962111697,0.5047866600195884,37,14622.426480000002,0.0,0.0,0,0,1,24.921230370230422,0.0,0.0,,0.9997669966613648,0.0,0.0,0.0,1.0,1.0,3.6618660690000002,-0.19320160267196773,0.4353666728732719,680,183645.93099999998,0.0,120.0,0,0,371,205.43934156862565,0.0,0.0,,0.9999784297272956,0.0,0.0,0.0,0.18305597579425115,0.4307178631051753,5.141711216279998,-0.19320160267196773,0.44184650216162985,756,257263.78371999998,0.0,120.0,0,0,413,231.3953051763354,0.0,0.0,,0.9999966502878203,0.0,0.0,0.0,0.23521320495185694,0.47969924812030074,-0.22047513296999988,-0.6011578189524927,0.3616322015293133,1263,132447.13296999992,0.0,2909.0,0,0,1052,165.83790352989652,0.0,0.0,,0.999991207981348,0.0,0.0,0.0,0.7615384615384615,0.4669811320754717,0.27706527880000054,-0.16455421861861919,0.40915477320048094,319,39690.7212,0.0,0.0,0,0,218,71.41877242325238,0.0,0.0,,0.9999784297272956,0.0,0.0,0.0,0.3305785123966942,0.14444444444444443,0.6547806265599994,-0.19838942253820901,0.42962093529160683,196,48978.37343999998,0.0,0.0,0,0,76,77.4662942021334,0.0,0.0,,0.9999569242703984,0.0,0.0,0.0,0.9300411522633745,0.5524861878453039,1.762620619099999,-0.1529093759486233,0.4858621615911601,142,70722.38089999999,0.0,0.0,0,0,16,82.95411906862755,0.0,0.0,,0.9999818174873394,0.0,0.0,0.0,0.9173553719008265,0.6611111111111111,,,,,,,,,,,,,,,,,,,,,,,,,,,,,,,,,,,,
D_vwap,False,0.35544482661999943,-0.17231769284770593,0.45361797036904333,505,63349.173379999986,0.0,0.0,0,0,373,108.91711367834984,0.0,0.0,,0.9999938253542706,0.0,0.0,35.0,0.26490066225165565,0.26666666666666666,2.5040179610800015,-0.20849369684893615,0.4814463356906729,314,106224.03891999993,0.0,810.0,0,0,128,130.13463482122512,0.0,0.0,,0.9999915983183933,0.0,0.0,33.0,0.4206128133704735,0.4175084175084175,0.31100909980000035,-0.15294327540617136,0.5381804286315653,48,16750.900200000004,0.0,0.0,0,0,3,27.963385436463412,0.0,0.0,,0.9998306773204423,0.0,0.0,7.0,1.0,1.0,3.96358141071,-0.2016441055889885,0.46891140508756657,901,212011.58929000015,0.0,1140.0,0,0,586,239.24725437722995,0.0,0.0,,0.9999938253542706,0.0,0.0,68.0,0.1800302571860817,0.41736227045075125,5.773261248730001,-0.2016441055889885,0.47544922340642504,1003,301764.7512699999,0.0,1140.0,0,0,653,268.2830206451687,0.0,0.0,,0.9999938253542706,0.0,0.0,75.0,0.23796423658872076,0.47368421052631576,-0.14594054731000117,-0.5996773527944579,0.3831052119086004,1586,154162.54731,0.0,2957.0,0,1,1386,187.5260296057678,0.0,0.0,,0.9998778057201183,0.0,0.0,67.0,0.7956043956043956,0.482311320754717,0.2577730306599997,-0.17231769284770593,0.4454528790878412,428,46493.96933999998,0.0,0.0,0,0,325,83.92071328306568,0.0,0.0,,0.9999938253542706,0.0,0.0,28.0,0.3305785123966942,0.1388888888888889,0.6538748702999997,-0.20666949522632705,0.4629975247721745,255,55490.12970000002,0.0,0.0,0,0,136,90.18082167775535,0.0,0.0,,0.9999678387295997,0.0,0.0,24.0,0.9218106995884774,0.5469613259668509,2.045989813419997,-0.15274112889696867,0.5162747819517128,185,84664.18658000002,0.0,520.0,0,0,43,94.455056303964,0.0,0.0,,0.9998499302781743,0.0,0.0,23.0,0.9669421487603306,0.7055555555555556,,,,,,,,,,,,,,,,,,,,,,,,,,,,,,,,,,,,
D_open,False,0.35113450408000113,-0.1733322509413583,0.4507077835353113,491,62961.49592,0.0,0.0,0,0,357,108.43874847859978,0.0,0.0,,0.9999938253542706,0.0,0.0,31.0,0.26490066225165565,0.26666666666666666,2.598949895419999,-0.20867053246512268,0.4774100179643656,310,107340.10457999998,0.0,830.0,0,0,122,129.6722578521565,0.0,0.0,,0.99996921965427,0.0,0.0,28.0,0.467966573816156,0.42424242424242425,0.3291738093000003,-0.15277205442654596,0.5301607508798528,46,16749.190700000003,0.0,0.0,0,0,3,27.92025744381407,0.0,0.0,,0.9987703873755,0.0,0.0,5.0,1.0,1.0,4.0555078699500005,-0.2016258243943776,0.46549705965422983,872,212037.13004999986,0.0,1170.0,0,0,556,238.0868446048039,0.0,0.0,,0.9999938253542706,0.0,0.0,59.0,0.1800302571860817,0.42070116861435725,6.001321438789997,-0.2016258243943776,0.47169000764822805,973,303425.5612099997,0.0,1170.0,0,0,621,267.073257356505,0.0,0.0,,0.9999938253542706,0.0,0.0,64.0,0.23796423658872076,0.4766917293233083,-0.1427939941999996,-0.6002007668700535,0.3779820737449307,1520,152163.99419999993,0.0,2960.0,0,1,1312,184.0093289410077,0.0,0.0,,0.9999214078879668,0.0,0.0,48.0,0.8,0.4834905660377358,0.25406259046000024,-0.1733322509413583,0.44178448600786285,414,46155.40954,0.0,0.0,0,0,309,83.43747365303066,0.0,0.0,,0.9999938253542706,0.0,0.0,24.0,0.3305785123966942,0.1388888888888889,0.6354069533999998,-0.2068177326644397,0.46096696623996475,253,55317.04660000003,0.0,0.0,0,0,131,90.18368232815924,0.0,0.0,,0.9999790390268765,0.0,0.0,22.0,0.9094650205761317,0.5469613259668509,2.1838381952599994,-0.1530180240228668,0.5103408212159973,181,87190.80474000002,0.0,540.0,0,0,39,93.97345279283033,0.0,0.0,,0.9998580155025917,0.0,0.0,18.0,0.9793388429752066,0.7055555555555556,,,,,,,,,,,,,,,,,,,,,,,,,,,,,,,,,,,,
D_volume,False,0.3716415423600017,-0.16633926017850054,0.42878653570331554,415,57240.457639999986,0.0,0.0,0,0,279,99.32784868182382,0.0,0.0,,0.9999880331052747,0.0,0.0,11.0,0.26490066225165565,0.29583333333333334,2.4263318942100005,-0.2089498344549343,0.468739225534374,283,101045.10579000006,0.0,0.0,0,0,87,125.1435978474428,0.0,0.0,,0.9999163466461127,0.0,0.0,19.0,0.39275766016713093,0.4208754208754209,0.3021679648399995,-0.15277205442654596,0.5231289475516042,43,16251.035159999998,0.0,0.0,0,0,2,27.425497852567467,0.0,0.0,,0.9995053642977527,0.0,0.0,3.0,1.0,1.0,3.8970012550299975,-0.20165145585283706,0.45064937134104993,759,199903.74496999997,0.0,0.0,0,0,434,224.55251339974973,0.0,0.0,,0.9999880331052747,0.0,0.0,30.0,0.1800302571860817,0.4307178631051753,5.642026861849999,-0.20165145585283706,0.45748244218948386,852,286145.1381499999,0.0,0.0,0,0,489,253.12935310257345,0.0,0.0,,0.9999880331052747,0.0,0.0,33.0,0.23796423658872076,0.4857142857142857,-0.16529851005000162,-0.5906943129329794,0.3713129099859572,1408,146193.5100499998,0.0,2945.0,0,1,1201,175.6035706585753,0.0,0.0,,0.9999519572719207,0.0,0.0,27.0,0.7923076923076923,0.4846698113207547,0.23733456750000093,-0.16633926017850054,0.42066381719872664,348,41289.43249999999,0.0,0.0,0,0,245,75.85807178375543,0.0,0.0,,0.9999880331052747,0.0,0.0,8.0,0.3305785123966942,0.1388888888888889,0.6489777575200011,-0.20633774877283195,0.44497781503688283,223,53178.24247999999,0.0,0.0,0,0,100,84.83613270103022,0.0,0.0,,0.9999603034460005,0.0,0.0,11.0,0.9300411522633745,0.5524861878453039,2.059913671620001,-0.15268139652947965,0.5056101065606413,172,83971.32838000002,0.0,0.0,0,0,27,92.7192550259035,0.0,0.0,,0.9998911864580016,0.0,0.0,14.0,0.9752066115702479,0.7055555555555556,,,,,,,,,,,,,,,,,,,,,,,,,,,,,,,,,,,,
L_none,True,0.5973125676924194,-0.20566755232577738,0.5575603943624725,561,80805.64964999999,13661.782657581629,0.0,0,0,375,131.53924688889805,0.0,130.0,2.787982201482797,1.559289683739965,0.0,812191.1508832683,0.0,0.26490066225165565,0.36666666666666664,4.546059511168379,-0.2646815807154328,0.6213970603490422,452,174951.60190000013,41876.8869316193,0.0,1,2,182,166.21261307016246,0.0,176.0,2.697312613999663,1.5891666577811685,2644020.4888316216,2644020.4888316216,0.0,0.9331476323119777,0.468013468013468,0.3479000128186913,-0.22302664427523178,0.7076381588642672,53,23317.9855,5528.001681308674,0.0,2,1,2,38.524345892714145,1.0,39.0,2.6444383022704296,1.6081103794647256,714763.9871813087,714763.9871813087,0.0,1.0,1.0,7.238130589991364,-0.25767427606323645,0.5853980305490896,1152,347592.4873200002,74122.92268864013,0.0,0,2,724,294.0172526130118,0.0,302.0,2.6940476618178075,1.5903021635925783,3940029.4100086363,3940029.4100086363,0.0,0.5325264750378215,0.48080133555926546,11.414704454684008,-0.25767427606323645,0.5928941884169792,1349,535472.9395400005,113795.60577599343,0.0,0,3,879,329.1932152266916,0.0,337.0,2.6940476618178075,1.5903021635925783,6659143.545315991,6659143.545315991,0.0,0.5749656121045392,0.5323308270676692,-0.26952951723044993,-0.7303575061247018,0.4902997443372362,1700,176995.9977189999,30228.219511450763,2911.0,4,1,1418,207.82292918764492,0.0,285.0,2.7570709184999105,1.569128991591156,0.0,929107.5077011139,0.0,0.7065934065934066,0.40212264150943394,0.3861685556551815,-0.20566755232577738,0.5395891307941424,447,55609.83753999999,9351.606804819186,0.0,0,0,307,99.95817436389648,0.0,100.0,2.8055841867642917,1.5538373714892,0.0,621399.2058449112,0.0,0.3305785123966942,0.17222222222222222,1.2157410843825547,-0.2629162951083064,0.5847414993677035,345,81343.45973,16916.455887446657,0.0,0,1,166,113.16385937600546,0.0,112.0,2.699601002994421,1.5883733877764032,0.0,1109949.6526520606,0.0,0.9958847736625515,0.585635359116022,3.1343046531471987,-0.2230749188043304,0.6795757613442769,280,138255.50882999992,33048.83802280064,0.0,1,2,66,125.2635781563681,1.0,134.0,2.6494954707751024,1.6062459810999645,2215919.346852801,2215919.346852801,0.0,0.987603305785124,0.7388888888888889,,,,,,,,,,,,,,,,,,,,,,,,,,,,,,,,,,,,
L_vwap,False,0.47818658722724394,-0.20994637446680597,0.6048419432480895,703,91617.47229000003,13462.940482754748,0.0,0,0,521,152.72216365602011,0.0,132.0,2.78331972343389,1.560751943052836,0.0,761183.4436096482,34.0,0.2582781456953642,0.3375,5.301872946679758,-0.27304355210904474,0.6646642557459602,579,213029.47675999987,43476.57656024023,1660.0,1,2,300,192.45647439097124,0.0,177.0,2.6951975474000665,1.5899017501138468,3003647.0533202416,3003647.0533202416,33.0,0.9665738161559888,0.5084175084175084,0.4252865767993397,-0.2223987424415026,0.7598336212454376,78,27010.63731000001,5755.785890659841,0.0,2,1,8,43.10883070393879,1.0,39.0,2.6625044140684184,1.6015021623628882,764845.4232006603,764845.4232006603,7.0,1.0,1.0,8.00716040124606,-0.2652340087488797,0.6305872195913238,1418,398064.4265499999,73375.17220394358,2460.0,0,2,991,339.8322188198882,0.0,307.0,2.6973942932521644,1.5891383068597604,4301719.598753943,4301719.598753943,67.0,0.4886535552193646,0.48580968280467446,12.593813135517273,-0.2652340087488797,0.6371486529485808,1657,614811.6515100001,116339.21297273216,2460.0,0,3,1186,376.86141895315006,0.0,342.0,2.6973942932521644,1.5891383068597604,7287762.864482727,7287762.864482727,74.0,0.5350756533700137,0.5368421052631579,-0.2257059264978818,-0.7358288894378643,0.521395877192781,2011,199157.24498900026,31451.38150888199,2938.0,3,2,1732,231.13771122009243,0.0,300.0,2.7475374603574854,1.572233799094318,0.0,951196.4197564557,65.0,0.7186813186813187,0.4044811320754717,0.35842000402397645,-0.20994637446680597,0.5848226133609454,571,63879.88827999998,9437.107696022644,0.0,0,0,432,115.46839373884458,0.0,101.0,2.806155415316206,1.55366221063813,0.0,614820.7696932418,27.0,0.32231404958677684,0.16666666666666666,1.2038646004427336,-0.271462268671368,0.632681316697673,429,91977.43802000016,16291.961537267509,0.0,0,1,249,133.44507513374523,0.0,115.0,2.690654884164399,1.5914867719997432,0.0,1107094.1029935498,24.0,0.9958847736625515,0.5966850828729282,3.7389271925198493,-0.22344502847798076,0.7237128851262502,342,166201.38890999995,35091.41857014809,820.0,1,2,114,141.18777246619868,1.0,134.0,2.6388055958210366,1.610200503677804,2538336.8074801504,2538336.8074801504,23.0,0.9958677685950413,0.7833333333333333,,,,,,,,,,,,,,,,,,,,,,,,,,,,,,,,,,,,
L_open,False,0.4806879838717646,-0.21059213451742453,0.6001232620016308,685,91254.0783200001,13473.937808235838,0.0,0,0,501,151.8972807413931,0.0,132.0,2.79132217362826,1.5582468719038605,0.0,762907.7836341589,30.0,0.2582781456953642,0.3333333333333333,5.536508313843195,-0.273294260210279,0.6592181888154022,579,217457.59616999995,44293.08998680085,1720.0,1,2,290,192.04997345289064,0.0,177.0,2.690011003688326,1.5917121236592975,3120451.6861568047,3120451.6861568047,28.0,0.9637883008356546,0.5185185185185185,0.4466887963605426,-0.22313131629561034,0.7484964296863337,63,26941.577349999996,5778.626289457195,0.0,2,1,8,42.91856474805442,1.0,39.0,2.6419525903705487,1.6090309829069573,766619.2036394576,766619.2036394576,5.0,1.0,1.0,8.213831786644228,-0.2651868654225179,0.6256534602128792,1387,401306.4014500007,74066.8119057773,2520.0,0,2,958,338.4059188977892,0.0,307.0,2.6984424385448107,1.588774736962401,4400648.213355774,4400648.213355774,58.0,0.4962178517397882,0.48414023372287146,13.003306857846647,-0.2651868654225179,0.6309801838958256,1621,621442.3027700009,113333.83938335966,2520.0,0,3,1151,375.0798780949706,0.0,342.0,2.6984424385448107,1.588774736962401,7411317.1421533525,7411317.1421533525,63.0,0.5419532324621733,0.5353383458646617,-0.22938497829657678,-0.7395901740785109,0.5114122161148972,1928,195370.96599700025,31313.11229957823,2962.0,3,2,1646,226.5968036216864,0.0,294.0,2.7571912533742555,1.5690900168548785,0.0,957177.5504629671,46.0,0.7153846153846154,0.4080188679245283,0.36068422022671554,-0.21059213451742453,0.5788908469786678,552,63480.57778,9441.201993284036,0.0,0,0,411,114.65903432221936,0.0,101.0,2.804829750731996,1.554068880787467,0.0,615500.5954185777,23.0,0.32231404958677684,0.16111111111111112,1.1851174603566639,-0.271030659477701,0.6306063522792364,422,91762.5239400001,16254.015703335657,0.0,0,1,241,133.43646372073374,0.0,115.0,2.6983989769828165,1.588789803545741,0.0,1096340.9399512962,22.0,0.9958847736625515,0.5911602209944752,4.085245633173926,-0.22346468792183416,0.7142697463844658,343,174261.60252000001,36768.76430607246,860.0,1,2,115,140.62913683159442,1.0,134.0,2.6393063993458,1.6100140891288361,2725066.3668260737,2725066.3668260737,18.0,0.9958677685950413,0.7833333333333333,,,,,,,,,,,,,,,,,,,,,,,,,,,,,,,,,,,,
L_volume,False,0.5175542340830592,-0.20452772760889504,0.5737794993027453,588,83001.66004,13315.105876940774,0.0,0,0,411,139.17492043961724,0.0,131.0,2.791469820185038,1.5582008631865827,0.0,771570.8716728993,11.0,0.25496688741721857,0.35833333333333334,5.157852177195996,-0.2739743909456881,0.6470666102338195,517,202935.3925599998,42869.430244002775,0.0,1,2,239,184.80918306425664,0.0,176.0,2.690294122019468,1.5916130139559714,2933747.8228040044,2933747.8228040044,19.0,0.9526462395543176,0.5084175084175084,0.38764704128211913,-0.22313131629561034,0.7339616176945221,60,25753.101240000007,5616.857477879992,0.0,2,1,4,41.998606317579664,1.0,39.0,2.6419525903705487,1.6090309829069573,732956.9587178808,732956.9587178808,3.0,1.0,1.0,7.8468760384588645,-0.26505643297629655,0.607181239185046,1243,379910.16435999994,73253.79718113728,120.0,0,2,820,319.58775459265047,0.0,305.0,2.696227989952495,1.5895433903481373,4232803.961541138,4232803.961541138,30.0,0.49319213313161875,0.49081803005008345,12.37840305905146,-0.26505643297629655,0.6135443903971363,1461,591563.7506,112291.19034854694,120.0,0,3,997,356.41952749806126,0.0,340.0,2.696227989952495,1.5895433903481373,7143944.94094854,7143944.94094854,33.0,0.5392022008253095,0.5413533834586466,-0.25009957863535615,-0.7346797451724841,0.5017924993436316,1822,189579.81381100006,31258.064824354384,2939.0,2,2,1547,218.05177483107843,0.0,294.0,2.7534110898820567,1.5703169129991443,0.0,956335.143203234,26.0,0.7208791208791209,0.39976415094339623,0.34843428434507295,-0.20452772760889504,0.5548027964273206,471,57124.19823999997,9218.517414927359,0.0,0,0,338,105.06958766989868,0.0,100.0,2.807370627754853,1.5532899476419053,0.0,601481.9632237803,8.0,0.3181818181818182,0.16666666666666666,1.1836231197426952,-0.27086438178175054,0.6081931350854353,374,87517.52662000005,16509.35363730517,0.0,0,1,197,124.57445311575671,0.0,113.0,2.6952482444919137,1.5898841088608304,0.0,1097759.9804634366,11.0,0.9958847736625515,0.585635359116022,3.734631063604433,-0.22344186867250104,0.7062797410544907,319,164955.65872999985,35540.27766556592,0.0,1,2,91,138.3068598898206,1.0,134.0,2.639210358175717,1.6100498297929886,2531044.9363955674,2531044.9363955674,14.0,0.9958677685950413,0.7722222222222223,,,,,,,,,,,,,,,,,,,,,,,,,,,,,,,,,,,,
D_rolling,False,0.4239248888200009,-0.16455421861861919,0.41733603871097424,382,55241.111180000014,0.0,0.0,0,0,248,93.34319553474384,0.0,0.0,,0.9999784297272956,0.0,0.0,0.0,0.26490066225165565,0.30416666666666664,2.4421030238799997,-0.2010296290915753,0.46099410720349143,261,97596.97612000004,0.0,790.0,0,0,75,119.03568880764965,0.0,0.0,,0.9999871497669172,0.0,0.0,12.0,0.3955431754874652,0.4208754208754209,0.3291738093000003,-0.15277205442654596,0.5301607508798528,46,16749.190700000003,0.0,0.0,0,0,3,27.92025744381407,0.0,0.0,,0.9987703873755,0.0,0.0,5.0,1.0,1.0,4.0974929589399975,-0.19320160267196773,0.4409264542580521,712,198243.0410599999,0.0,1290.0,0,0,395,212.37327308813903,0.0,0.0,,0.9999784297272956,0.0,0.0,12.0,0.18305597579425115,0.4340567612687813,6.057344349339997,-0.19320160267196773,0.4493560459607105,813,290359.6506599998,0.0,1290.0,0,0,460,241.35290627086152,0.0,0.0,,0.9999784297272956,0.0,0.0,17.0,0.2407152682255846,0.48872180451127817,-0.22047513296999988,-0.6011578189524927,0.3616322015293133,1263,132447.13296999992,0.0,2909.0,0,0,1052,165.83790352989652,0.0,0.0,,0.999991207981348,0.0,0.0,0.0,0.7615384615384615,0.4669811320754717,0.27706527880000054,-0.16455421861861919,0.40915477320048094,319,39690.7212,0.0,0.0,0,0,218,71.41877242325238,0.0,0.0,,0.9999784297272956,0.0,0.0,0.0,0.3305785123966942,0.14444444444444443,0.6547806265599994,-0.19838942253820901,0.42962093529160683,196,48978.37343999998,0.0,0.0,0,0,76,77.4662942021334,0.0,0.0,,0.9999569242703984,0.0,0.0,0.0,0.9300411522633745,0.5524861878453039,2.145109581679999,-0.15270942090090844,0.5084659878881277,179,85625.41831999998,0.0,530.0,0,0,36,92.94411261096444,0.0,0.0,,0.9999818174873394,0.0,0.0,17.0,0.9752066115702479,0.7055555555555556,,,,,,,,,,,,,,,,,,,,,,,,,,,,,,,,,,,,
L_rolling,False,0.5973125676924194,-0.20566755232577738,0.5575603943624725,561,80805.64964999999,13661.782657581629,0.0,0,0,375,131.53924688889805,0.0,130.0,2.787982201482797,1.559289683739965,0.0,812191.1508832683,0.0,0.26490066225165565,0.36666666666666664,5.169788199324296,-0.2646815807154328,0.6360740964324108,492,196481.75780999992,42434.04286570148,1620.0,1,2,216,175.7707298191352,0.0,176.0,2.697312613999663,1.5891666577811685,2952371.800675704,2952371.800675704,12.0,0.9331476323119777,0.4983164983164983,0.4466887963605426,-0.22313131629561034,0.7484964296863337,63,26941.577349999996,5778.626289457195,0.0,2,1,8,42.91856474805442,1.0,39.0,2.6419525903705487,1.6090309829069573,766619.2036394576,766619.2036394576,5.0,1.0,1.0,8.232874383754112,-0.25767427606323645,0.5930677453371584,1198,379995.90180000017,74981.71444589425,2440.0,0,2,768,303.55718800790663,0.0,302.0,2.6940476618178075,1.5903021635925783,4412165.616245889,4412165.616245889,12.0,0.5416036308623298,0.49081803005008345,13.041539519107424,-0.25767427606323645,0.6009833570156622,1433,600961.4030000003,113875.07789257681,2440.0,0,3,961,340.2811313702208,0.0,336.0,2.6940476618178075,1.5903021635925783,7442612.480892577,7442612.480892577,17.0,0.5832187070151307,0.5413533834586466,-0.26952951723044993,-0.7303575061247018,0.4902997443372362,1700,176995.9977189999,30228.219511450763,2911.0,4,1,1418,207.82292918764492,0.0,285.0,2.7570709184999105,1.569128991591156,0.0,929107.5077011139,0.0,0.7065934065934066,0.40212264150943394,0.3861685556551815,-0.20566755232577738,0.5395891307941424,447,55609.83753999999,9351.606804819186,0.0,0,0,307,99.95817436389648,0.0,100.0,2.8055841867642917,1.5538373714892,0.0,621399.2058449112,0.0,0.3305785123966942,0.17222222222222222,1.2157410843825547,-0.2629162951083064,0.5847414993677035,345,81343.45973,16916.455887446657,0.0,0,1,166,113.16385937600546,0.0,112.0,2.699601002994421,1.5883733877764032,0.0,1109949.6526520606,0.0,0.9958847736625515,0.585635359116022,3.990930646530427,-0.22340278809920877,0.7114740805267286,337,170407.68899999993,36124.664469568044,850.0,1,2,112,139.23413004668245,1.0,134.0,2.640586598202652,1.609538076865648,2668737.3534695725,2668737.3534695725,17.0,0.987603305785124,0.7833333333333333,,,,,,,,,,,,,,,,,,,,,,,,,,,,,,,,,,,,
hold100,False,0.7913242324399998,-0.2842643988144937,0.9925488892485852,3,259.76756,,0.0,0,0,2,1.001740766296997,,,,,,,,,,2.8758160821600005,-0.4804709735638819,0.9936936385869959,1,259.91784,,0.0,0,0,0,0.999684,,,,,,,,,,-0.24364810624,-0.3854265732025075,0.9813468985284609,1,256.10624,,0.0,0,0,0,0.985024,,,,,,,,,,5.882414232440001,-0.4819713470171406,0.9881007770672963,3,259.76756,,0.0,0,0,2,1.001740766296997,,,,,,,,,,4.23578223244,-0.4819713470171406,0.9880589753634181,3,259.76756,,0.0,0,0,2,1.001740766296997,,,,,,,,,,0.1388892102000001,-0.6456789014838318,0.9756015637291028,2,269.3898,,0.0,0,0,1,0.9959676141146099,,,,,,,,,,0.99336223244,-0.2842643988144937,0.9938735807815596,3,259.76756,,0.0,0,0,2,1.001740766296997,,,,,,,,,,0.7257686570200002,-0.4862604283822092,0.9933318111237183,1,259.34298,,0.0,0,0,0,0.997473,,,,,,,,,,0.542657742,-0.3886462059819238,0.9928852799202154,1,258.25800000000004,,0.0,0,0,0,0.9933,,,,,,,,,,0.5954187465684901,-0.26936932801687963,1.1875243344975377,0.04073964059178714,1.4923698704270034,-0.4528080799369082,1.808182144747686,0.19252755269056243,-0.6408127091245382,-0.36736010624000004,-1.0806342802019957,-1.6020511847336307,1.0263148263798683,-0.4477784805727254,1.5469338259557344,-0.016738233691577897,0.735125403243927,-0.4477784805727254,1.247198351869046,-0.17187733121209625,0.03519067024522338,-0.6396574830308168,0.31155509612693744,-0.9339327200161356,0.99336223244,-0.26936932801687963,1.6048795116724717,0.26342617884719555,0.7218976774150376,-0.4518653467603292,1.2454476862471926,-0.1859636591143059,0.542657742,-0.3746681966013059,0.9918960124437607,-0.14946257354669723
