name,period,return_,holdReturn,cumulativeLead
D_none,preJuly,3.6618660690000002,5.882414232440001,0.18305597579425115
D_none,recent,0.31743622089886303,-0.2392520915464028,0.7575757575757576
D_vwap,preJuly,3.96358141071,5.882414232440001,0.1800302571860817
D_vwap,recent,0.3645915495845855,-0.2392520915464028,0.8181818181818182
D_open,preJuly,4.0555078699500005,5.882414232440001,0.1800302571860817
D_open,recent,0.3848898308330082,-0.2392520915464028,0.8181818181818182
D_volume,preJuly,3.8970012550299975,5.882414232440001,0.1800302571860817
D_volume,recent,0.35634575446097405,-0.2392520915464028,0.8181818181818182
L_none,preJuly,7.238130589991364,5.882414232440001,0.5325264750378215
L_none,recent,0.5069807790819474,-0.2392520915464028,1.0
L_vwap,preJuly,8.00716040124606,5.882414232440001,0.4886535552193646
L_vwap,recent,0.5092229437411475,-0.2392520915464028,1.0
L_open,preJuly,8.213831786644228,5.882414232440001,0.4962178517397882
L_open,recent,0.5198136000425937,-0.2392520915464028,1.0
L_volume,preJuly,7.8468760384588645,5.882414232440001,0.49319213313161875
L_volume,recent,0.5122177592286001,-0.2392520915464028,1.0
D_rolling,preJuly,4.0974929589399975,5.882414232440001,0.18305597579425115
D_rolling,recent,0.384473584600604,-0.2392520915464028,0.8181818181818182
L_rolling,preJuly,8.232874383754112,5.882414232440001,0.5416036308623298
L_rolling,recent,0.5208199457164169,-0.2392520915464028,1.0
