name,period,return_,mdd5,exposure,orders,fees,interest,dividend_tax,t1_blocks,limit_blocks,volume_caps,turnover,risk_orders,borrow_days,min_maintenance,max_exposure,ending_debt,max_debt
D_vwap,validation,2.2685565240599996,-0.2139285934943278,0.48150082255664284,314,102061.47593999996,0.0,760.0,0,0,123,130.19182702743555,0,0,,0.9999956095439332,0.0,0.0
D_vwap,recent,0.2931544704,-0.15184195607196338,0.5381712405573965,48,16631.5296,0.0,0.0,0,0,3,27.958837279945975,0,0,,0.9996868361519633,0.0,0.0
D_vwap,full,4.767124337580001,-0.2082930381063547,0.4754007939128873,957,271408.66241999983,0.0,1000.0,0,0,607,268.24769489280806,0,0,,0.9999416237658773,0.0,0.0
D_vwap,older,-0.24060562431500299,-0.6275717709658146,0.3857905962067829,1548,149537.12431500017,0.0,2897.0,0,1,1342,190.3736841443867,0,0,,0.9999743206190488,0.0,0.0
D_open,validation,2.35636844676,-0.21409979759642728,0.47727579498024997,308,103019.55324000002,0.0,780.0,0,0,116,129.6939703169791,0,0,,0.999986364286418,0.0,0.0
D_open,recent,0.3109850809599999,-0.15166906360211252,0.5306339470455389,46,16632.919040000004,0.0,0.0,0,0,3,27.923740911684398,0,0,,0.998884849679896,0.0,0.0
D_open,full,4.988513866919998,-0.20830140600686464,0.4714376900933496,928,273750.1330799999,0.0,1020.0,0,0,577,267.0404749551577,0,0,,0.9999863601131886,0.0,0.0
D_open,older,-0.22611172403500213,-0.6231267097995334,0.37789073672516865,1488,148035.22403500022,0.0,2906.0,0,1,1276,186.4628547172731,0,0,,0.9999716583065849,0.0,0.0
D_volume,validation,2.2068254918800005,-0.21430761377191998,0.46886035174966206,281,97193.50811999995,0.0,0.0,0,0,85,125.16373237454789,0,0,,0.9999595837360332,0.0,0.0
D_volume,recent,0.28547196316000045,-0.15166906360211252,0.5233364022625283,43,16153.036839999997,0.0,0.0,0,0,2,27.441720957842794,0,0,,0.9997177959516899,0.0,0.0
D_volume,full,4.723883598699998,-0.2081460753882124,0.4573080740120121,816,259755.4012999998,0.0,0.0,0,0,453,253.06913414484444,0,0,,0.9999845106851522,0.0,0.0
D_volume,older,-0.2572525217850017,-0.6183111498475433,0.36998481454403176,1377,142101.02178500014,0.0,2888.0,0,1,1168,178.21870058313849,0,0,,0.9999746564168429,0.0,0.0
L_vwap,validation,4.749075590955751,-0.2813747581455005,0.6648071803828036,564,200969.81403000007,41154.59501424981,1530.0,1,2,284,192.65259044672078,0,178,2.693669993487446,1.5904337939771218,2746604.4090442494,2746604.4090442494
L_vwap,recent,0.39261965923317876,-0.2228535297604205,0.7593990019882906,68,26607.210320000002,5657.130446821023,0.0,2,1,8,43.03048865013861,1,39,2.6609070242317823,1.6020806615966532,739572.3407668213,739572.3407668213
L_vwap,full,10.796575296871342,-0.27340417452708365,0.6410984463407273,1589,557984.4072700001,107375.29585866137,2090.0,0,3,1093,381.48929001563226,0,347,2.6999901601628027,1.5882386989253119,6327056.703128659,6327056.703128659
L_vwap,older,-0.3397485753798818,-0.7604110123643347,0.5182022811408605,1976,192674.8494500006,30218.72592988035,2834.0,3,2,1664,237.38728836071255,0,302,2.746879650095414,1.5724492811770865,0.0,937423.4613841029
L_open,validation,4.962528687657155,-0.2811276428670664,0.659978914632541,565,204838.48425999997,41947.8280828457,1580.0,1,2,277,192.13418608201277,0,178,2.7000958623397864,1.5882021256282175,2854031.312342845,2854031.312342845
L_open,recent,0.41707271131651846,-0.22327065642870536,0.7488068902927207,69,26709.597259999995,5709.691423481543,0.0,2,1,8,42.9939486221232,1,39,2.6490988029873868,1.6063918051413737,749883.2886834814,749883.2886834814
L_open,full,11.32633485077909,-0.2733448100966259,0.6349286798769498,1558,565653.4801299999,107807.66909090657,2140.0,0,3,1062,379.78444875149273,0,346,2.699816470056115,1.5882988061452232,6608457.14922091,6608457.14922091
L_open,older,-0.3331456166697082,-0.761619633829622,0.509365322670607,1886,189714.16274000055,30180.453929707553,2840.0,3,2,1590,232.4342819943075,0,297,2.756949538004018,1.5691683103978329,0.0,939675.3775188259
L_volume,validation,4.631523889015911,-0.2818709504846707,0.6470340224335552,518,191730.85159999994,40661.259384092,0.0,1,2,224,184.9341658274548,0,177,2.6952381502180027,1.5898876213182218,2696076.1109840902,2696076.1109840902
L_volume,recent,0.35780065545086104,-0.22327065642870536,0.7343040015435768,64,25521.730519999997,5544.614029138872,0.0,2,1,4,42.06323107514779,1,39,2.6490988029873868,1.6063918051413737,728039.3445491391,728039.3445491391
L_volume,full,10.797482275222125,-0.2731990808041923,0.6163667532490248,1402,538642.4585699998,106944.26620787363,0.0,0,3,903,360.10463768420294,0,344,2.6954405704646653,1.5898171940794905,6326149.7247778755,6326149.7247778755
L_volume,older,-0.35341362089050077,-0.7552409203617632,0.5027568472807072,1782,184100.38071000032,30214.24018049894,2828.0,3,2,1478,222.82368946744782,0,295,2.7537787753610248,1.5701973441856398,0.0,940092.834751827
