base,date,seed,type,startNav,oldQty,newQty,closeEffect,next945Effect,nextCloseEffect
D,2025-10-27,old,add,2147297.3913200004,0.0,14600.0,0.009596809963678024,0.007761013945886214,0.012865084413397324
D,2025-10-27,new,add,2147297.3913200004,0.0,14600.0,0.009596809963678024,0.007761013945886214,0.012865084413397324
D,2026-02-25,old,cancel,2877782.1048799986,9900.0,0.0,-0.009050400110499807,-0.022122967326831403,-0.025932061594744014
D,2026-02-25,new,cancel,2913635.2715599993,10100.0,0.0,-0.009112045223761018,-0.02228459306275352,-0.026122819758166986
D,2026-03-30,old,cancel,3027160.524259999,9400.0,0.0,-0.0002169295730230384,0.0053103623779349315,0.000710759982087934
D,2026-03-30,new,cancel,2989057.9958599983,9200.0,0.0,-0.0002163875310871363,0.005262261602747543,0.0007977830618551557
L,2025-10-27,old,add,3095422.065293074,0.0,27400.0,0.011710966768135404,0.009320985743270041,0.016874634811732868
L,2025-10-27,new,add,3095422.065293074,0.0,27400.0,0.011710966768135404,0.009320985743270041,0.016874634811732868
L,2026-01-15,old,cancel,3881728.914613568,39300.0,0.0,-0.014274203943351833,-0.004554823525527006,-0.006534773163706392
L,2026-01-15,new,cancel,3925459.08438878,39700.0,0.0,-0.01422325982763202,-0.004514331730134393,-0.006509197490203488
L,2026-03-30,old,cancel,4655630.51899014,22400.0,0.0,8.531302438627164e-05,0.00864956653148131,0.0032437346019518563
L,2026-03-30,new,cancel,4672489.012663609,22400.0,0.0,8.500521219495722e-05,0.008618358611622317,0.0032620064352694685
