name,selected,train_return_,train_mdd5,train_exposure,train_orders,validation_return_,validation_mdd5,validation_exposure,validation_orders,recent_return_,recent_mdd5,recent_exposure,recent_orders,full_return_,full_mdd5,full_exposure,full_orders,preJuly_return_,preJuly_mdd5,preJuly_exposure,preJuly_orders,older_return_,older_mdd5,older_exposure,older_orders,year1_return_,year1_mdd5,year1_exposure,year1_orders,year2_return_,year2_mdd5,year2_exposure,year2_orders,year3_return_,year3_mdd5,year3_exposure,year3_orders
D_original,False,0.4239248888200009,-0.16455421861861919,0.41733603871097424,382,2.14679311092,-0.2010296290915753,0.4507865039997329,236,0.2750975735200003,-0.152722962111697,0.5047866600195884,37,5.141711216279998,-0.19320160267196773,0.44184650216162985,756,3.6618660690000002,-0.19320160267196773,0.4353666728732719,680,-0.22047513296999988,-0.6011578189524927,0.3616322015293133,1263,0.27706527880000054,-0.16455421861861919,0.40915477320048094,319,0.6547806265599994,-0.19838942253820901,0.42962093529160683,196,1.762620619099999,-0.1529093759486233,0.4858621615911601,142
D_late_all,False,0.41315558554,-0.16129925749982843,0.4238392972622927,416,2.5327009134,-0.2045107984186726,0.4511964007764804,269,0.19133981226000074,-0.15390864080160283,0.5043961057047457,37,5.224747635180002,-0.1966728968062803,0.4450711536049207,844,4.133075002280001,-0.1966728968062803,0.43897710463368644,759,-0.257015595719999,-0.5984175582065354,0.3683310879034401,1307,0.28942005634000023,-0.16129925749982843,0.417145758308061,349,0.6615834600700001,-0.20262847135022133,0.4300415758671715,215,1.7583515453899987,-0.15482533438182866,0.4857989675825766,149
D_late_trend,True,0.4135410911600008,-0.15695195706740295,0.4212803528687891,398,2.363622028300001,-0.20088114079681763,0.450834638447852,252,0.2320871290399995,-0.15204841074808817,0.5038540823884337,37,5.141987838839998,-0.19326915709958303,0.44375753959448966,798,3.9075072310399968,-0.19326915709958303,0.43742516141236115,719,-0.2780515778100008,-0.6038215312162583,0.36419780983076766,1266,0.2888840816000009,-0.15695195706740295,0.41415048803245225,331,0.6413667605400002,-0.19860838271324133,0.42932744182405735,205,1.7634137170999962,-0.15297103183197291,0.48585382315930903,144
D_late_relative,False,0.4259072942600004,-0.16486130726010473,0.4186608879374638,391,2.297383718759998,-0.2010296290915753,0.4506703581170563,244,0.2499103069599995,-0.15251356298551533,0.504334024698101,37,5.1925418774,-0.19326921384778428,0.44257050421186794,778,3.891161166279999,-0.19326921384778428,0.436130985633126,698,-0.2537178967899997,-0.5999445123900278,0.3640822594785874,1275,0.2853896886200007,-0.16486130726010473,0.41080571822127604,326,0.637395039190001,-0.1984303388951455,0.4297427935532823,202,1.7957777646799982,-0.15274379235384739,0.48589783998195013,142
D_late_both,False,0.4142728626200003,-0.16493811832601857,0.41757991964388996,385,2.268401417460001,-0.2010296290915753,0.45061094934740276,239,0.2625107726999998,-0.15251356298551533,0.5043707975446348,37,5.193951466559999,-0.1934543767714102,0.4422543294531151,764,3.8365613908599965,-0.1934543767714102,0.435790975811661,685,-0.26743747396999995,-0.6043354426570084,0.36176965126756117,1265,0.2740708064600006,-0.16493811832601857,0.40949415011699325,320,0.6243980074900004,-0.1984303388951455,0.42964378786349644,197,1.8226538675999988,-0.15274379235384739,0.48590923054698426,142
D_late_intraday,False,0.4147917313199998,-0.164981246856858,0.41770323799122144,385,2.500265353660001,-0.20849889013086065,0.4506804751790327,251,0.24508039971999995,-0.15251356298551533,0.5040258629888418,37,5.601285408059999,-0.2010489199818276,0.44194317796242505,793,4.131470202339999,-0.2010489199818276,0.4355160052416779,708,-0.26381312353000164,-0.612682243289062,0.36540768590965567,1279,0.27340641360000006,-0.164981246856858,0.40951731111700085,322,0.684123637169999,-0.20653849166124338,0.42976192627921017,204,1.924882613329999,-0.15297387729748557,0.4858286358757763,149
L_original,False,0.5973125676924194,-0.20566755232577738,0.5575603943624725,561,4.546059511168379,-0.2646815807154328,0.6213970603490422,452,0.3479000128186913,-0.22302664427523178,0.7076381588642672,53,11.414704454684008,-0.25767427606323645,0.5928941884169792,1349,7.238130589991364,-0.25767427606323645,0.5853980305490896,1152,-0.26952951723044993,-0.7303575061247018,0.4902997443372362,1700,0.3861685556551815,-0.20566755232577738,0.5395891307941424,447,1.2157410843825547,-0.2629162951083064,0.5847414993677035,345,3.1343046531471987,-0.2230749188043304,0.6795757613442769,280
L_late_all,False,0.5968078655314117,-0.20298892783641376,0.5799405881280899,606,5.480878931249402,-0.2653295338780224,0.6247388169321951,517,0.2108343767111307,-0.2307692806487025,0.7070508309444862,58,11.710176734564769,-0.2599695521969253,0.6081652931042661,1489,8.311103851861569,-0.2599695521969253,0.6006766649808377,1283,-0.3430250460668369,-0.7424158896221758,0.5056426885801704,1732,0.3980468751588955,-0.20298892783641376,0.5650678154834435,489,1.2555551209418998,-0.2629095051204685,0.5928139151397869,375,3.2529900988581364,-0.2301842948754218,0.6798106534606084,320
L_late_trend,True,0.5970508835307988,-0.19553391498777617,0.5697246862094707,582,5.082029913278196,-0.26441367793495185,0.6218035866172144,491,0.2806080800616684,-0.22280205787061647,0.7071723461205704,57,11.265785626351743,-0.2577480246629724,0.6009042751704242,1417,7.852814198365513,-0.2577480246629724,0.5934356422433462,1219,-0.3509312576761957,-0.7340173490106505,0.49323462704041,1693,0.4100769185202784,-0.19553391498777617,0.5541255912471387,462,1.1857820306203672,-0.26138666990873416,0.5858837025964053,354,3.2733191530501564,-0.22925826299630347,0.6798174015438344,297
L_late_relative,False,0.5667456420457013,-0.20534327394619,0.5620128813799227,569,5.079085258295064,-0.2646815807154328,0.6231304280301239,474,0.3109711570910705,-0.22309093943102443,0.707804005333375,55,11.706409975911457,-0.25793303683360125,0.5968109681522284,1388,7.833173083014019,-0.25793303683360125,0.5894256602292988,1182,-0.3212086714398662,-0.7333797640055664,0.49356245193711784,1707,0.3731471005957381,-0.20534327394619,0.5448817269269659,457,1.17711692463762,-0.2617175224994398,0.5877666396865352,351,3.3298307171570434,-0.22981306820664904,0.6795329150407341,297
L_late_both,False,0.56221710370924,-0.20534327394619,0.55876246198188,566,5.026836853483616,-0.2646815807154328,0.6213862192302992,464,0.3299578267231331,-0.22309093943102443,0.7073855749086462,54,11.625369877358228,-0.2579309936422485,0.5935841750937564,1371,7.82305506746788,-0.2579309936422485,0.5863934692884849,1164,-0.32744986601110804,-0.7326767939610321,0.490341202720396,1706,0.3691295052292274,-0.20534327394619,0.5408965829144542,449,1.1548630602455878,-0.2617175224994398,0.5845432751103254,344,3.3951502526207893,-0.22981306820664904,0.6795128207558861,296
L_late_intraday,False,0.5619689202222311,-0.205343819222657,0.5589836113762983,557,5.301396447136459,-0.27506861781787617,0.6221529294566979,492,0.3055686409075036,-0.22309093943102443,0.7073755383958041,53,11.993035575024582,-0.26732570689251345,0.5956741752463742,1402,7.88478340113682,-0.26732570689251345,0.5883428633326053,1193,-0.32793918070147143,-0.7433270879791094,0.4954030217110812,1702,0.3641919160413227,-0.205343819222657,0.5411995053902712,447,1.256192536420265,-0.2722532916368444,0.5859966718697734,360,3.537513022160791,-0.23056862184531635,0.6793777695244749,317
hold100,False,0.7913242324399998,-0.2842643988144937,0.9925488892485852,3,2.8758160821600005,-0.4804709735638819,0.9936936385869959,1,-0.24364810624,-0.3854265732025075,0.9813468985284609,1,4.23578223244,-0.4819713470171406,0.9880589753634181,3,5.882414232440001,-0.4819713470171406,0.9881007770672963,3,0.1388892102000001,-0.6456789014838318,0.9756015637291028,2,0.99336223244,-0.2842643988144937,0.9938735807815596,3,0.7257686570200002,-0.4862604283822092,0.9933318111237183,1,0.542657742,-0.3886462059819238,0.9928852799202154,1
