base,month,originalReturn,lateReturn,logContribution
D,2023-10,0.014590631519999953,0.014590631519999953,0.0
D,2023-11,-0.017630830567793465,-0.022450824492509458,-0.004918575974780737
D,2023-12,0.058564381287691036,0.05551528174305598,-0.0028845664732326526
D,2024-01,-0.09200752012226576,-0.08612897598633296,0.006453353420534214
D,2024-02,0.09299655585339717,0.10718284248248922,0.012895751353770635
D,2024-03,-0.026676460630628118,-0.021329900784326505,0.005478064181255959
D,2024-04,0.11875950037737959,0.12675414290236797,0.007120576913878907
D,2024-05,0.004846654956776941,-0.012929429929243619,-0.01784869027616587
D,2024-06,0.01808228069266593,0.023148536005289433,0.004963932225743761
D,2024-07,-0.0848501579381763,-0.08505562374727138,-0.00022454123716997287
D,2024-08,0.04051098889370408,0.03540078362799148,-0.0049233456408721565
D,2024-09,0.14977719461651318,0.15382680585612118,0.0035158954493823558
D,2024-10,0.09446845726896735,0.08895755298361374,-0.005047953044250875
D,2024-11,-0.027161336133815772,-0.03810970483926579,-0.011317849481935482
D,2024-12,0.04720067034074171,0.046306838277323514,-0.0008539086810532837
D,2025-01,0.047961813081724536,0.05727123946445989,0.008844139182032862
D,2025-02,0.008739470561933471,0.02412079945021728,0.01513298542982433
D,2025-03,-0.047894214730069606,-0.04265964358395846,0.005482829963147751
D,2025-04,0.059496462760938895,0.047525586689637134,-0.011362961177995956
D,2025-05,0.06916804687886824,0.07449328320873305,0.004968366233434551
D,2025-06,0.015812368196722604,0.015855143488753276,4.210855545139225e-05
D,2025-07,0.1788527923837262,0.18108689882476803,0.0018933594928451924
D,2025-08,0.015667745109123166,0.0073120067762739716,-0.008260869484900013
D,2025-09,0.08429488717649303,0.09268782555100463,0.00771065374873281
D,2025-10,-0.0022700982465422292,0.012000191740133781,0.01420143915754224
D,2025-11,0.07770429618998942,0.10323324996040917,0.02341205954474468
D,2025-12,0.11502306481296909,0.12022493622806296,0.004654410431038869
D,2026-01,0.031785552768191394,0.014274124692960077,-0.01711763919357523
D,2026-02,0.10770847127441496,0.10968092844836663,0.0017790810170339455
D,2026-03,-0.07187603002025234,-0.07554690045895207,-0.003962993284805094
D,2026-04,0.13120138151941796,0.1548553142630691,0.020694829644593682
D,2026-05,0.14909786017878712,0.13682658692590954,-0.010736480067002674
D,2026-06,0.31713747068612563,0.37983844069861505,0.04650562135407732
D,2026-07,0.1312533089804644,0.0698240258871734,-0.05583196793252121
D,2026-08,0.08924025822309267,0.07928568096487743,-0.009181026615243226
D,2026-09,0.0696286975301672,0.050709517134948756,-0.01784591002627245
D,2026-10,-0.0004304763439645365,-0.00043115681169025866,-6.807610084536009e-07
L,2023-10,0.014590631519999953,0.014590631519999953,0.0
L,2023-11,-0.04095444577968277,-0.0358585918299027,0.005299397276770534
L,2023-12,0.06959492708338688,0.06534292448535162,-0.003983261823663042
L,2024-01,-0.10555321029426523,-0.09820069609113191,0.00818657899166908
L,2024-02,0.14402854370399099,0.15506110579051624,0.009597404584104297
L,2024-03,-0.07461929257073086,-0.07320053686806838,0.00153198484974304
L,2024-04,0.15359316529890799,0.1826488396810222,0.024875139255728484
L,2024-05,0.01230350867325214,-0.02828687527457574,-0.04092309291271867
L,2024-06,0.009332023255072874,0.0327515981943014,0.022937945864461184
L,2024-07,-0.09549053156058951,-0.09525305440469545,0.00026251354469941646
L,2024-08,0.07692590528151588,0.05260627367201165,-0.02284134439611485
L,2024-09,0.22506294275035166,0.2294680870335548,0.0035894017711211035
L,2024-10,0.138673098903356,0.129400941402942,-0.008176284363278441
L,2024-11,-0.04145117332656245,-0.049942947130781845,-0.008898463458168138
L,2024-12,0.05574872418450094,0.06446919632198744,0.008226061319350109
L,2025-01,0.10150052015555477,0.1109659423028242,0.008556495709768797
L,2025-02,0.022242620756609766,0.04782974590063094,0.024722254892061812
L,2025-03,-0.07910539151389584,-0.07037371658948433,0.009437061494166343
L,2025-04,0.10242588232986849,0.09414966047770101,-0.007535603356068066
L,2025-05,0.1124749223042254,0.10708715357265297,-0.004854812913094975
L,2025-06,0.025020529585943363,0.024451284197651635,-0.0005555044954501653
L,2025-07,0.26956183204358486,0.26059620280638573,-0.007087040919524057
L,2025-08,0.007905444002548556,0.0004381195247940006,-0.007436336117674358
L,2025-09,0.1449855623829004,0.16703885869128254,0.01907762303190097
L,2025-10,0.002067988381779795,0.034027947127176716,0.03139595085318625
L,2025-11,0.058463794096504706,0.08052513576259757,0.020628553686666606
L,2025-12,0.1632377431621994,0.1698534670541343,0.005671224163572575
L,2026-01,0.04046384821493798,0.012566861237612637,-0.027178068011775025
L,2026-02,0.15538301149402511,0.1543244462658946,-0.0009166228378330032
L,2026-03,-0.09640406574630145,-0.10304917441243167,-0.00738124550236563
L,2026-04,0.18855041970395514,0.23240274602288036,0.036231286037388344
L,2026-05,0.18549323328046685,0.15849223533656942,-0.023039556077947054
L,2026-06,0.43007455221752067,0.5079349614937521,0.05301456234204949
L,2026-07,0.2038182795001946,0.09617762959073195,-0.09366915865954084
L,2026-08,0.11495306093136515,0.10692227470520388,-0.007228867496813507
L,2026-09,0.12967820422209853,0.13472893419079246,0.004460980765298217
L,2026-10,-0.006116580152478734,-0.008574173362823068,-0.0024757800025483334
