base,date,originalBar,lateBar,startNav,startingShares,navDifference,equityEffect,originalSellQty,lateSellQty,trend,relative,intra
D,2023-11-03,3,6,1018464.41194,51600,-5342.936279999907,-0.0052460706700811766,51600.0,51600.0,False,False,False
D,2023-11-28,3,10,994431.2215800001,40600,-501.14263999985997,-0.0005039490204296085,16300.0,13200.0,False,False,False
D,2023-12-01,3,6,996702.5560000003,24000,421.6792799998075,0.00042307434395684175,24000.0,24000.0,True,False,False
D,2023-12-26,3,4,1047698.8745000004,47600,-3503.3354400000535,-0.003343838124930669,47600.0,47600.0,True,True,True
D,2024-01-16,3,18,986291.4355000006,48300,2536.934760000091,0.002572195873032185,22600.0,14300.0,False,False,False
D,2024-02-23,3,4,1006455.9361200009,40300,-3835.0831199999666,-0.0038104828859022253,20200.0,20200.0,True,True,True
D,2024-02-27,3,18,1037709.9334000008,20100,17280.856560000102,0.016652877652794846,20100.0,20100.0,True,True,False
D,2024-03-14,3,4,1051334.8473400006,35200,-6682.917120000115,-0.006356601930306669,17600.0,17600.0,True,False,True
D,2024-03-18,3,18,1074874.1151800007,17600,12662.369279999984,0.011780327669235497,17600.0,17600.0,True,False,True
D,2024-04-15,3,7,1060460.1485800005,35000,-6573.999959999928,-0.006199195668788481,35000.0,35000.0,True,False,False
D,2024-04-18,3,18,1081244.7207400005,17400,7301.611919999821,0.006752968851494249,17400.0,16500.0,True,False,False
D,2024-04-24,3,18,1113822.7702600006,37600,11849.68247999996,0.010638750433548668,18800.0,17600.0,True,False,False
D,2024-05-16,3,5,1093002.1064200008,34300,-10655.895360000199,-0.009749199290111457,34300.0,34300.0,True,True,True
D,2024-05-24,3,6,1148963.7699400005,35700,-1940.148320000153,-0.0016886070481591153,17900.0,17800.0,True,True,False
D,2024-05-28,3,14,1171340.7506800005,36400,-14244.028639999917,-0.012160448299720475,36300.0,13000.0,True,False,False
D,2024-05-31,3,15,1144964.2581000002,36700,239.19488000008278,0.00020891034659633166,18500.0,18400.0,True,False,False
D,2024-06-12,3,9,1168414.6485800003,31600,-5265.994799999986,-0.004506957188871146,13900.0,13900.0,True,False,False
D,2024-06-27,3,18,1185381.6199600003,32200,-1273.876799999969,-0.0010746554346295289,32200.0,18700.0,True,False,False
D,2024-08-02,3,6,1092803.9898800002,15900,-329.749199999962,-0.00030174597004918645,15900.0,15900.0,False,False,False
D,2024-08-07,3,16,1082665.46136,34700,981.8566399998963,0.0009068883002571525,17400.0,17500.0,False,False,False
D,2024-08-19,3,12,1126854.7624400002,33300,569.2583599998616,0.0005051745610652038,33300.0,22300.0,False,True,False
D,2024-08-22,3,5,1123122.0437600003,16800,-6365.158800000092,-0.005667379458327381,16800.0,16800.0,False,False,False
D,2024-09-11,3,6,1121331.6494000002,36300,-6085.371599999955,-0.0054269150462810025,18200.0,18200.0,False,False,False
D,2024-09-13,3,18,1148646.4946800002,18100,10473.034440000076,0.009117717669018564,18100.0,18100.0,False,True,True
D,2024-10-15,3,15,1293423.6746600005,15300,3659.2168799999636,0.002829093785500605,15300.0,15300.0,True,True,False
D,2024-10-18,3,6,1292198.2984200004,32000,-4437.905000000028,-0.003434383875467375,16000.0,16100.0,True,True,False
D,2024-10-25,3,5,1382892.1557800001,32600,-6515.044800000032,-0.004711173443836129,16300.0,16300.0,True,True,True
D,2024-11-08,3,9,1399989.9975600005,34400,914.2387600000948,0.0006530323513692908,17200.0,17300.0,True,False,True
D,2024-11-12,3,5,1444205.7076800005,35000,-17098.99488000013,-0.01183972254719051,35000.0,35000.0,True,False,False
D,2024-12-02,3,4,1359744.0578000005,18200,-294.18504000012763,-0.00021635324553365186,18200.0,17800.0,False,False,True
D,2024-12-25,3,6,1409103.498240001,35800,-2151.0056800001767,-0.0015265065218323754,35800.0,34800.0,False,False,False
D,2024-12-27,3,5,1425346.119820001,17500,-874.3349999999627,-0.0006134194269321599,17500.0,17500.0,True,False,False
D,2025-01-07,3,18,1432474.874760001,35900,16431.502559999935,0.011470709085039202,35900.0,35900.0,True,False,False
D,2025-01-21,3,4,1487753.1063800012,18100,-3270.512519999873,-0.0021982898277777283,18100.0,18100.0,True,False,False
D,2025-02-17,3,18,1536373.848980001,39600,24731.190000000177,0.01609711725854955,19800.0,19800.0,False,False,True
D,2025-03-06,3,18,1454209.1114000008,42900,11114.546519999858,0.007643018072758206,21500.0,21500.0,False,False,False
D,2025-03-07,3,4,1474007.2638000008,21400,-3449.3764800000936,-0.0023401353335990877,21400.0,21400.0,False,False,False
D,2025-03-11,3,15,1465909.6608600006,43300,195.8510399996303,0.00013360375828666752,21700.0,21700.0,False,False,True
D,2025-04-03,3,6,1445895.9288400009,43400,-13966.377480000025,-0.00965932416118277,43400.0,43400.0,False,False,True
D,2025-04-21,3,18,1534657.838820001,55300,7583.827320000157,0.004941705654617686,53500.0,36400.0,False,False,False
D,2025-05-06,3,5,1518435.2191400009,54400,-5979.45215999987,-0.003937904024240471,27200.0,27200.0,False,False,True
D,2025-05-21,3,8,1591518.715320001,51700,312.1633200000506,0.00019614178394206634,25900.0,25500.0,False,True,False
D,2025-05-22,3,18,1591483.728440001,25800,9778.562639999902,0.006144305760251167,25800.0,25800.0,False,True,False
D,2025-05-29,3,18,1581979.561040001,52600,2876.811960000079,0.0018184887029190498,26300.0,26300.0,False,True,True
D,2025-07-04,3,4,1649693.986360001,37100,-5364.919560000068,-0.0032520695379617635,37100.0,37100.0,True,True,True
D,2025-07-15,3,18,1788462.940080001,18700,8292.692760000005,0.004636770812611336,18700.0,18700.0,True,False,True
D,2025-08-19,3,6,1895218.576400001,17100,-15207.433559999801,-0.008024105371997024,17100.0,17100.0,True,True,False
D,2025-09-11,3,18,1994554.2596600007,31400,35001.68959999969,0.01754862743416477,31400.0,31300.0,True,False,True
D,2025-09-17,3,8,2123339.9230400007,14700,-7931.967120000161,-0.0037356087143333642,14700.0,14700.0,True,True,False
D,2025-09-30,3,5,2147422.911440001,28800,-11942.91648000013,-0.005561511156641032,14400.0,14400.0,True,False,False
D,2025-10-21,3,18,2045219.650080001,30500,24845.103360000066,0.0121478900122186,15300.0,15300.0,True,False,False
D,2025-10-22,3,18,2092973.081600001,15200,9594.702480000211,0.004584245523437604,15200.0,15200.0,True,False,False
D,2025-10-27,3,15,2147297.3913200004,29300,-2547.7955200006254,-0.0011865126508789862,29300.0,28600.0,True,False,False
D,2025-11-07,3,4,2182783.4832200003,30100,-12230.697600000072,-0.005603257351919111,30100.0,30100.0,True,True,False
D,2025-11-19,3,4,1972641.7467400003,31300,-8942.198760000058,-0.0045331083430521476,15700.0,15700.0,False,False,True
D,2025-11-26,3,18,2197592.5399,32800,78967.93871999998,0.03593384000274835,32800.0,32800.0,False,False,True
D,2025-12-02,3,6,2322228.5076200003,16200,485.63063999963924,0.00020912267608726894,16200.0,16200.0,True,True,False
D,2025-12-09,3,18,2353092.2119400003,33000,86724.03960000025,0.03685535108226841,33000.0,33000.0,True,True,True
D,2025-12-15,3,4,2374808.38484,33500,-10072.339200000279,-0.004241327116873428,16800.0,16800.0,True,True,False
D,2025-12-18,3,7,2419713.64142,33600,-14474.990639999975,-0.0059821089538121455,33600.0,33600.0,True,True,False
D,2025-12-23,3,7,2463155.19332,34500,-40202.422920000274,-0.016321514384894622,34500.0,34500.0,True,False,False
D,2025-12-30,3,8,2607204.6899000006,17500,-10542.98124000011,-0.004043787310157258,17500.0,17500.0,True,False,True
D,2026-01-06,3,5,2663302.8218400003,35000,-29328.69323999947,-0.011012151152882085,35000.0,35000.0,True,False,True
D,2026-01-22,3,4,2645361.591979999,35700,-7870.014240000397,-0.002975024005738986,17900.0,17900.0,True,False,True
D,2026-01-29,3,5,2702755.8100399994,37500,-6064.128359999973,-0.002243683405460972,18800.0,18700.0,True,False,False
D,2026-02-09,3,10,2648409.304679999,38200,-23779.913519999478,-0.008978941992832466,38200.0,38200.0,False,False,True
D,2026-02-24,3,18,2791666.151919999,40300,36039.59616000019,0.012909708467544932,20400.0,20200.0,False,False,False
D,2026-02-25,3,4,2883161.617399999,19900,-6363.160319999792,-0.0022070078491604,19900.0,19900.0,True,False,True
D,2026-03-25,3,5,2854527.2284399983,34600,-11409.322320000269,-0.003996921874252176,17300.0,17300.0,True,True,False
D,2026-04-08,3,18,2773172.7421799996,36200,52034.54800000042,0.018763543723243112,18100.0,16800.0,True,True,True
D,2026-04-09,3,18,2984378.1090599988,18100,3417.573479999788,0.0011451543186249394,18100.0,17500.0,True,True,True
D,2026-04-17,3,18,3030415.6004399993,16100,5207.6060399995185,0.001718446156112516,16100.0,15500.0,True,False,False
D,2026-05-06,3,6,3080148.616279999,30000,-20684.26799999969,-0.00671534739936698,15000.0,15000.0,True,False,False
D,2026-05-21,3,14,3186757.9565199986,30700,9736.594560000114,0.003055329175558932,15400.0,15400.0,True,False,True
D,2026-05-25,3,4,3401594.4047599984,15300,-25072.93008000031,-0.007370934654912024,15300.0,15300.0,True,False,True
D,2026-06-03,3,18,3832320.0319599984,29200,115160.41152000055,0.030049789829557375,29200.0,29200.0,True,False,True
D,2026-06-05,3,18,4004218.688719999,14600,17398.766880000476,0.004345109054361419,14600.0,14600.0,True,True,False
D,2026-06-09,3,5,4014820.328879998,14900,-20546.37288000062,-0.005117631972769347,14900.0,14900.0,True,True,False
D,2026-06-25,3,18,4318187.704499999,30100,128705.10972000007,0.02980535320080598,15100.0,15100.0,True,True,False
D,2026-06-26,3,4,4513020.979699999,15000,-45865.11600000039,-0.010162841299942117,15000.0,15000.0,True,True,False
D,2026-07-01,3,5,4661866.069,30500,-67009.0343999993,-0.014373865187931744,30500.0,30500.0,True,True,False
D,2026-07-10,3,6,4923727.85722,35800,-71940.28380000032,-0.014610938274037496,35800.0,35800.0,True,False,False
D,2026-07-15,3,5,5331635.0608399995,38800,-67436.70911999885,-0.01264841054394563,38800.0,38800.0,True,True,True
D,2026-07-22,3,5,5540788.22146,45100,-35229.20544000063,-0.006358157726287853,22600.0,22600.0,False,False,False
D,2026-07-24,3,14,5333296.80368,46000,-44471.71100000106,-0.00833850292549167,23000.0,23100.0,False,False,False
D,2026-08-05,3,8,5416384.0549,25300,-24472.386839998886,-0.004518214844432908,25300.0,25300.0,False,False,True
D,2026-08-13,3,4,5512110.362299999,22500,-23157.387000000104,-0.004201183481082804,22500.0,22500.0,False,False,False
D,2026-09-08,3,4,5928427.355719999,48300,-60900.68027999997,-0.01027265354297382,48300.0,48300.0,False,True,True
D,2026-09-17,3,4,6061821.3825199995,47400,-49505.34731999971,-0.008166744645883893,47400.0,47400.0,True,False,False
L,2023-11-03,3,6,1012368.682184239,77500,-2650.1121599999024,-0.002617734237177453,77500.0,56200.0,False,False,False
L,2023-11-28,3,10,965934.7505653498,55300,268.51315999997314,0.0002779827103671502,20600.0,13200.0,False,False,False
L,2023-12-01,3,6,973038.6345128401,23400,337.74311999988277,0.0003471014490282564,23400.0,23400.0,True,False,False
L,2023-12-26,3,4,1032221.0352337807,69900,-1350.0319199999794,-0.001307890339295614,69900.0,58800.0,True,True,True
L,2024-01-16,3,18,973177.3327021438,56600,4318.940520000062,0.004437978952929375,32200.0,14300.0,False,False,False
L,2024-02-23,3,4,1002159.3853455586,60200,-6809.746439999901,-0.00679507325838375,39800.0,39900.0,True,True,True
L,2024-02-27,3,18,1051559.3050056156,20400,17502.687840000028,0.016644508547149,20400.0,20400.0,True,True,False
L,2024-03-14,3,4,1068439.2060529666,54000,-11070.869080000091,-0.010361721113640289,36200.0,36300.0,True,False,True
L,2024-03-18,3,18,1083651.3585920439,17800,12806.259839999955,0.011817693706063129,17800.0,17800.0,True,False,True
L,2024-04-15,3,7,1032229.0518446732,51200,-6611.971079999814,-0.0064055270176553445,51200.0,51200.0,True,False,False
L,2024-04-18,3,18,1055812.2048510816,17000,7160.312559999875,0.006781805066375237,17000.0,16500.0,True,False,False
L,2024-04-24,3,18,1106563.8938030829,56400,39485.30832000007,0.03568280922694431,37700.0,21000.0,True,False,False
L,2024-05-16,3,5,1067491.2004256183,50700,-19750.977840000065,-0.01850223948649429,50700.0,50700.0,True,True,True
L,2024-05-24,3,6,1141972.581704913,37800,-2489.7303200000897,-0.0021802014863465777,20100.0,20000.0,True,True,False
L,2024-05-28,3,14,1174824.241709924,48600,-23590.53376000002,-0.0200800536135215,47900.0,13000.0,True,False,False
L,2024-05-31,3,15,1144329.2487726586,55100,-4260.586440000217,-0.0037232172860825466,36800.0,20300.0,True,False,False
L,2024-06-12,3,9,1173637.5917784842,31600,-5222.028240000131,-0.004449438460885421,13800.0,13800.0,True,False,False
L,2024-06-27,3,18,1184277.5466198968,47800,-6993.532959999982,-0.005905315844212836,44600.0,18700.0,True,False,False
L,2024-08-02,3,6,1090207.3106044708,15900,-329.749199999962,-0.0003024646751058117,15900.0,15900.0,False,False,False
L,2024-08-07,3,16,1090959.339078046,52100,-333.65559999994,-0.0003058368795686809,34600.0,19700.0,False,False,False
L,2024-08-19,3,12,1148434.5682047,51100,-5110.212360000238,-0.00444972008112645,51100.0,22300.0,False,True,False
L,2024-08-22,3,5,1146778.7981466413,17100,-6479.072160000214,-0.005649801139043835,17100.0,17100.0,False,False,False
L,2024-09-11,3,6,1172100.8855887312,56700,-10808.855560000055,-0.00922177919400761,37600.0,32900.0,False,False,False
L,2024-09-13,3,18,1208212.671660883,19100,11207.145560000092,0.009275805346913028,19100.0,18300.0,False,True,True
L,2024-10-15,3,15,1404176.9481751814,16600,4046.2847199998796,0.0028816060007667036,15500.0,15900.0,True,True,False
L,2024-10-18,3,6,1408808.9047836005,52700,-5659.695360000012,-0.004017362000469019,35000.0,35000.0,True,True,False
L,2024-10-25,3,5,1540294.21428265,54200,-12440.905560000101,-0.008076967013600134,35700.0,35800.0,True,True,True
L,2024-11-08,3,9,1584556.0212302064,58300,3695.2553600000683,0.0023320446298460136,38800.0,38700.0,True,False,True
L,2024-11-12,3,5,1667620.8525318622,59600,-22540.78096000012,-0.013516730092321419,59600.0,54000.0,True,False,False
L,2024-12-02,3,4,1512966.6094801507,20200,581.5576799998526,0.0003843823626746617,20200.0,20200.0,False,False,True
L,2024-12-25,3,6,1576186.5070014056,59800,-11763.410880000098,-0.007463209986728815,52500.0,34800.0,False,False,False
L,2024-12-27,3,5,1598688.6379724192,19700,-1204.9636399997398,-0.0007537200248873778,19700.0,19600.0,True,False,False
L,2025-01-07,3,18,1622993.4476461976,60700,38044.752159999916,0.02344110027996455,60700.0,35900.0,True,False,False
L,2025-01-21,3,4,1754781.1268842043,21400,-3039.68807999976,-0.0017322320336309069,21400.0,21400.0,True,False,False
L,2025-02-17,3,18,1823988.366634695,71200,49994.30592000019,0.02740933376249595,47500.0,47100.0,False,False,True
L,2025-03-06,3,18,1699286.3869895143,75000,23106.52931999974,0.013597784044475088,49900.0,47500.0,False,False,False
L,2025-03-07,3,4,1732868.7059879238,25100,-4130.858160000062,-0.0023838263947671807,25100.0,25100.0,False,False,False
L,2025-03-11,3,15,1722747.5262479237,48200,334.3696799997706,0.00019409093608046827,22800.0,22700.0,False,False,True
L,2025-04-03,3,6,1679353.8743670718,75600,-21276.817319999915,-0.012669644941879145,75600.0,75600.0,False,False,True
L,2025-04-21,3,18,1853220.6710339265,97900,18332.664480000036,0.009892326783605375,76700.0,36400.0,False,False,False
L,2025-05-06,3,5,1825946.004278897,80000,-9425.115480000153,-0.005161771190338304,46900.0,47000.0,False,False,True
L,2025-05-21,3,8,1936821.483299756,81600,5933.520599999931,0.003063535101795243,43500.0,25500.0,False,True,False
L,2025-05-22,3,18,1936154.317794545,38100,13661.937159999972,0.007056223274373168,38100.0,36400.0,False,True,False
L,2025-05-29,3,18,1945607.9612904321,96400,4337.046600000234,0.0022291472312457395,63500.0,30100.0,False,True,True
L,2025-07-04,3,4,2107287.9340625387,70200,-27525.065039999783,-0.013061843422097302,70200.0,70200.0,True,True,True
L,2025-07-15,3,18,2363872.4344456727,24700,9371.871960000135,0.003964626780800816,24700.0,24700.0,True,False,True
L,2025-08-19,3,6,2564006.5745626315,23100,-21528.625800000038,-0.008396478391898193,23100.0,23100.0,True,True,False
L,2025-09-11,3,18,2762080.3188649435,64400,82004.98516000016,0.029689572964228462,64400.0,49500.0,True,False,True
L,2025-09-17,3,8,3037616.5000543455,21000,-11256.363640000578,-0.0037056566027341476,20000.0,21000.0,True,True,False
L,2025-09-30,3,5,3062526.159393359,61300,-31287.49967999989,-0.010216239160614217,40600.0,39800.0,True,False,False
L,2025-10-21,3,18,2913538.1794079617,65700,58644.379919999745,0.020128234575569018,44000.0,43700.0,True,False,False
L,2025-10-22,3,18,2996469.449110878,21700,12549.455160000362,0.004188080463735105,21700.0,21700.0,True,False,False
L,2025-10-27,3,15,3095422.065293074,54900,24839.222399999388,0.008024502596432713,54900.0,42600.0,True,False,False
L,2025-11-07,3,4,3146319.9806512995,64100,-17287.851239999756,-0.005494625895113538,64100.0,64100.0,True,True,False
L,2025-11-19,3,4,2684503.400391862,64000,-22651.607439999934,-0.008437913483996123,42500.0,42600.0,False,False,True
L,2025-11-26,3,18,3062679.2473244728,54300,142774.40891999984,0.046617486648243105,54300.0,54300.0,False,False,True
L,2025-12-02,3,6,3262066.246453074,21300,-280.786439999938,-8.607625314330883e-05,21300.0,21300.0,True,True,False
L,2025-12-09,3,18,3344162.388092762,70000,183222.64487999957,0.05478880018876561,70000.0,70000.0,True,True,True
L,2025-12-15,3,4,3445396.61882432,72200,787.4011200000532,0.00022853714887220727,48100.0,48100.0,True,True,False
L,2025-12-18,3,7,3536729.655702995,72400,-49067.68019999983,-0.013873743536172729,72400.0,72400.0,True,True,False
L,2025-12-23,3,7,3572557.0714148805,74400,-86427.26532000024,-0.024191990104659535,74400.0,74400.0,True,False,False
L,2025-12-30,3,8,3822733.9267710038,25700,-19638.063719999976,-0.005137177762352899,25700.0,25700.0,True,False,True
L,2026-01-06,3,5,3958880.684583581,77400,-60527.96375999926,-0.015289160897347416,77400.0,77400.0,True,False,True
L,2026-01-22,3,4,3857185.1635995475,77800,-16694.10907999985,-0.004328054882493847,51400.0,51500.0,True,False,True
L,2026-01-29,3,5,4023170.5307468167,84300,-28002.960960000753,-0.0069604210773542815,56600.0,56700.0,True,False,False
L,2026-02-09,3,10,3914543.1460577417,83200,-68315.18899999931,-0.017451637764881497,83200.0,69300.0,False,False,True
L,2026-02-24,3,18,4220178.795465887,91600,71582.06687999889,0.016961856440041327,60800.0,60500.0,False,False,False
L,2026-02-25,3,4,4446262.631207898,30800,-11913.938519999385,-0.0026795399885685056,30800.0,30800.0,True,False,True
L,2026-03-25,3,5,4328410.886576441,78200,-24391.27740000002,-0.005635157576108102,51800.0,52100.0,True,True,False
L,2026-04-08,3,18,4194179.8674366293,82500,153722.65864000004,0.03665142256618365,54400.0,54000.0,True,True,True
L,2026-04-09,3,18,4627683.786343056,28100,2139.372839999385,0.00046229883863564203,28100.0,28100.0,True,True,True
L,2026-04-17,3,18,4698759.612083057,24900,12574.43615999911,0.002676118209508616,24900.0,24900.0,True,False,False
L,2026-05-06,3,6,4859268.69398587,71300,-67541.59944000002,-0.013899539970611968,47300.0,47400.0,True,False,False
L,2026-05-21,3,14,5072517.179335806,73900,-8587.581280000508,-0.0016929624831995076,49100.0,49000.0,True,False,True
L,2026-05-25,3,4,5537271.663571861,24800,-40641.08927999996,-0.007339551271678822,24800.0,24800.0,True,False,True
L,2026-06-03,3,18,6367411.75610037,71800,14341.506080000661,0.002252328988503158,71800.0,40800.0,True,False,True
L,2026-06-05,3,18,6748294.42215918,24700,42445.71672000084,0.006289843635248495,24700.0,24700.0,True,True,False
L,2026-06-09,3,5,6765734.815399179,25100,-34611.675119999796,-0.005115730377315668,25100.0,25100.0,True,True,False
L,2026-06-25,3,18,7487735.865834851,78100,421557.34851999953,0.05629970876022584,52000.0,50100.0,True,True,False
L,2026-06-26,3,4,7890734.938168962,26100,-79805.30183999985,-0.010113798329984026,26100.0,26100.0,True,True,False
L,2026-07-01,3,5,8238130.589991364,79700,-211085.45304000005,-0.025622979720235455,79700.0,79700.0,True,True,False
L,2026-07-10,3,6,9034332.925422478,96500,-302018.29152000137,-0.03343005997378361,96500.0,96500.0,True,False,False
L,2026-07-15,3,5,10048812.062050158,108400,-211777.92635999992,-0.021074921597925976,108400.0,108400.0,True,True,True
L,2026-07-22,3,5,10818636.915152662,125100,-75363.80844000168,-0.006966109412031989,80700.0,81300.0,False,False,False
L,2026-07-24,3,14,10398802.897993915,121500,-152407.73156000115,-0.014656276597895984,68200.0,31700.0,False,False,False
L,2026-08-05,3,8,10196208.251644544,46100,-73527.98428000137,-0.007211306641186154,46100.0,44700.0,False,False,True
L,2026-08-13,3,4,10368094.593444545,42300,-40417.25951999985,-0.0038982340637164466,42300.0,42300.0,False,False,False
L,2026-09-08,3,4,11841276.366892667,142700,-76033.29776000045,-0.006421039033645387,142700.0,109300.0,False,True,True
L,2026-09-17,3,4,12385781.12398975,123200,-85357.16172000021,-0.006891544494894535,107200.0,91900.0,True,False,False
