name,period,slip,return_,mdd5,exposure,orders,fees,interest,dividend_tax,t1_blocks,limit_blocks,volume_caps,turnover,risk_orders,borrow_days,min_maintenance,max_exposure,ending_debt,max_debt
D_late_trend,validation,0.001,2.160833403780001,-0.2054112413323329,0.4507487538013176,247,86457.59622000002,0.0,0.0,0,0,75,111.86095352739943,0,0,,0.9999067373585394,0.0,0.0
D_late_trend,recent,0.001,0.21734975755999986,-0.15311836178388838,0.5043163146546468,38,14239.242439999998,0.0,0.0,0,0,1,24.895815906551608,0,0,,0.9999275582767031,0.0,0.0
D_late_trend,validation,0.002,1.8321746712699998,-0.2132250086829266,0.45077215273894544,245,81180.32872999996,0.0,0.0,0,0,69,112.01618159170765,0,0,,0.9999710882741094,0.0,0.0
D_late_trend,recent,0.002,0.18648802283999966,-0.15408550790844922,0.504366130806914,37,14046.977160000004,0.0,0.0,0,0,1,24.884087278157743,0,0,,0.9975630256480225,0.0,0.0
D_original,validation,0.001,1.9654068982100004,-0.20573880891922935,0.4508494832527032,236,84698.10179,0.0,0.0,0,0,58,112.09210498516556,0,0,,0.999989061180226,0.0,0.0
D_original,recent,0.001,0.2625463379299997,-0.15182785581945768,0.5041027618009244,38,14552.662069999998,0.0,0.0,0,0,1,24.912508228753527,0,0,,0.9994018269208491,0.0,0.0
D_original,validation,0.002,1.64675995754,-0.2134356168344499,0.4507204082439015,230,79253.04246000003,0.0,0.0,0,0,54,111.96391212891052,0,0,,0.9999859841424584,0.0,0.0
D_original,recent,0.002,0.22871149225999976,-0.15236749139743677,0.5048962100658083,37,14350.507740000003,0.0,0.0,0,0,1,24.91929596198385,0,0,,0.9997039308795582,0.0,0.0
D_late_all,validation,0.001,2.3239802203399997,-0.2092033331054567,0.4508450265162421,266,89317.77965999999,0.0,0.0,0,0,94,111.97200833624372,0,0,,0.9999277421358251,0.0,0.0
D_late_all,recent,0.001,0.17625995025999996,-0.15581636848383895,0.5044033012041482,37,13936.04974,0.0,0.0,0,0,1,24.878813262399554,0,0,,0.9975394890124624,0.0,0.0
D_late_all,validation,0.002,1.9714771264900008,-0.2170305955596259,0.4510736578990906,262,83765.87351,0.0,0.0,0,0,86,111.99189368029857,0,0,,0.99999356032786,0.0,0.0
D_late_all,recent,0.002,0.14669207931999972,-0.15901587204678636,0.5038666622803328,37,13745.92068,0.0,0.0,0,0,1,24.855072770427107,0,0,,0.9997079746887573,0.0,0.0
L_original,validation,0.001,4.1162701435399365,-0.2719438636226926,0.6212217642673171,442,166216.21247999993,39954.64398006127,0.0,0,2,173,166.30985523780495,0,176,2.693813182207249,1.5903838808816424,2447329.8564600646,2447329.8564600646
L_original,recent,0.001,0.3221333898316634,-0.22300937721345204,0.707231500570712,57,23116.347939999996,5453.262228336717,0.0,2,1,2,38.54032171444967,1,39,2.655354952920017,1.604100044063672,705766.6101683367,705766.6101683367
L_original,validation,0.002,3.3501805438649512,-0.28371419504119433,0.6210867057383668,429,149892.37627999997,36028.07985505258,0.0,0,2,152,166.19469354397665,0,176,2.6892563402399556,1.591976466909665,2082699.4561350497,2082699.4561350497
L_original,recent,0.002,0.19455839486144444,-0.2618294630378103,0.7010689588165366,55,21095.73804,4991.867098556149,0.0,2,1,2,37.59910275506941,1,38,2.6391799424714866,1.6100611495356891,636345.6051385556,636345.6051385556
L_late_trend,validation,0.001,4.646618366715369,-0.27138912580303254,0.6227126359245015,483,169573.34988000002,40725.28340463166,0.0,0,2,213,165.66919839557113,0,176,2.698589232723368,1.588723854322736,2696261.633284631,2696261.633284631
L_late_trend,recent,0.001,0.25634503878436754,-0.22344006797229266,0.7074824447938901,58,22496.808010000004,5299.153205632203,0.0,2,1,2,38.58458419651629,1,39,2.658969927468898,1.602783681272455,667262.9612156324,667262.9612156324
L_late_trend,validation,0.002,3.8369594972624217,-0.28322961973488137,0.6213254288073927,459,154122.19408999995,36879.30864757921,0.0,0,2,185,166.08296943171206,0,176,2.690599733498725,1.5915060674536385,2314080.5027375794,2314080.5027375794
L_late_trend,recent,0.002,0.20690131408816703,-0.22716925805336252,0.7070811771706073,53,21992.626589999996,5153.0593218333715,0.0,2,1,2,38.51152688864115,1,39,2.6407056588421405,1.6094938446824814,647178.6859118331,647178.6859118331
L_late_all,validation,0.001,5.005299129458038,-0.27268125223343653,0.6246891774889782,507,178125.62945000004,42674.24109196092,0.0,1,2,243,165.57940192760105,0,176,2.6942988713558553,1.5902146409386169,2872380.8705419623,2872380.8705419623
L_late_all,recent,0.001,0.1900678142993213,-0.23375411014373126,0.707468815634725,58,21807.07842,5112.107280678065,0.0,2,1,3,38.587972416868325,1,39,2.658969927468898,1.602783681272455,629248.1857006787,629248.1857006787
L_late_all,validation,0.002,4.1810067319490445,-0.28393304256168594,0.6248034294571159,494,162287.63693999994,38824.63111095918,0.0,0,2,227,165.86951360931332,0,176,2.6940359179922324,1.590306255834999,2474273.268050957,2474273.268050957
L_late_all,recent,0.002,0.14249516254846806,-0.2427848341500256,0.707076323489352,54,21312.075900000003,4976.7615515324305,0.0,2,1,3,38.52965356225876,1,39,2.6407056588421405,1.6094938446824814,607292.8374515319,608095.0349854927
