name,period,return_,mdd5,exposure,orders,fees,interest,dividend_tax,t1_blocks,limit_blocks,volume_caps,turnover,risk_orders,borrow_days,min_maintenance,max_exposure,ending_debt,max_debt,cagr,mdd,sharpe,score
D_none,validation,1.9654068982100004,-0.20573880891922935,0.4508494832527032,236,84698.10179,0.0,0.0,0,0,58,112.09210498516556,0.0,0.0,,0.999989061180226,0.0,0.0,,,,
D_none,recent,0.2625463379299997,-0.15182785581945768,0.5041027618009244,38,14552.662069999998,0.0,0.0,0,0,1,24.912508228753527,0.0,0.0,,0.9994018269208491,0.0,0.0,,,,
D_none,full,4.393150951149999,-0.19894205701785406,0.44171161568035405,726,236440.04884999993,0.0,0.0,0,0,380,231.5897036295314,0.0,0.0,,0.999967149152502,0.0,0.0,,,,
D_none,older,-0.29400648434499965,-0.6277813590380474,0.3618207038082781,1225,128568.98434500014,0.0,2864.0,0,0,1020,167.4549128407064,0.0,0.0,,0.9999937340299946,0.0,0.0,,,,
D_immediate,validation,2.35636844676,-0.21409979759642728,0.47727579498024997,308,103019.55324000002,0.0,780.0,0,0,116,129.6939703169791,0.0,0.0,,0.999986364286418,0.0,0.0,,,,
D_immediate,recent,0.3109850809599999,-0.15166906360211252,0.5306339470455389,46,16632.919040000004,0.0,0.0,0,0,3,27.923740911684398,0.0,0.0,,0.998884849679896,0.0,0.0,,,,
D_immediate,full,4.988513866919998,-0.20830140600686464,0.4714376900933496,928,273750.1330799999,0.0,1020.0,0,0,577,267.0404749551577,0.0,0.0,,0.9999863601131886,0.0,0.0,,,,
D_immediate,older,-0.22611172403500213,-0.6231267097995334,0.37789073672516865,1488,148035.22403500022,0.0,2906.0,0,1,1276,186.4628547172731,0.0,0.0,,0.9999716583065849,0.0,0.0,,,,
D_wait1400,validation,2.22551055345,-0.21112973246793543,0.47721474493973476,308,101340.44655,0.0,760.0,0,0,117,129.7308127751814,0.0,0.0,,0.9996791405195455,0.0,0.0,,,,
D_wait1400,recent,0.3325198495399999,-0.1522779249702253,0.5302026617741878,48,16830.150459999997,0.0,0.0,0,0,6,27.963181092786456,0.0,0.0,,0.9999290250259084,0.0,0.0,,,,
D_wait1400,full,4.882003898709997,-0.20508890979934058,0.4715058238796344,938,271052.10128999985,0.0,1000.0,0,0,593,267.430693940806,0.0,0.0,,0.9999759139512925,0.0,0.0,,,,
D_wait1400,older,-0.2448823849150017,-0.6265341875969743,0.37616639695852294,1488,147720.88491500056,0.0,2894.0,0,1,1280,186.1222842405968,0.0,0.0,,0.9999927602490132,0.0,0.0,,,,
D_wait1430,validation,2.179476483120001,-0.2100659580280445,0.477387207968332,301,100092.51688000002,0.0,740.0,0,0,104,129.78600095931262,0.0,0.0,,0.9999634940463323,0.0,0.0,,,,
D_wait1430,recent,0.33761131645000053,-0.1518960396654403,0.5306176673306154,47,16880.68355,0.0,0.0,0,0,4,27.928282961021548,0.0,0.0,,0.9997714630614088,0.0,0.0,,,,
D_wait1430,full,4.933337269659996,-0.2037005092331623,0.47187779824759685,931,273688.7303399997,0.0,990.0,0,0,576,268.0144909242648,0.0,0.0,,0.9999405701952675,0.0,0.0,,,,
D_wait1430,older,-0.23594803726500035,-0.6303564495122191,0.3780162614389545,1488,149381.53726500046,0.0,2900.0,0,0,1283,188.5321089079189,0.0,0.0,,0.9999962289650366,0.0,0.0,,,,
D_wait1450,validation,2.187643854440001,-0.21006011435579508,0.475174930179299,287,99137.14555999998,0.0,730.0,0,0,78,128.41569406995887,0.0,0.0,,0.9999734650019066,0.0,0.0,,,,
D_wait1450,recent,0.34115675654000066,-0.15285306478092442,0.5299132754389998,46,16889.24346,0.0,0.0,0,0,1,27.883506596655355,0.0,0.0,,0.9996432490454211,0.0,0.0,,,,
D_wait1450,full,4.8119646635699995,-0.20371557100690685,0.4627294503171825,834,263480.33642999997,0.0,990.0,0,0,438,257.695556115863,0.0,0.0,,0.999930075531301,0.0,0.0,,,,
D_wait1450,older,-0.2402451763350011,-0.6250755920784454,0.37138042304092705,1336,140956.6763350002,0.0,2897.0,0,0,1107,178.32886713041708,0.0,0.0,,0.9999389817771243,0.0,0.0,,,,
D_recheck1430,validation,1.9439630106100005,-0.21019456743618692,0.46121624695863117,259,89756.98938999997,0.0,0.0,0,0,68,119.5573865406127,0.0,0.0,,0.999956274310953,0.0,0.0,,,,
D_recheck1430,recent,0.26664411331000015,-0.15182785581945768,0.5084018180341284,40,14892.886690000001,0.0,0.0,0,0,1,25.441715759817164,0.0,0.0,,0.9994018269208491,0.0,0.0,,,,
D_recheck1430,full,4.290873005029999,-0.20365405179223073,0.4497413518056939,768,243740.99496999988,0.0,0.0,0,0,418,242.94192029952617,0.0,0.0,,0.9999508862993289,0.0,0.0,,,,
D_recheck1430,older,-0.3225446118350008,-0.6388623400124915,0.3674075306779258,1287,133453.11183500008,0.0,2846.0,0,0,1081,176.44638600303114,0.0,0.0,,0.9999937340299946,0.0,0.0,,,,
L_none,validation,4.1162701435399365,-0.2719438636226926,0.6212217642673171,442,166216.21247999993,39954.64398006127,0.0,0,2,173,166.30985523780495,0.0,176.0,2.693813182207249,1.5903838808816424,2447329.8564600646,2447329.8564600646,,,,
L_none,recent,0.3221333898316634,-0.22300937721345204,0.707231500570712,57,23116.347939999996,5453.262228336717,0.0,2,1,2,38.54032171444967,1.0,39.0,2.655354952920017,1.604100044063672,705766.6101683367,705766.6101683367,,,,
L_none,full,10.04583513759058,-0.26773655702679233,0.5958551062337651,1289,493919.88991999964,107497.97248941845,0.0,1,3,818,331.6106967349224,0.0,340.0,2.696333018524315,1.5895068887298593,5918996.862409419,5918996.862409419,,,,
L_none,older,-0.37278735569475896,-0.7523254609006238,0.48999503507324205,1650,171247.9245400002,29249.431154760074,2813.0,3,1,1351,211.82991584003963,0.0,288.0,2.7524443861579377,1.570631517838008,0.0,915831.1480053229,,,,
L_immediate,validation,4.962528687657155,-0.2811276428670664,0.659978914632541,565,204838.48425999997,41947.8280828457,1580.0,1,2,277,192.13418608201277,0.0,178.0,2.7000958623397864,1.5882021256282175,2854031.312342845,2854031.312342845,,,,
L_immediate,recent,0.41707271131651846,-0.22327065642870536,0.7488068902927207,69,26709.597259999995,5709.691423481543,0.0,2,1,8,42.9939486221232,1.0,39.0,2.6490988029873868,1.6063918051413737,749883.2886834814,749883.2886834814,,,,
L_immediate,full,11.32633485077909,-0.2733448100966259,0.6349286798769498,1558,565653.4801299999,107807.66909090657,2140.0,0,3,1062,379.78444875149273,0.0,346.0,2.699816470056115,1.5882988061452232,6608457.14922091,6608457.14922091,,,,
L_immediate,older,-0.3331456166697082,-0.761619633829622,0.509365322670607,1886,189714.16274000055,30180.453929707553,2840.0,3,2,1590,232.4342819943075,0.0,297.0,2.756949538004018,1.5691683103978329,0.0,939675.3775188259,,,,
L_wait1400,validation,4.630682877454899,-0.2774288376268874,0.660214274627001,559,199857.1926999998,40986.92984510283,1520.0,1,2,279,192.4909510568345,0.0,179.0,2.69621116990513,1.589549236405471,2681637.1225451017,2681637.1225451017,,,,
L_wait1400,recent,0.45615271981447614,-0.22273000546633737,0.7483401174544774,78,27214.161760000006,5823.118425523334,0.0,2,1,14,43.04471194028755,1.0,39.0,2.6657322515945663,1.6003365781281615,780331.2801855238,780331.2801855238,,,,
L_wait1400,full,10.911272047294668,-0.2702717874673094,0.6360429031360209,1561,553589.4654799995,106711.48722532902,2080.0,0,3,1080,380.8471480015507,0.0,346.0,2.693225696434365,1.5905887219322408,6386179.952705332,6386179.952705332,,,,
L_wait1400,older,-0.33973041448247365,-0.761123779377308,0.5080509294781591,1894,189640.46806000033,30171.94642247369,2834.0,3,2,1600,231.23709027620248,0.0,298.0,2.755372894793609,1.5696795267637857,0.0,943878.7144683179,,,,
L_wait1430,validation,4.5842426955617865,-0.27665886259745553,0.6603392337364085,542,196900.87489,40408.42954821284,1480.0,0,2,256,192.45825742348765,0.0,178.0,2.6961085137707346,1.5895849185833233,2666957.3044382147,2666957.3044382147,,,,
L_wait1430,recent,0.45978817032751484,-0.22274099872926711,0.7484858893218116,72,27276.15684,5829.672832484313,0.0,2,1,9,43.012744868226754,1.0,39.0,2.6650959916801336,1.6005659763741122,776695.8296724852,776695.8296724852,,,,
L_wait1430,full,11.302262392300188,-0.2692604264586568,0.6374464956382848,1552,566088.7920899999,107022.81560981648,2070.0,0,3,1069,382.3883229166954,0.0,346.0,2.6961018772141596,1.5895872255282777,6597765.607699812,6597765.607699812,,,,
L_wait1430,older,-0.3258191137710097,-0.7637298916712162,0.5111898394252842,1883,192013.05600000024,30362.05777100619,2843.0,3,1,1602,234.17080743778874,0.0,299.0,2.756764554235019,1.5692282426744708,0.0,948438.9213956192,,,,
L_wait1450,validation,4.555913283331279,-0.2760797109596381,0.6483956281021541,511,189649.77105000013,40286.945618722566,1220.0,0,2,205,184.57717201132567,0.0,176.0,2.7001771073072924,1.5881740176961803,2649446.716668722,2649446.716668722,,,,
L_wait1450,recent,0.4700383479307886,-0.22335207756586928,0.7483869954572676,64,27362.01461,5868.637459211497,0.0,2,1,7,42.92968619988668,1.0,39.0,2.648625965244757,1.6065657226571335,778033.6520692114,778033.6520692114,,,,
L_wait1450,full,10.753429306022309,-0.26844328057904,0.6158040720404774,1382,530802.0160399997,107584.67793769682,1440.0,0,3,866,356.9067671102559,0.0,342.0,2.6979027302658376,1.5889618893795123,6300674.693977691,6300674.693977691,,,,
L_wait1450,older,-0.32580520458635265,-0.7579952901820339,0.49941281518845654,1752,183288.81359000033,29943.39099635221,2843.0,3,1,1437,223.05730912857317,0.0,297.0,2.7557333658611607,1.5695625653896002,0.0,944521.6215441598,,,,
L_recheck1430,validation,4.039839744947518,-0.27707255147310694,0.6367266411585842,479,175102.81998,39451.435072482454,0.0,0,2,199,177.57743922245126,0.0,178.0,2.6992676621246674,1.5884888074369974,2401520.255052483,2401520.255052483,,,,
L_recheck1430,recent,0.3288577656958973,-0.22300937721345204,0.7112093163122951,59,23471.69571,5467.5385941024615,0.0,2,1,2,39.03875339120305,1.0,39.0,2.655354952920017,1.604100044063672,710630.2343041026,710630.2343041026,,,,
L_recheck1430,full,9.877068445996285,-0.26872797060340414,0.6081458785197623,1348,508416.4427299999,106533.11127371591,0.0,0,3,870,349.25612492715567,0.0,345.0,2.6959380420783217,1.5896441822689051,5832827.554003716,5832827.554003716,,,,
L_recheck1430,older,-0.4166453665081249,-0.7682972002949919,0.5036109172180719,1702,174374.56094000055,29266.805568122796,2786.0,3,1,1394,223.21705489428803,0.0,300.0,2.755250548619673,1.5697192351179714,0.0,913062.2792892188,,,,
D_rolling,validation,2.2283363943100007,-0.20573880891922935,0.4610515659540637,261,94066.60568999992,0.0,750.0,0,0,72,119.0696361291892,0.0,0.0,,0.999989061180226,0.0,0.0,,,,
D_rolling,recent,0.3109850809599999,-0.15166906360211252,0.5306339470455389,46,16632.919040000004,0.0,0.0,0,0,3,27.923740911684398,0.0,0.0,,0.998884849679896,0.0,0.0,,,,
D_rolling,full,5.153940644790003,-0.19894205701785406,0.4492807230756063,781,265238.3552099999,0.0,1050.0,0,0,426,241.5474137132604,0.0,0.0,,0.999967149152502,0.0,0.0,,,,
D_rolling,older,-0.29400648434499965,-0.6277813590380474,0.3618207038082781,1225,128568.98434500014,0.0,2864.0,0,0,1020,167.4549128407064,0.0,0.0,,0.9999937340299946,0.0,0.0,,,,
L_rolling,validation,4.656457434619358,-0.2719438636226926,0.6358982691355185,481,185970.83612999995,40418.729250638375,1500.0,0,2,205,175.87939860026438,0.0,176.0,2.693813182207249,1.5903838808816424,2701702.5653806427,2701702.5653806427,,,,
L_rolling,recent,0.41707271131651846,-0.22327065642870536,0.7488068902927207,69,26709.597259999995,5709.691423481543,0.0,2,1,8,42.9939486221232,1.0,39.0,2.6490988029873868,1.6063918051413737,749883.2886834814,749883.2886834814,,,,
L_rolling,full,11.507835358680401,-0.26773655702679233,0.6047191735697893,1367,551172.2997099995,109438.34160960127,2180.0,1,3,898,342.49306304262427,0.0,341.0,2.696333018524315,1.5895068887298593,6705068.641319599,6705068.641319599,,,,
L_rolling,older,-0.37278735569475896,-0.7523254609006238,0.48999503507324205,1650,171247.9245400002,29249.431154760074,2813.0,3,1,1351,211.82991584003963,0.0,288.0,2.7524443861579377,1.570631517838008,0.0,915831.1480053229,,,,
hold100,validation,2.8639019830600003,-0.47903733020919836,0.9911551925027455,1,259.01694000000003,,0.0,0,0,0,0.996219,,,,,,,1.487202742171374,-0.4514404291181451,1.807643602858708,0.19260268696142002
hold100,recent,-0.24416023935999998,-0.3856214190551587,0.9819841203624097,1,256.23936000000003,,0.0,0,0,0,0.985536,,,,,,,-0.6417036712448817,-0.36787223936,-1.0825876503307903,-1.6048270295941571
hold100,full,4.23533611648,-0.48207336894902675,0.9882973647533307,3,259.88352,,0.0,0,0,2,1.0023006115250899,,,,,,,0.7350761890526922,-0.44787567109125703,1.2470026250998048,-0.17205872799019528
hold100,older,0.13844308977999997,-0.6458856762202696,0.9761461162675047,2,269.51022,,0.0,0,0,1,0.9965142935551647,,,,,,,0.03508281844563377,-0.6398649867999153,0.31142443475262543,-0.9343470729924588
