base,rule,period,days,filledDays,meanEquityEffect,positiveDays,quantityFraction,meanPriceDifference,meanToClose
D,immediate,recent,5,5,0.0,0,1.0,0.0,-0.012180586619455513
D,immediate,train,31,31,0.0,0,1.0,0.0,-0.0022479618319859273
D,immediate,validation,28,28,0.0,0,1.0,0.0,0.0035119736290413206
D,none,recent,5,0,0.004449114473291665,5,0.0,,
D,none,train,31,0,0.0008545439894309951,19,0.0,,
D,none,validation,28,0,-0.0017050399470621201,11,0.0,,
D,recheck1430,recent,5,1,0.004264419028164387,5,0.1575,-0.003978137964224082,-0.003163192538643389
D,recheck1430,train,31,6,0.0006366244369223136,18,0.16739486619333696,0.003987098328756877,-0.003532075556741047
D,recheck1430,validation,28,11,-0.0017848050881509008,11,0.35197463245892185,0.004874062697831224,-0.00012726981851198603
D,wait1400,recent,5,5,0.0027096048525836565,4,1.0,-0.007855593623571267,-0.004352763728808951
D,wait1400,train,31,31,0.00022494430186203676,19,1.0193883123975969,-0.0006167225696530967,-0.0016315668136157948
D,wait1400,validation,28,28,-0.001546208697388217,13,1.0,0.00298333237397237,0.0005095542896937168
D,wait1430,recent,5,5,0.0030881607376539947,5,1.0,-0.008419807204639774,-0.003808936569708643
D,wait1430,train,31,31,0.000657080104937181,16,1.0483342435827416,-0.0013411859953812695,-0.0008926099205773271
D,wait1430,validation,28,28,-0.0019457559955769795,11,1.0,0.0036858108293897868,-0.00017886836291097378
D,wait1450,recent,5,5,0.0039101689246081785,5,0.59625,-0.010107767839137671,-0.0021039701620476415
D,wait1450,train,31,31,0.0006516417347311054,20,0.5920262151829602,-0.0015531788089380805,-0.0006867460692915722
D,wait1450,validation,28,28,-0.0016779375950468332,12,0.7979244739117901,0.0032927980339487383,0.00020887394336181555
L,immediate,recent,5,5,0.0,0,1.0,0.0,-0.010850427264204132
L,immediate,train,31,31,0.0,0,1.0,0.0,-0.0020629090122390305
L,immediate,validation,28,28,0.0,0,1.0,0.0,0.003730753459147596
L,none,recent,5,0,0.00361678069026168,5,0.0,,
L,none,train,31,0,0.0009986679100968039,19,0.0,,
L,none,validation,28,0,-0.0020037167675525302,12,0.0,,
L,recheck1430,recent,5,1,0.0034390780985450085,5,0.16606498194945848,-0.004004645448468791,-0.0031366626599170777
L,recheck1430,train,31,6,0.0005653741770980703,18,0.23373090604729022,0.004612728207704586,-0.0037144544843969265
L,recheck1430,validation,28,11,-0.0020128939268272443,12,0.36832151300236404,0.00390986394592465,0.0005170652799558246
L,wait1400,recent,5,5,0.002053100425292188,4,0.8880866425992779,-0.006531044407282782,-0.004348535144451926
L,wait1400,train,31,31,0.0005162243856246815,17,1.0466624816907302,-0.0006995693614729844,-0.001362481178757093
L,wait1400,validation,28,28,-0.0022111954373558846,13,1.007565011820331,0.0032374732875060097,0.000489661605690167
L,wait1430,recent,5,5,0.0021935672050072334,4,1.2931407942238267,-0.00810053727580511,-0.0027847468652342443
L,wait1430,train,31,31,0.0008061464767091,16,1.0891399874450722,-0.001254657669584665,-0.0007930273090077584
L,wait1430,validation,28,28,-0.002212568878582504,12,1.0121355397951142,0.0034757155902619013,0.00025091712854547317
L,wait1450,recent,5,5,0.003334223761150789,4,0.3444043321299639,-0.008774030904966845,-0.0021039701620476415
L,wait1450,train,31,31,0.0007345320671343895,19,0.4892236869638,-0.001368142557603908,-0.0006867460692915722
L,wait1450,validation,28,28,-0.0019973486396841983,10,0.5432624113475177,0.0035113510085946326,0.00020887394336181555
