base,date,rule,period,qty,average,immediateQty,immediateAverage,equityEffect,toClose
D,2023-11-03,none,train,0.0,,15500.0,20.005870967741934,0.0012338415022341218,
D,2023-11-03,immediate,train,15500.0,20.005870967741934,15500.0,20.005870967741934,0.0,-0.0037924351238829423
D,2023-11-03,wait1400,train,25800.0,20.079302325581395,15500.0,20.005870967741934,-0.0026810485648670547,-0.007435633129104335
D,2023-11-03,wait1430,train,25800.0,19.951046511627908,15500.0,20.005870967741934,0.0005692806083381616,-0.001054907651868886
D,2023-11-03,wait1450,train,8000.0,19.94,15500.0,20.005870967741934,0.0011145686061212407,-0.0005015045135406959
D,2023-11-03,recheck1430,train,0.0,,15500.0,20.005870967741934,0.0012338415022341218,
D,2023-11-20,none,train,0.0,,8700.0,21.10183908045977,0.0006464512077420915,
D,2023-11-20,immediate,train,8700.0,21.10183908045977,8700.0,21.10183908045977,0.0,-0.003404399028248184
D,2023-11-20,wait1400,train,8700.0,21.03367816091954,8700.0,21.10183908045977,0.0005660289577759959,-0.00017487007699734658
D,2023-11-20,wait1430,train,8700.0,21.06942528735632,8700.0,21.10183908045977,0.0002703981578010969,-0.0018712084842664733
D,2023-11-20,wait1450,train,4200.0,21.01,8700.0,21.10183908045977,0.0007048714384840489,0.0009519276534983856
D,2023-11-20,recheck1430,train,0.0,,8700.0,21.10183908045977,0.0006464512077420915,
D,2023-11-28,none,train,0.0,,8100.0,20.500864197530863,-0.0004382657850461492,
D,2023-11-28,immediate,train,8100.0,20.500864197530863,8100.0,20.500864197530863,0.0,0.002884551690082393
D,2023-11-28,wait1400,train,8100.0,20.41604938271605,8100.0,20.500864197530863,0.0006910267951041217,0.007050855657011468
D,2023-11-28,wait1430,train,8100.0,20.509382716049384,8100.0,20.500864197530863,-6.940443793639769e-05,0.0024680062121520407
D,2023-11-28,wait1450,train,8100.0,20.61,8100.0,20.500864197530863,-0.0008891814947192997,-0.002426006792819013
D,2023-11-28,recheck1430,train,0.0,,8100.0,20.500864197530863,-0.0004382657850461492,
D,2023-11-29,none,train,0.0,,8900.0,20.60303370786517,0.0007871188044789604,
D,2023-11-29,immediate,train,8900.0,20.60303370786517,8900.0,20.60303370786517,0.0,-0.004030169005328155
D,2023-11-29,wait1400,train,8900.0,20.60303370786517,8900.0,20.60303370786517,0.0,-0.004030169005328155
D,2023-11-29,wait1430,train,8900.0,20.57370786516854,8900.0,20.60303370786517,0.0002612150025622835,-0.00261050975937438
D,2023-11-29,wait1450,train,2800.0,20.57,8900.0,20.60303370786517,0.0006320564977916459,-0.002430724355858116
D,2023-11-29,recheck1430,train,0.0,,8900.0,20.60303370786517,0.0007871188044789604,
D,2023-12-01,none,train,0.0,,12000.0,20.780083333333334,-0.0028234763952988055,
D,2023-12-01,immediate,train,12000.0,20.780083333333334,12000.0,20.780083333333334,0.0,0.011545510324389108
D,2023-12-01,wait1400,train,12000.0,21.148333333333333,12000.0,20.780083333333334,-0.004434772353488359,-0.0060682480888959445
D,2023-12-01,wait1430,train,12000.0,21.038333333333334,12000.0,20.780083333333334,-0.003110060991957545,-0.0008714251762655945
D,2023-12-01,wait1450,train,3800.0,21.02,12000.0,20.780083333333334,-0.002844312862382129,0.0
D,2023-12-01,recheck1430,train,0.0,,12000.0,20.780083333333334,-0.0028234763952988055,
D,2023-12-08,none,train,0.0,,18500.0,22.453405405405405,0.000708239194988076,
D,2023-12-08,immediate,train,18500.0,22.453405405405405,18500.0,22.453405405405405,0.0,-0.0014877656552427787
D,2023-12-08,wait1400,train,18500.0,22.557135135135134,18500.0,22.453405405405405,-0.0018730045098304896,-0.00607945709034341
D,2023-12-08,wait1430,train,18500.0,22.48675675675676,18500.0,22.453405405405405,-0.0006020615278581661,-0.002968714318337562
D,2023-12-08,wait1450,train,9000.0,22.43,18500.0,22.453405405405405,0.0005692389342928029,-0.00044583147570209647
D,2023-12-08,recheck1430,train,0.0,,18500.0,22.453405405405405,0.000708239194988076,
D,2023-12-20,none,train,0.0,,11200.0,21.726785714285715,0.002839686857392097,
D,2023-12-20,immediate,train,11200.0,21.726785714285715,11200.0,21.726785714285715,0.0,-0.01181885427796503
D,2023-12-20,wait1400,train,11200.0,21.634285714285713,11200.0,21.726785714285715,0.0009989484456087632,-0.0075937665081881045
D,2023-12-20,wait1430,train,11200.0,21.57705357142857,11200.0,21.726785714285715,0.0016206049845975535,-0.0049614545875869
D,2023-12-20,wait1450,train,2700.0,21.52,11200.0,21.726785714285715,0.0026946653994367395,-0.0023234200743494915
D,2023-12-20,recheck1430,train,0.0,,11200.0,21.726785714285715,0.002839686857392097,
D,2023-12-26,none,train,0.0,,23800.0,22.231806722689075,-0.0032335455944978203,
D,2023-12-26,immediate,train,23800.0,22.231806722689075,23800.0,22.231806722689075,0.0,0.006665822492945672
D,2023-12-26,wait1400,train,23800.0,22.32831932773109,23800.0,22.231806722689075,-0.0021914213863171265,0.0023145795933114943
D,2023-12-26,wait1430,train,23800.0,22.270588235294117,23800.0,22.231806722689075,-0.0008796348859682537,0.004912836767036355
D,2023-12-26,wait1450,train,10800.0,22.28,23800.0,22.231806722689075,-0.0022624290029240484,0.004488330341112956
D,2023-12-26,recheck1430,train,0.0,,23800.0,22.231806722689075,-0.0032335455944978203,
D,2023-12-29,none,train,0.0,,11500.0,22.28878260869565,0.0019099576243071395,
D,2023-12-29,immediate,train,11500.0,22.28878260869565,11500.0,22.28878260869565,0.0,-0.007572535999781471
D,2023-12-29,wait1400,train,11500.0,22.270347826086958,11500.0,22.28878260869565,0.00020015698086349267,-0.006751031787246897
D,2023-12-29,wait1430,train,11500.0,22.32582608695652,11500.0,22.28878260869565,-0.000405377504061866,-0.009219192434575585
D,2023-12-29,wait1450,train,11500.0,22.16,11500.0,22.28878260869565,0.0014093053603660781,-0.0018050541516244634
D,2023-12-29,recheck1430,train,0.0,,11500.0,22.28878260869565,0.0019099576243071395,
D,2024-01-17,none,train,0.0,,12800.0,21.05328125,0.004350479808166235,
D,2024-01-17,immediate,train,12800.0,21.05328125,12800.0,21.05328125,0.0,-0.015830370859649334
D,2024-01-17,wait1400,train,11700.0,20.945128205128206,12800.0,21.05328125,0.0016437966478384306,-0.010748475871018348
D,2024-01-17,wait1430,train,12800.0,20.899296875,12800.0,21.05328125,0.001978066407167969,-0.008579086467472519
D,2024-01-17,wait1450,train,5600.0,20.82,12800.0,21.05328125,0.003758203493140758,-0.004803073967339144
D,2024-01-17,recheck1430,train,0.0,,12800.0,21.05328125,0.004350479808166235,
D,2024-03-01,none,train,0.0,,19800.0,27.01010101010101,-0.004403588282618077,
D,2024-03-01,immediate,train,19800.0,27.01010101010101,19800.0,27.01010101010101,0.0,0.008881824981301412
D,2024-03-01,wait1400,train,19800.0,27.306161616161617,19800.0,27.01010101010101,-0.005599829733573683,-0.0020567378510049084
D,2024-03-01,wait1430,train,19800.0,27.31651515151515,19800.0,27.01010101010101,-0.005795661377275735,-0.0024349793941949027
D,2024-03-01,wait1450,train,6200.0,27.2,19800.0,27.01010101010101,-0.004149404141396064,0.0018382352941177516
D,2024-03-01,recheck1430,train,0.0,,19800.0,27.01010101010101,-0.004403588282618077,
D,2024-03-14,none,train,0.0,,8800.0,30.17,0.0006515801903964858,
D,2024-03-14,immediate,train,8800.0,30.17,8800.0,30.17,0.0,-0.002320185614849146
D,2024-03-14,wait1400,train,8800.0,29.94681818181818,8800.0,30.17,0.0018685870110466388,0.005115128333561092
D,2024-03-14,wait1430,train,8800.0,30.106363636363636,8800.0,30.17,0.0005327946671009689,-0.00021137180300145886
D,2024-03-14,wait1450,train,8800.0,30.01,8800.0,30.17,0.0013395980201392499,0.0029990003332223125
D,2024-03-14,recheck1430,train,8800.0,30.106363636363636,8800.0,30.17,0.0005327946671009689,-0.00021137180300145886
D,2024-03-29,none,train,0.0,,8500.0,30.14,-0.0002638824671940425,
D,2024-03-29,immediate,train,8500.0,30.14,8500.0,30.14,0.0,0.0013271400132712774
D,2024-03-29,wait1400,train,8500.0,30.11423529411765,8500.0,30.14,0.00021143845393067115,0.0021838411382539835
D,2024-03-29,wait1430,train,8500.0,30.14764705882353,8500.0,30.14,-6.275570550445808e-05,0.0010731497921991906
D,2024-03-29,wait1450,train,7200.0,30.1,8500.0,30.14,0.00023769755402205473,0.0026578073089700283
D,2024-03-29,recheck1430,train,0.0,,8500.0,30.14,-0.0002638824671940425,
D,2024-04-15,none,train,0.0,,17500.0,30.6596,0.0024363727231613555,
D,2024-04-15,immediate,train,17500.0,30.6596,17500.0,30.6596,0.0,-0.004553223134026618
D,2024-04-15,wait1400,train,17500.0,30.45274285714286,17500.0,30.6596,0.003415608030957325,0.0022085742217918813
D,2024-04-15,wait1430,train,17500.0,30.389257142857144,17500.0,30.6596,0.004463538838624197,0.004302272231540449
D,2024-04-15,wait1450,train,8400.0,30.51,17500.0,30.6596,0.002452748784084748,0.0003277613897081366
D,2024-04-15,recheck1430,train,0.0,,17500.0,30.6596,0.0024363727231613555,
D,2024-05-16,none,train,0.0,,17100.0,33.21450292397661,0.00536839924235716,
D,2024-05-16,immediate,train,17100.0,33.21450292397661,17100.0,33.21450292397661,0.0,-0.010070989914924722
D,2024-05-16,wait1400,train,17100.0,32.94736842105263,17100.0,33.21450292397661,0.00418040153185597,-0.00204472843450465
D,2024-05-16,wait1430,train,17100.0,32.715438596491225,17100.0,33.21450292397661,0.007809883247123249,0.005030083977734856
D,2024-05-16,wait1450,train,6900.0,32.82,17100.0,33.21450292397661,0.005693303392051151,0.001828153564899626
D,2024-05-16,recheck1430,train,0.0,,17100.0,33.21450292397661,0.00536839924235716,
D,2024-05-31,none,train,0.0,,9200.0,31.27021739130435,0.00022777860370303446,
D,2024-05-31,immediate,train,9200.0,31.27021739130435,9200.0,31.27021739130435,0.0,-0.000646538239608474
D,2024-05-31,wait1400,train,9200.0,31.31445652173913,9200.0,31.27021739130435,-0.00035556203359177923,-0.002058363098027427
D,2024-05-31,wait1430,train,9200.0,31.304130434782607,9200.0,31.27021739130435,-0.0002725684385273895,-0.0017291786748518945
D,2024-05-31,wait1450,train,3000.0,31.21,9200.0,31.27021739130435,0.00031132374436866595,0.001281640499839698
D,2024-05-31,recheck1430,train,9200.0,31.304130434782607,9200.0,31.27021739130435,-0.0002725684385273895,-0.0017291786748518945
D,2024-06-04,none,train,0.0,,9100.0,33.48340659340659,-0.000904719572352073,
D,2024-06-04,immediate,train,9100.0,33.48340659340659,9100.0,33.48340659340659,0.0,0.0037807803766995995
D,2024-06-04,wait1400,train,9100.0,33.48340659340659,9100.0,33.48340659340659,0.0,0.0037807803766995995
D,2024-06-04,wait1430,train,9100.0,33.55615384615385,9100.0,33.48340659340659,-0.0005584379359345334,0.0016046580932076449
D,2024-06-04,wait1450,train,7100.0,33.65,9100.0,33.48340659340659,-0.0011966155308620276,-0.0011887072808320909
D,2024-06-04,recheck1430,train,0.0,,9100.0,33.48340659340659,-0.000904719572352073,
D,2024-06-14,none,train,0.0,,8800.0,36.88363636363636,-0.0012179930677638576,
D,2024-06-14,immediate,train,8800.0,36.88363636363636,8800.0,36.88363636363636,0.0,0.004781622794045148
D,2024-06-14,wait1400,train,8800.0,37.44,8800.0,36.88363636363636,-0.0040722401212839,-0.010149572649572502
D,2024-06-14,wait1430,train,8800.0,37.18,8800.0,36.88363636363636,-0.00216761691887722,-0.0032275416890801267
D,2024-06-14,wait1450,train,8800.0,37.3,8800.0,36.88363636363636,-0.0030466737815265017,-0.006434316353887248
D,2024-06-14,recheck1430,train,0.0,,8800.0,36.88363636363636,-0.0012179930677638576,
D,2024-07-05,none,train,0.0,,7300.0,37.27000000000001,-0.0050734048893201385,
D,2024-07-05,immediate,train,7300.0,37.27000000000001,7300.0,37.27000000000001,0.0,0.02226992218942825
D,2024-07-05,wait1400,train,7300.0,37.72684931506849,7300.0,37.27000000000001,-0.0028262300071920632,0.009890852051153587
D,2024-07-05,wait1430,train,7300.0,37.72561643835616,7300.0,37.27000000000001,-0.0028186029996762983,0.009923855379688318
D,2024-07-05,wait1450,train,7300.0,38.19,7300.0,37.27000000000001,-0.0056914424972419764,-0.002356637863314859
D,2024-07-05,recheck1430,train,0.0,,7300.0,37.27000000000001,-0.0050734048893201385,
D,2024-08-07,none,train,0.0,,8700.0,31.89344827586207,0.003147918818541449,
D,2024-08-07,immediate,train,8700.0,31.89344827586207,8700.0,31.89344827586207,0.0,-0.012022791406731459
D,2024-08-07,wait1400,train,8700.0,31.6,8700.0,31.89344827586207,0.0023586822256177384,-0.0028481012658228
D,2024-08-07,wait1430,train,8700.0,31.577011494252872,8700.0,31.89344827586207,0.0025434595249220356,-0.0021221607454862124
D,2024-08-07,wait1450,train,4600.0,31.51,8700.0,31.89344827586207,0.003113110319198932,0.0
D,2024-08-07,recheck1430,train,0.0,,8700.0,31.89344827586207,0.003147918818541449,
D,2024-08-12,none,train,0.0,,12700.0,32.921732283464564,0.0010303683705366283,
D,2024-08-12,immediate,train,12700.0,32.921732283464564,12700.0,32.921732283464564,0.0,-0.002482624023572799
D,2024-08-12,wait1400,train,12100.0,32.865785123966944,12700.0,32.921732283464564,0.0006571165779359366,-0.0007845582836277787
D,2024-08-12,wait1430,train,17100.0,32.813099415204675,12700.0,32.921732283464564,0.0013126130073119302,0.0008198123698994753
D,2024-08-12,wait1450,train,4600.0,32.8,12700.0,32.921732283464564,0.0011604518117277799,0.0012195121951221743
D,2024-08-12,recheck1430,train,0.0,,12700.0,32.921732283464564,0.0010303683705366283,
D,2024-08-19,none,train,0.0,,13600.0,33.76720588235294,0.002727415229044356,
D,2024-08-19,immediate,train,13600.0,33.76720588235294,13600.0,33.76720588235294,0.0,-0.006432450558974345
D,2024-08-19,wait1400,train,12100.0,33.696859504132235,13600.0,33.76720588235294,0.0010563832710990398,-0.004358254932161465
D,2024-08-19,wait1430,train,16600.0,33.56909638554217,13600.0,33.76720588235294,0.0023175272511118702,-0.0005688680244129163
D,2024-08-19,wait1450,train,4000.0,33.57,13600.0,33.76720588235294,0.002625438644456626,-0.0005957700327674509
D,2024-08-19,recheck1430,train,0.0,,13600.0,33.76720588235294,0.002727415229044356,
D,2024-08-22,none,train,0.0,,8400.0,33.97,-0.0014297729520330485,
D,2024-08-22,immediate,train,8400.0,33.97,8400.0,33.97,0.0,0.005887547836326279
D,2024-08-22,wait1400,train,8400.0,34.13845238095238,8400.0,33.97,-0.0012602084589681541,0.0009241080613608954
D,2024-08-22,wait1430,train,8400.0,34.07845238095238,8400.0,33.97,-0.00081134268983753,0.0026863784195432228
D,2024-08-22,wait1450,train,8400.0,34.23,8400.0,33.97,-0.0019450849995665909,-0.0017528483786151128
D,2024-08-22,recheck1430,train,0.0,,8400.0,33.97,-0.0014297729520330485,
D,2024-09-27,none,train,0.0,,9200.0,36.46,-0.00036223766363233226,
D,2024-09-27,immediate,train,9200.0,36.46,9200.0,36.46,0.0,0.001645639056500281
D,2024-09-27,wait1400,train,9200.0,36.28902173913043,9200.0,36.46,0.0012258784767714,0.0063649624542099215
D,2024-09-27,wait1430,train,9200.0,36.4875,9200.0,36.46,-0.00019722974776892392,0.0008907159986297764
D,2024-09-27,wait1450,train,9200.0,36.65,9200.0,36.46,-0.0013626782573122847,-0.003547066848567426
D,2024-09-27,recheck1430,train,9200.0,36.4875,9200.0,36.46,-0.00019722974776892392,0.0008907159986297764
D,2024-10-15,none,train,0.0,,7600.0,42.54,0.005940867784115561,
D,2024-10-15,immediate,train,7600.0,42.54,7600.0,42.54,0.0,-0.02350728725905027
D,2024-10-15,wait1400,train,7600.0,42.04921052631579,7600.0,42.54,0.0028845689723290637,-0.012109871266123062
D,2024-10-15,wait1430,train,7600.0,41.9271052631579,7600.0,42.54,0.003602231172414995,-0.009232816354198814
D,2024-10-15,wait1450,train,7600.0,41.69,7600.0,42.54,0.004995795056634079,-0.003597985128328096
D,2024-10-15,recheck1430,train,0.0,,7600.0,42.54,0.005940867784115561,
D,2024-10-18,none,train,0.0,,8000.0,42.87,-0.001540653940215156,
D,2024-10-18,immediate,train,8000.0,42.87,8000.0,42.87,0.0,0.0060648472125031105
D,2024-10-18,wait1400,train,8000.0,43.24,8000.0,42.87,-0.0022912656699983266,-0.0025439407955596405
D,2024-10-18,wait1430,train,8000.0,43.97,8000.0,42.87,-0.006811870910805792,-0.01910393450079595
D,2024-10-18,wait1450,train,8000.0,43.51,8000.0,42.87,-0.0039632703481051355,-0.008733624454148381
D,2024-10-18,recheck1430,train,8000.0,43.97,8000.0,42.87,-0.006811870910805792,-0.01910393450079595
D,2024-10-25,none,train,0.0,,8100.0,45.035185185185185,0.004491922290568207,
D,2024-10-25,immediate,train,8100.0,45.035185185185185,8100.0,45.035185185185185,0.0,-0.01676878161108597
D,2024-10-25,wait1400,train,8100.0,44.55925925925926,8100.0,45.035185185185185,0.0027883608160501347,-0.0062671432133654115
D,2024-10-25,wait1430,train,8100.0,44.33,8100.0,45.035185185185185,0.004131547855065731,-0.0011279043537107958
D,2024-10-25,wait1450,train,7900.0,44.3,8100.0,45.035185185185185,0.004311870506371385,-0.0004514672686228849
D,2024-10-25,recheck1430,train,0.0,,8100.0,45.035185185185185,0.004491922290568207,
D,2024-11-05,none,train,0.0,,17000.0,41.858294117647056,0.004378204771573052,
D,2024-11-05,immediate,train,17000.0,41.858294117647056,17000.0,41.858294117647056,0.0,-0.008320791016187656
D,2024-11-05,wait1400,train,17000.0,41.583176470588235,17000.0,41.858294117647056,0.003354428738898925,-0.0017597614419858632
D,2024-11-05,wait1430,train,17000.0,41.60341176470588,17000.0,41.858294117647056,0.0031077057356529805,-0.0022452909687836753
D,2024-11-05,wait1450,train,9100.0,41.53,17000.0,41.858294117647056,0.004177249508443592,-0.0004815795810257928
D,2024-11-05,recheck1430,train,17000.0,41.60341176470588,17000.0,41.858294117647056,0.0031077057356529805,-0.0022452909687836753
D,2024-11-12,none,train,0.0,,17500.0,41.27902857142857,0.005086408079497455,
D,2024-11-12,immediate,train,17500.0,41.27902857142857,17500.0,41.27902857142857,0.0,-0.009908871055935742
D,2024-11-12,wait1400,train,17500.0,40.866,17500.0,41.27902857142857,0.005006128449398119,9.788087897022457e-05
D,2024-11-12,wait1430,train,17500.0,40.50371428571429,17500.0,41.27902857142857,0.009397226176180528,0.009043262346310366
D,2024-11-12,wait1450,train,8000.0,40.71,17500.0,41.27902857142857,0.005914076322077783,0.003930238270695163
D,2024-11-12,recheck1430,train,0.0,,17500.0,41.27902857142857,0.005086408079497455,
D,2024-11-27,none,train,0.0,,9100.0,37.53098901098901,-0.0014090452490461555,
D,2024-11-27,immediate,train,9100.0,37.53098901098901,9100.0,37.53098901098901,0.0,0.005835470761158534
D,2024-11-27,wait1400,train,9100.0,37.433846153846154,9100.0,37.53098901098901,0.0006543003654511946,0.008445668255794736
D,2024-11-27,wait1430,train,9100.0,37.7045054945055,9100.0,37.53098901098901,-0.0011687107206420442,0.0012066066083569194
D,2024-11-27,wait1450,train,7400.0,37.8,9100.0,37.53098901098901,-0.0017366484983950589,-0.001322751322751281
D,2024-11-27,recheck1430,train,9100.0,37.7045054945055,9100.0,37.53098901098901,-0.0011687107206420442,0.0012066066083569194
D,2024-12-16,none,train,0.0,,9200.0,38.03913043478261,0.0016284384285750386,
D,2024-12-16,immediate,train,9200.0,38.03913043478261,9200.0,38.03913043478261,0.0,-0.006286432735169711
D,2024-12-16,wait1400,train,9200.0,37.91728260869565,9200.0,38.03913043478261,0.000797015448301115,-0.003093117455330474
D,2024-12-16,wait1430,train,9200.0,37.7054347826087,9200.0,38.03913043478261,0.002182727409709209,0.002507999654068893
D,2024-12-16,wait1450,train,7800.0,37.71,9200.0,38.03913043478261,0.002073061797886023,0.0023866348448686736
D,2024-12-16,recheck1430,train,0.0,,9200.0,38.03913043478261,0.0016284384285750386,
D,2025-01-20,none,validation,0.0,,9100.0,41.32637362637362,0.001489221343935001,
D,2025-01-20,immediate,validation,9100.0,41.32637362637362,9100.0,41.32637362637362,0.0,-0.005477703619007013
D,2025-01-20,wait1400,validation,9100.0,41.206593406593406,9100.0,41.32637362637362,0.0007524746103274593,-0.002586804629580164
D,2025-01-20,wait1430,validation,9100.0,41.20032967032967,9100.0,41.32637362637362,0.0007918242000417759,-0.002435166687559831
D,2025-01-20,wait1450,validation,6500.0,41.16,9100.0,41.32637362637362,0.0011720491913442483,-0.001457725947521804
D,2025-01-20,recheck1430,validation,9100.0,41.20032967032967,9100.0,41.32637362637362,0.0007918242000417759,-0.002435166687559831
D,2025-01-21,none,validation,0.0,,9000.0,41.886,-0.0003817748775415144,
D,2025-01-21,immediate,validation,9000.0,41.886,9000.0,41.886,0.0,0.0017667000907224395
D,2025-01-21,wait1400,validation,9000.0,41.876666666666665,9000.0,41.886,5.647566094114989e-05,0.00198997054843586
D,2025-01-21,wait1430,validation,9000.0,41.946666666666665,9000.0,41.886,-0.0003670917961173178,0.00031786395422761515
D,2025-01-21,wait1450,validation,6200.0,42.01,9000.0,41.886,-0.0006356611698168655,-0.0011901928112353355
D,2025-01-21,recheck1430,validation,0.0,,9000.0,41.886,-0.0003817748775415144,
D,2025-02-10,none,validation,0.0,,9900.0,39.26,0.000509826349080708,
D,2025-02-10,immediate,validation,9900.0,39.26,9900.0,39.26,0.0,-0.001782985226693845
D,2025-02-10,wait1400,validation,9900.0,39.26,9900.0,39.26,0.0,-0.001782985226693845
D,2025-02-10,wait1430,validation,9900.0,39.26,9900.0,39.26,0.0,-0.001782985226693845
D,2025-02-10,wait1450,validation,9900.0,39.21,9900.0,39.26,0.00031789936610223025,-0.0005100739607243332
D,2025-02-10,recheck1430,validation,9900.0,39.26,9900.0,39.26,0.0,-0.001782985226693845
D,2025-03-11,none,validation,0.0,,10800.0,34.4512962962963,-0.0002923556760983868,
D,2025-03-11,immediate,validation,10800.0,34.4512962962963,10800.0,34.4512962962963,0.0,0.0014136972752731847
D,2025-03-11,wait1400,validation,10800.0,34.33611111111111,10800.0,34.4512962962963,0.0008493137218767165,0.00477307661192472
D,2025-03-11,wait1430,validation,10800.0,34.42435185185185,10800.0,34.4512962962963,0.0001990364193580513,0.002197518444899238
D,2025-03-11,wait1450,validation,9500.0,34.47,10800.0,34.4512962962963,-0.00015601773840940894,0.0008703220191470518
D,2025-03-11,recheck1430,validation,10800.0,34.42435185185185,10800.0,34.4512962962963,0.0001990364193580513,0.002197518444899238
D,2025-03-12,none,validation,0.0,,10800.0,35.84037037037037,0.0033984932832726474,
D,2025-03-12,immediate,validation,10800.0,35.84037037037037,10800.0,35.84037037037037,0.0,-0.01284502268288401
D,2025-03-12,wait1400,validation,10800.0,35.59074074074074,10800.0,35.84037037037037,0.0018066964210278452,-0.005921223788958763
D,2025-03-12,wait1430,validation,10800.0,35.411481481481474,10800.0,35.84037037037037,0.003103111929600682,-0.000889019045925421
D,2025-03-12,wait1450,validation,10800.0,35.38,10800.0,35.84037037037037,0.003331934200797317,0.0
D,2025-03-12,recheck1430,validation,10800.0,35.411481481481474,10800.0,35.84037037037037,0.003103111929600682,-0.000889019045925421
D,2025-04-11,none,validation,0.0,,27500.0,27.6192,-0.0009818318837376883,
D,2025-04-11,immediate,validation,27500.0,27.6192,27500.0,27.6192,0.0,0.002201367164870849
D,2025-04-11,wait1400,validation,27500.0,27.975636363636365,27500.0,27.6192,-0.006528497806116589,-0.01056763677485606
D,2025-04-11,wait1430,validation,27500.0,27.769054545454544,27500.0,27.6192,-0.002744739793818265,-0.0032069707417936577
D,2025-04-11,wait1450,validation,13700.0,27.73,27500.0,27.6192,-0.001503719100315131,-0.0018031013342950653
D,2025-04-11,recheck1430,validation,0.0,,27500.0,27.6192,-0.0009818318837376883,
D,2025-04-21,none,validation,0.0,,26700.0,27.87052434456929,-0.004038435091671859,
D,2025-04-21,immediate,validation,26700.0,27.87052434456929,26700.0,27.87052434456929,0.0,0.008592434518634118
D,2025-04-21,wait1400,validation,26700.0,28.031647940074908,26700.0,27.87052434456929,-0.0028020654905763034,0.002795128566561278
D,2025-04-21,wait1430,validation,26700.0,28.050749063670413,26700.0,27.87052434456929,-0.0031344735277921885,0.0021122764385042014
D,2025-04-21,wait1450,validation,12000.0,28.05,26700.0,27.87052434456929,-0.00362630153069109,0.002139037433155133
D,2025-04-21,recheck1430,validation,0.0,,26700.0,27.87052434456929,-0.004038435091671859,
D,2025-05-06,none,validation,0.0,,13600.0,29.92,-0.0009155496806690258,
D,2025-05-06,immediate,validation,13600.0,29.92,13600.0,29.92,0.0,0.003676470588235281
D,2025-05-06,wait1400,validation,13600.0,30.11235294117647,13600.0,29.92,-0.001723274148950525,-0.002734855736359898
D,2025-05-06,wait1430,validation,13600.0,29.99264705882353,13600.0,29.92,-0.0006508390134417158,0.0012454032851190178
D,2025-05-06,wait1450,validation,13600.0,30.01,13600.0,29.92,-0.0008063025834540293,0.0006664445184938472
D,2025-05-06,recheck1430,validation,0.0,,13600.0,29.92,-0.0009155496806690258,
D,2025-05-21,none,validation,0.0,,12900.0,30.98170542635659,0.0007287496080539358,
D,2025-05-21,immediate,validation,12900.0,30.98170542635659,12900.0,30.98170542635659,0.0,-0.00263721526081917
D,2025-05-21,wait1400,validation,12900.0,30.904418604651163,12900.0,30.98170542635659,0.000627806139118478,-0.00014297646908323358
D,2025-05-21,wait1430,validation,12900.0,30.95186046511628,12900.0,30.98170542635659,0.00024316779706990023,-0.0016755201250254759
D,2025-05-21,wait1450,validation,5700.0,30.91,12900.0,30.98170542635659,0.0006641518003056594,-0.0003235198964737229
D,2025-05-21,recheck1430,validation,0.0,,12900.0,30.98170542635659,0.0007287496080539358,
D,2025-05-30,none,validation,0.0,,13100.0,31.03,0.00046316443685063966,
D,2025-05-30,immediate,validation,13100.0,31.03,13100.0,31.03,0.0,-0.0016113438607798791
D,2025-05-30,wait1400,validation,13100.0,30.981679389312976,13100.0,31.03,0.00038551843428077996,-5.420588380222746e-05
D,2025-05-30,wait1430,validation,13100.0,31.000076335877864,13100.0,31.03,0.0002387412736778189,-0.0006476221432599738
D,2025-05-30,wait1450,validation,9600.0,30.98,13100.0,31.03,0.0004160824770690668,0.0
D,2025-05-30,recheck1430,validation,0.0,,13100.0,31.03,0.00046316443685063966,
D,2025-06-30,none,validation,0.0,,19200.0,43.055989583333336,0.005666180306861723,
D,2025-06-30,immediate,validation,19200.0,43.055989583333336,19200.0,43.055989583333336,0.0,-0.01105513049263629
D,2025-06-30,wait1400,validation,19200.0,42.5309375,19200.0,43.055989583333336,0.006108189977579757,0.0011535720321236287
D,2025-06-30,wait1430,validation,19200.0,42.60015625,19200.0,43.055989583333336,0.005302934102150453,-0.0004731496730132623
D,2025-06-30,wait1450,validation,9600.0,42.62,19200.0,43.055989583333336,0.005369131136583392,-0.0009385265133740051
D,2025-06-30,recheck1430,validation,0.0,,19200.0,43.055989583333336,0.005666180306861723,
D,2025-07-15,none,validation,0.0,,9300.0,50.91,-0.0026871675740650597,
D,2025-07-15,immediate,validation,9300.0,50.91,9300.0,50.91,0.0,0.010410528383421713
D,2025-07-15,wait1400,validation,9300.0,51.343548387096774,9300.0,50.91,-0.0022550360030494424,0.0018785537021328569
D,2025-07-15,wait1430,validation,9300.0,51.28279569892473,9300.0,50.91,-0.0019390401345666783,0.003065439372654355
D,2025-07-15,wait1450,validation,9300.0,51.39,9300.0,50.91,-0.0024966470033762054,0.0009729519361743044
D,2025-07-15,recheck1430,validation,0.0,,9300.0,50.91,-0.0026871675740650597,
D,2025-07-29,none,validation,0.0,,18200.0,53.8660989010989,-0.012312064077475968,
D,2025-07-29,immediate,validation,18200.0,53.8660989010989,18200.0,53.8660989010989,0.0,0.024391985417646422
D,2025-07-29,wait1400,validation,18200.0,54.77510989010989,18200.0,53.8660989010989,-0.008612006006534528,0.007391863032359058
D,2025-07-29,wait1430,validation,18200.0,54.89192307692308,18200.0,53.8660989010989,-0.00972058278848357,0.005248074888417165
D,2025-07-29,wait1450,validation,11300.0,55.06,18200.0,53.8660989010989,-0.011690565369156258,0.002179440610243333
D,2025-07-29,recheck1430,validation,0.0,,18200.0,53.8660989010989,-0.012312064077475968,
D,2025-08-25,none,validation,0.0,,17800.0,56.589662921348314,-0.012063763019815082,
D,2025-08-25,immediate,validation,17800.0,56.589662921348314,17800.0,56.589662921348314,0.0,0.024038614270283976
D,2025-08-25,wait1400,validation,17800.0,56.95123595505618,17800.0,56.589662921348314,-0.003242411143786465,0.01753717945176847
D,2025-08-25,wait1430,validation,17800.0,58.34,17800.0,56.589662921348314,-0.015696171783065503,-0.006684950291395264
D,2025-08-25,wait1450,validation,16400.0,57.87,17800.0,56.589662921348314,-0.01152724099142799,0.001382408847416805
D,2025-08-25,recheck1430,validation,17800.0,58.34,17800.0,56.589662921348314,-0.015696171783065503,-0.006684950291395264
D,2025-09-19,none,validation,0.0,,7300.0,76.29424657534247,0.0013888384299144676,
D,2025-09-19,immediate,validation,7300.0,76.29424657534247,7300.0,76.29424657534247,0.0,-0.005167448307561884
D,2025-09-19,wait1400,validation,7300.0,75.67534246575343,7300.0,76.29424657534247,0.0020763497460414442,0.0029687019169848394
D,2025-09-19,wait1430,validation,7300.0,76.3,7300.0,76.29424657534247,-1.9302056072220312e-05,-0.005242463958060162
D,2025-09-19,wait1450,validation,7300.0,76.03,7300.0,76.29424657534247,0.0008865158610255459,-0.0017098513744573385
D,2025-09-19,recheck1430,validation,7300.0,76.3,7300.0,76.29424657534247,-1.9302056072220312e-05,-0.005242463958060162
D,2025-10-27,none,validation,0.0,,14600.0,76.07876712328768,-0.009596809963678024,
D,2025-10-27,immediate,validation,14600.0,76.07876712328768,14600.0,76.07876712328768,0.0,0.01881251406707185
D,2025-10-27,wait1400,validation,14600.0,77.335,14600.0,76.07876712328768,-0.008543655263662369,0.0022628822654686687
D,2025-10-27,wait1430,validation,14600.0,77.94493150684931,14600.0,76.07876712328768,-0.01269180695238786,-0.005579984463917165
D,2025-10-27,wait1450,validation,8300.0,77.56,14600.0,76.07876712328768,-0.009868022736698826,-0.0006446621970087607
D,2025-10-27,recheck1430,validation,14600.0,77.94493150684931,14600.0,76.07876712328768,-0.01269180695238786,-0.005579984463917165
D,2026-01-15,none,validation,0.0,,17900.0,73.94687150837989,-0.012065785723516544,
D,2026-01-15,immediate,validation,17900.0,73.94687150837989,17900.0,73.94687150837989,0.0,0.024384107871497696
D,2026-01-15,wait1400,validation,17900.0,74.64418994413408,17900.0,73.94687150837989,-0.004717681211466893,0.014814415652357305
D,2026-01-15,wait1430,validation,17900.0,75.05,17900.0,73.94687150837989,-0.007463173626151565,0.009327115256495766
D,2026-01-15,wait1450,validation,17900.0,75.87,17900.0,73.94687150837989,-0.013010852269150443,-0.0015816528272044605
D,2026-01-15,recheck1430,validation,17900.0,75.05,17900.0,73.94687150837989,-0.007463173626151565,0.009327115256495766
D,2026-01-22,none,validation,0.0,,8900.0,76.29,-0.00010148515832911873,
D,2026-01-22,immediate,validation,8900.0,76.29,8900.0,76.29,0.0,0.0006553938917288615
D,2026-01-22,wait1400,validation,8900.0,76.29,8900.0,76.29,0.0,0.0006553938917288615
D,2026-01-22,wait1430,validation,8900.0,76.38101123595506,8900.0,76.29,-0.00030627593689145326,-0.0005369297328149392
D,2026-01-22,wait1450,validation,8900.0,76.2,8900.0,76.29,0.00030287287092577164,0.0018372703412072866
D,2026-01-22,recheck1430,validation,8900.0,76.38101123595506,8900.0,76.29,-0.00030627593689145326,-0.0005369297328149392
D,2026-02-25,none,validation,0.0,,9900.0,74.94969696969697,-0.009033513530014128,
D,2026-02-25,immediate,validation,9900.0,74.94969696969697,9900.0,74.94969696969697,0.0,0.03536109067091453
D,2026-02-25,wait1400,validation,9900.0,76.17,9900.0,74.94969696969697,-0.004191281191824973,0.018773795457529108
D,2026-02-25,wait1430,validation,9900.0,76.91,9900.0,74.94969696969697,-0.0067329024161698345,0.008971525159277016
D,2026-02-25,wait1450,validation,9900.0,77.49,9900.0,74.94969696969697,-0.008724983916331818,0.0014195380049037976
D,2026-02-25,recheck1430,validation,0.0,,9900.0,74.94969696969697,-0.009033513530014128,
D,2026-03-16,none,validation,0.0,,9300.0,81.85,-0.006531970367309345,
D,2026-03-16,immediate,validation,9300.0,81.85,9300.0,81.85,0.0,0.025656689065363558
D,2026-03-16,wait1400,validation,9300.0,82.69,9300.0,81.85,-0.002640222988709906,0.015237634538638245
D,2026-03-16,wait1430,validation,9300.0,84.13,9300.0,81.85,-0.007166319540783962,-0.002139545940805787
D,2026-03-16,wait1450,validation,9300.0,83.76,9300.0,81.85,-0.006003364176709434,0.0022683858643743893
D,2026-03-16,recheck1430,validation,0.0,,9300.0,81.85,-0.006531970367309345,
D,2026-03-30,none,validation,0.0,,8900.0,79.09842696629214,-0.00021850398562404827,
D,2026-03-30,immediate,validation,8900.0,79.09842696629214,8900.0,79.09842696629214,0.0,0.0011577099219290954
D,2026-03-30,wait1400,validation,8900.0,79.21269662921348,8900.0,79.09842696629214,-0.00035172184229892114,-0.00028652766765058235
D,2026-03-30,wait1430,validation,8900.0,79.17247191011236,8900.0,79.09842696629214,-0.00022791022032937075,0.00022139121672903883
D,2026-03-30,wait1450,validation,8900.0,79.22,8900.0,79.09842696629214,-0.0003742016060642362,-0.00037869224943198887
D,2026-03-30,recheck1430,validation,0.0,,8900.0,79.09842696629214,-0.00021850398562404827,
D,2026-04-09,none,validation,0.0,,9000.0,86.308,0.0014799758303385786,
D,2026-04-09,immediate,validation,9000.0,86.308,9000.0,86.308,0.0,-0.005422440561709263
D,2026-04-09,wait1400,validation,9000.0,86.12666666666667,9000.0,86.308,0.0005479436620433185,-0.0033284309931108647
D,2026-04-09,wait1430,validation,9000.0,85.62,9000.0,86.308,0.002076297454129209,0.002569493109086718
D,2026-04-09,wait1450,validation,9000.0,85.68,9000.0,86.308,0.001895308189276959,0.0018674136321195078
D,2026-04-09,recheck1430,validation,0.0,,9000.0,86.308,0.0014799758303385786,
D,2026-05-06,none,validation,0.0,,7500.0,105.6508,0.0021628888375021965,
D,2026-05-06,immediate,validation,7500.0,105.6508,7500.0,105.6508,0.0,-0.008147595664206975
D,2026-05-06,wait1400,validation,7500.0,105.5056,7500.0,105.6508,0.00035364629298813527,-0.006782578365508551
D,2026-05-06,wait1430,validation,7500.0,104.59,7500.0,105.6508,0.002583663826458892,0.0019122287025528095
D,2026-05-06,wait1450,validation,7500.0,104.71,7500.0,105.6508,0.0022913941628322663,0.0007640148982905881
D,2026-05-06,recheck1430,validation,0.0,,7500.0,105.6508,0.0021628888375021965,
D,2026-05-07,none,validation,0.0,,7500.0,108.2,0.0008239716155078624,
D,2026-05-07,immediate,validation,7500.0,108.2,7500.0,108.2,0.0,-0.0029574861367838157
D,2026-05-07,wait1400,validation,7500.0,107.93,7500.0,108.2,0.0006392120775870007,-0.0004632632261651892
D,2026-05-07,wait1430,validation,7500.0,107.81,7500.0,108.2,0.0009233063342924324,0.0006492904183283965
D,2026-05-07,wait1450,validation,7500.0,107.72,7500.0,108.2,0.0011363770268214327,0.001485332343111656
D,2026-05-07,recheck1430,validation,0.0,,7500.0,108.2,0.0008239716155078624,
D,2026-05-21,none,validation,0.0,,7700.0,108.36,0.011327793705242799,
D,2026-05-21,immediate,validation,7700.0,108.36,7700.0,108.36,0.0,-0.0430047988187523
D,2026-05-21,wait1400,validation,7700.0,106.75,7700.0,108.36,0.003891171965109433,-0.02857142857142858
D,2026-05-21,wait1430,validation,7700.0,104.75,7700.0,108.36,0.008724925959034091,-0.010023866348448651
D,2026-05-21,wait1450,validation,7700.0,104.1,7700.0,108.36,0.010295896007059758,-0.00384245917387116
D,2026-05-21,recheck1430,validation,0.0,,7700.0,108.36,0.011327793705242799,
D,2026-05-25,none,validation,0.0,,7600.0,122.22,-0.0006439607487990929,
D,2026-05-25,immediate,validation,7600.0,122.22,7600.0,122.22,0.0,0.0026182294223531244
D,2026-05-25,wait1400,validation,7600.0,122.97,7600.0,122.22,-0.0016761204663382303,-0.003496787834431081
D,2026-05-25,wait1430,validation,7600.0,122.4,7600.0,122.22,-0.0004022689119211972,0.0011437908496731986
D,2026-05-25,wait1450,validation,7600.0,122.94,7600.0,122.22,-0.0016090756476847888,-0.0032536196518626603
D,2026-05-25,recheck1430,validation,7600.0,122.4,7600.0,122.22,-0.0004022689119211972,0.0011437908496731986
D,2026-06-09,none,validation,0.0,,7400.0,140.34,-0.0013151238181244224,
D,2026-06-09,immediate,validation,7400.0,140.34,7400.0,140.34,0.0,0.005344164172723431
D,2026-06-09,wait1400,validation,7400.0,139.79,7400.0,140.34,0.0010140075685866482,0.009299663781386469
D,2026-06-09,wait1430,validation,7400.0,139.82,7400.0,140.34,0.0009586980648455751,0.009083106851666578
D,2026-06-09,wait1450,validation,7400.0,140.85,7400.0,140.34,-0.0009402615635985894,0.0017039403620873195
D,2026-06-09,recheck1430,validation,7400.0,139.82,7400.0,140.34,0.0009586980648455751,0.009083106851666578
D,2026-06-16,none,validation,0.0,,15500.0,139.52896774193547,-0.004000127087830618,
D,2026-06-16,immediate,validation,15500.0,139.52896774193547,15500.0,139.52896774193547,0.0,0.00796273545232129
D,2026-06-16,wait1400,validation,15500.0,143.59,15500.0,139.52896774193547,-0.015118676241063094,-0.020544606170346258
D,2026-06-16,wait1430,validation,15500.0,142.3128387096774,15500.0,139.52896774193547,-0.010363976738821614,-0.011754657730424944
D,2026-06-16,wait1450,validation,15500.0,140.09,15500.0,139.52896774193547,-0.002088647548569869,0.003926047540866451
D,2026-06-16,recheck1430,validation,0.0,,15500.0,139.52896774193547,-0.004000127087830618,
D,2026-07-15,none,recent,0.0,,19400.0,140.4689175257732,0.011918206046531042,
D,2026-07-15,immediate,recent,19400.0,140.4689175257732,19400.0,140.4689175257732,0.0,-0.023057894819890956
D,2026-07-15,wait1400,recent,19400.0,139.15061855670103,19400.0,140.4689175257732,0.004798087117382318,-0.013802443543708964
D,2026-07-15,wait1430,recent,19400.0,138.04463917525774,19400.0,140.4689175257732,0.008823414866768466,-0.005901273530973583
D,2026-07-15,wait1450,recent,12700.0,137.65,19400.0,140.4689175257732,0.010832512777215645,-0.0030512168543408436
D,2026-07-15,recheck1430,recent,0.0,,19400.0,140.4689175257732,0.011918206046531042,
D,2026-07-24,none,recent,0.0,,11500.0,114.81869565217391,0.005667846552088136,
D,2026-07-24,immediate,recent,11500.0,114.81869565217391,11500.0,114.81869565217391,0.0,-0.02263303582585785
D,2026-07-24,wait1400,recent,11500.0,112.82973913043479,11500.0,114.81869565217391,0.004289831941138727,-0.005404063991762964
D,2026-07-24,wait1430,recent,11500.0,113.33617391304348,11500.0,114.81869565217391,0.003197540539696234,-0.009848346512031148
D,2026-07-24,wait1450,recent,10000.0,112.75,11500.0,114.81869565217391,0.00461912374406045,-0.004700665188470121
D,2026-07-24,recheck1430,recent,0.0,,11500.0,114.81869565217391,0.005667846552088136,
D,2026-08-03,none,recent,0.0,,12700.0,102.25511811023622,0.0016175670269896886,
D,2026-08-03,immediate,recent,12700.0,102.25511811023622,12700.0,102.25511811023622,0.0,-0.006308907780447237
D,2026-08-03,wait1400,recent,12700.0,101.23543307086614,12700.0,102.25511811023622,0.0024561959745155776,0.003699958776999246
D,2026-08-03,wait1430,recent,12700.0,101.59,12700.0,102.25511811023622,0.0016021225788984065,0.00019686977064670153
D,2026-08-03,wait1450,recent,7100.0,101.57,12700.0,102.25511811023622,0.0016358655345181615,0.0003938170719701706
D,2026-08-03,recheck1430,recent,0.0,,12700.0,102.25511811023622,0.0016175670269896886,
D,2026-08-05,none,recent,0.0,,12600.0,116.43,0.0020012289693885628,
D,2026-08-05,immediate,recent,12600.0,116.43,12600.0,116.43,0.0,-0.007128746886541415
D,2026-08-05,wait1400,recent,12600.0,116.75603174603175,12600.0,116.43,-0.0007586367654788547,-0.009901259307496524
D,2026-08-05,wait1430,recent,12600.0,115.9668253968254,12600.0,116.43,0.001077751743752173,-0.003163192538643389
D,2026-08-05,wait1450,recent,6000.0,115.9,12600.0,116.43,0.0016355229965619906,-0.002588438308887109
D,2026-08-05,recheck1430,recent,12600.0,115.9668253968254,12600.0,116.43,0.001077751743752173,-0.003163192538643389
D,2026-08-27,none,recent,0.0,,23800.0,122.23689075630251,0.0010407237714608933,
D,2026-08-27,immediate,recent,23800.0,122.23689075630251,23800.0,122.23689075630251,0.0,-0.001774347784540109
D,2026-08-27,wait1400,recent,23800.0,121.57697478991597,23800.0,122.23689075630251,0.002762545995360515,0.003643989421924454
D,2026-08-27,wait1430,recent,23800.0,122.06012605042017,23800.0,122.23689075630251,0.0007399739591546941,-0.00032874003754179704
D,2026-08-27,wait1450,recent,11900.0,122.09,23800.0,122.23689075630251,0.0008278195706846479,-0.0005733475305103042
D,2026-08-27,recheck1430,recent,0.0,,23800.0,122.23689075630251,0.0010407237714608933,
L,2023-11-03,none,train,0.0,,15500.0,20.005870967741934,0.00124127077626385,
L,2023-11-03,immediate,train,15500.0,20.005870967741934,15500.0,20.005870967741934,0.0,-0.0037924351238829423
L,2023-11-03,wait1400,train,31000.0,20.073354838709676,15500.0,20.005870967741934,-0.003308248900760033,-0.007141548578278978
L,2023-11-03,wait1430,train,31700.0,19.948990536277602,15500.0,20.005870967741934,0.0004842149788180887,-0.000951954748941719
L,2023-11-03,wait1450,train,8000.0,19.94,15500.0,20.005870967741934,0.0011212797076564163,-0.0005015045135406959
L,2023-11-03,recheck1430,train,0.0,,15500.0,20.005870967741934,0.00124127077626385,
L,2023-11-20,none,train,0.0,,8700.0,21.10183908045977,0.0006483604990526007,
L,2023-11-20,immediate,train,8700.0,21.10183908045977,8700.0,21.10183908045977,0.0,-0.003404399028248184
L,2023-11-20,wait1400,train,8700.0,21.03367816091954,8700.0,21.10183908045977,0.0005677007222612894,-0.00017487007699734658
L,2023-11-20,wait1430,train,8700.0,21.06942528735632,8700.0,21.10183908045977,0.0002711967777849168,-0.0018712084842664733
L,2023-11-20,wait1450,train,4200.0,21.01,8700.0,21.10183908045977,0.0007069532737353502,0.0009519276534983856
L,2023-11-20,recheck1430,train,0.0,,8700.0,21.10183908045977,0.0006483604990526007,
L,2023-11-28,none,train,0.0,,10300.0,20.484563106796116,-0.0007476098562323793,
L,2023-11-28,immediate,train,10300.0,20.484563106796116,10300.0,20.484563106796116,0.0,0.0036826215336198675
L,2023-11-28,wait1400,train,10300.0,20.42970873786408,10300.0,20.484563106796116,0.0005850777184164465,0.006377538897284429
L,2023-11-28,wait1430,train,10300.0,20.515922330097087,10300.0,20.484563106796116,-0.00033447805849297655,0.0021484615311810895
L,2023-11-28,wait1450,train,10300.0,20.61,10300.0,20.484563106796116,-0.0013379122339719062,-0.002426006792819013
L,2023-11-28,recheck1430,train,0.0,,10300.0,20.484563106796116,-0.0007476098562323793,
L,2023-11-29,none,train,0.0,,6200.0,20.613548387096774,0.0006301910896680343,
L,2023-11-29,immediate,train,6200.0,20.613548387096774,6200.0,20.613548387096774,0.0,-0.0045381991173985
L,2023-11-29,wait1400,train,6200.0,20.613548387096774,6200.0,20.613548387096774,0.0,-0.0045381991173985
L,2023-11-29,wait1430,train,6500.0,20.567692307692308,6200.0,20.613548387096774,0.0002758955690917014,-0.0023187972174434357
L,2023-11-29,wait1450,train,2800.0,20.57,6200.0,20.613548387096774,0.0004709294883034101,-0.002430724355858116
L,2023-11-29,recheck1430,train,0.0,,6200.0,20.613548387096774,0.0006301910896680343,
L,2023-12-01,none,train,0.0,,11700.0,20.77957264957265,-0.002825980842350298,
L,2023-12-01,immediate,train,11700.0,20.77957264957265,11700.0,20.77957264957265,0.0,0.011570370309434308
L,2023-12-01,wait1400,train,11700.0,21.146752136752138,11700.0,20.77957264957265,-0.004416183291788085,-0.005993929277293031
L,2023-12-01,wait1430,train,11700.0,21.03803418803419,11700.0,20.77957264957265,-0.0031085982947783256,-0.0008572183062829364
L,2023-12-01,wait1450,train,3800.0,21.02,11700.0,20.77957264957265,-0.002847324044216436,0.0
L,2023-12-01,recheck1430,train,0.0,,11700.0,20.77957264957265,-0.002825980842350298,
L,2023-12-08,none,train,0.0,,18500.0,22.453405405405405,0.0007240949635255682,
L,2023-12-08,immediate,train,18500.0,22.453405405405405,18500.0,22.453405405405405,0.0,-0.0014877656552427787
L,2023-12-08,wait1400,train,18500.0,22.557135135135134,18500.0,22.453405405405405,-0.0019149365663841639,-0.00607945709034341
L,2023-12-08,wait1430,train,18500.0,22.48675675675676,18500.0,22.453405405405405,-0.0006155402343441558,-0.002968714318337562
L,2023-12-08,wait1450,train,9000.0,22.43,18500.0,22.453405405405405,0.000581982822019736,-0.00044583147570209647
L,2023-12-08,recheck1430,train,0.0,,18500.0,22.453405405405405,0.0007240949635255682,
L,2023-12-20,none,train,0.0,,13800.0,21.721739130434784,0.003503028516279195,
L,2023-12-20,immediate,train,13800.0,21.721739130434784,13800.0,21.721739130434784,0.0,-0.01158927141713384
L,2023-12-20,wait1400,train,13000.0,21.640615384615383,13800.0,21.721739130434784,0.0012434315991547127,-0.007884035716316906
L,2023-12-20,wait1430,train,12400.0,21.571532258064515,13800.0,21.721739130434784,0.002192775572909247,-0.004706770796337745
L,2023-12-20,wait1450,train,2700.0,21.52,13800.0,21.721739130434784,0.0033549884038587617,-0.0023234200743494915
L,2023-12-20,recheck1430,train,0.0,,13800.0,21.721739130434784,0.003503028516279195,
L,2023-12-26,none,train,0.0,,34900.0,22.269398280802292,-0.0035437443678635124,
L,2023-12-26,immediate,train,34900.0,22.269398280802292,34900.0,22.269398280802292,0.0,0.004966533796876504
L,2023-12-26,wait1400,train,34900.0,22.291203438395417,34900.0,22.269398280802292,-0.0007374368802973236,0.003983479934135614
L,2023-12-26,wait1430,train,34900.0,22.270888252148996,34900.0,22.269398280802292,-5.038990509273339e-05,0.004899299328147588
L,2023-12-26,wait1450,train,10800.0,22.28,34900.0,22.269398280802292,-0.0025580661794999435,0.004488330341112956
L,2023-12-26,recheck1430,train,0.0,,34900.0,22.269398280802292,-0.0035437443678635124,
L,2023-12-29,none,train,0.0,,11500.0,22.28878260869565,0.0019363865380614643,
L,2023-12-29,immediate,train,11500.0,22.28878260869565,11500.0,22.28878260869565,0.0,-0.007572535999781471
L,2023-12-29,wait1400,train,11500.0,22.270347826086958,11500.0,22.28878260869565,0.0002029266399999208,-0.006751031787246897
L,2023-12-29,wait1430,train,11500.0,22.32582608695652,11500.0,22.28878260869565,-0.000410986888770954,-0.009219192434575585
L,2023-12-29,wait1450,train,11500.0,22.16,11500.0,22.28878260869565,0.0014288065311505004,-0.0018050541516244634
L,2023-12-29,recheck1430,train,0.0,,11500.0,22.28878260869565,0.0019363865380614643,
L,2024-01-17,none,train,0.0,,12200.0,21.058360655737705,0.004260481625493991,
L,2024-01-17,immediate,train,12200.0,21.058360655737705,12200.0,21.058360655737705,0.0,-0.016067758609952132
L,2024-01-17,wait1400,train,11700.0,20.945128205128206,12200.0,21.058360655737705,0.0015205241971933774,-0.010748475871018348
L,2024-01-17,wait1430,train,12200.0,20.900737704918033,12200.0,21.058360655737705,0.001953619230440375,-0.008647431850001386
L,2024-01-17,wait1450,train,5600.0,20.82,12200.0,21.058360655737705,0.003660924236307725,-0.004803073967339144
L,2024-01-17,recheck1430,train,0.0,,12200.0,21.058360655737705,0.004260481625493991,
L,2024-03-01,none,train,0.0,,28200.0,27.0368085106383,-0.005459046177586768,
L,2024-03-01,immediate,train,28200.0,27.0368085106383,28200.0,27.0368085106383,0.0,0.007885231323727204
L,2024-03-01,wait1400,train,28200.0,27.311028368794325,28200.0,27.0368085106383,-0.007263068219253305,-0.0022345686866942494
L,2024-03-01,wait1430,train,28200.0,27.275851063829787,28200.0,27.0368085106383,-0.00633135172196881,-0.0009477637845026754
L,2024-03-01,wait1450,train,6200.0,27.2,28200.0,27.0368085106383,-0.005209131619150736,0.0018382352941177516
L,2024-03-01,recheck1430,train,0.0,,28200.0,27.0368085106383,-0.005459046177586768,
L,2024-03-14,none,train,0.0,,18100.0,30.17,0.0013187273660662403,
L,2024-03-14,immediate,train,18100.0,30.17,18100.0,30.17,0.0,-0.002320185614849146
L,2024-03-14,wait1400,train,18100.0,29.91585635359116,18100.0,30.17,0.004306464957419297,0.006155386101348803
L,2024-03-14,wait1430,train,18100.0,30.141988950276243,18100.0,30.17,0.00047464733335035364,-0.0013930384735230117
L,2024-03-14,wait1450,train,14100.0,30.01,18100.0,30.17,0.002403471667318117,0.0029990003332223125
L,2024-03-14,recheck1430,train,18100.0,30.141988950276243,18100.0,30.17,0.00047464733335035364,-0.0013930384735230117
L,2024-03-29,none,train,0.0,,16900.0,30.107573964497043,-0.0010758838665707964,
L,2024-03-29,immediate,train,16900.0,30.107573964497043,16900.0,30.107573964497043,0.0,0.002405575274459615
L,2024-03-29,wait1400,train,16900.0,30.12207100591716,16900.0,30.107573964497043,-0.00024151169116663624,0.001923141143630458
L,2024-03-29,wait1430,train,16900.0,30.11431952662722,16900.0,30.107573964497043,-0.00011237686854289637,0.0021810379382707357
L,2024-03-29,wait1450,train,7200.0,30.1,16900.0,30.107573964497043,-0.0005637630320797712,0.0026578073089700283
L,2024-03-29,recheck1430,train,0.0,,16900.0,30.107573964497043,-0.0010758838665707964,
L,2024-04-15,none,train,0.0,,21100.0,30.649431279620853,0.0028086235073688363,
L,2024-04-15,immediate,train,21100.0,30.649431279620853,21100.0,30.649431279620853,0.0,-0.004222958606964866
L,2024-04-15,wait1400,train,25600.0,30.4390234375,21100.0,30.649431279620853,0.004620622362329723,0.0026602877936037217
L,2024-04-15,wait1430,train,25600.0,30.4197265625,21100.0,30.649431279620853,0.005099322742944815,0.003296329350429117
L,2024-04-15,wait1450,train,8400.0,30.51,21100.0,30.649431279620853,0.002825447447722909,0.0003277613897081366
L,2024-04-15,recheck1430,train,0.0,,21100.0,30.649431279620853,0.0028086235073688363,
L,2024-05-16,none,train,0.0,,17200.0,33.21476744186047,0.005533100823355686,
L,2024-05-16,immediate,train,17200.0,33.21476744186047,17200.0,33.21476744186047,0.0,-0.01007887357472681
L,2024-05-16,wait1400,train,25300.0,32.916126482213436,17200.0,33.21476744186047,0.004474054828832326,-0.0010975313949214138
L,2024-05-16,wait1430,train,25300.0,32.70513833992095,17200.0,33.21476744186047,0.009475864565409975,0.0053466112346514105
L,2024-05-16,wait1450,train,6900.0,32.82,17200.0,33.21476744186047,0.00586576953281066,0.001828153564899626
L,2024-05-16,recheck1430,train,0.0,,17200.0,33.21476744186047,0.005533100823355686,
L,2024-05-31,none,train,0.0,,16100.0,31.27583850931677,0.00047793994655529175,
L,2024-05-31,immediate,train,16100.0,31.27583850931677,16100.0,31.27583850931677,0.0,-0.0008261492112856539
L,2024-05-31,wait1400,train,15200.0,31.31953947368421,16100.0,31.27583850931677,-0.0005539089039976386,-0.0022203223563563856
L,2024-05-31,wait1430,train,16800.0,31.27625,16100.0,31.27583850931677,-2.682269987685338e-05,-0.0008392949922065851
L,2024-05-31,wait1450,train,3000.0,31.21,16100.0,31.27583850931677,0.0005615314479544279,0.001281640499839698
L,2024-05-31,recheck1430,train,16800.0,31.27625,16100.0,31.27583850931677,-2.682269987685338e-05,-0.0008392949922065851
L,2024-06-04,none,train,0.0,,9100.0,33.48340659340659,-0.000900642359841915,
L,2024-06-04,immediate,train,9100.0,33.48340659340659,9100.0,33.48340659340659,0.0,0.0037807803766995995
L,2024-06-04,wait1400,train,9100.0,33.48340659340659,9100.0,33.48340659340659,0.0,0.0037807803766995995
L,2024-06-04,wait1430,train,9100.0,33.55615384615385,9100.0,33.48340659340659,-0.0005559212775045409,0.0016046580932076449
L,2024-06-04,wait1450,train,7100.0,33.65,9100.0,33.48340659340659,-0.0011912228589652583,-0.0011887072808320909
L,2024-06-04,recheck1430,train,0.0,,9100.0,33.48340659340659,-0.000900642359841915,
L,2024-06-14,none,train,0.0,,8900.0,36.887191011235956,-0.001200986214259138,
L,2024-06-14,immediate,train,8900.0,36.887191011235956,8900.0,36.887191011235956,0.0,0.004684796646928335
L,2024-06-14,wait1400,train,8900.0,37.44,8900.0,36.887191011235956,-0.0040749258304472735,-0.010149572649572502
L,2024-06-14,wait1430,train,8900.0,37.18,8900.0,36.887191011235956,-0.0021571618903717415,-0.0032275416890801267
L,2024-06-14,wait1450,train,8900.0,37.3,8900.0,36.887191011235956,-0.0030422837088681853,-0.006434316353887248
L,2024-06-14,recheck1430,train,0.0,,8900.0,36.887191011235956,-0.001200986214259138,
L,2024-07-05,none,train,0.0,,7300.0,37.27000000000001,-0.005094275207516603,
L,2024-07-05,immediate,train,7300.0,37.27000000000001,7300.0,37.27000000000001,0.0,0.02226992218942825
L,2024-07-05,wait1400,train,7300.0,37.72684931506849,7300.0,37.27000000000001,-0.0028378561874068736,0.009890852051153587
L,2024-07-05,wait1430,train,7300.0,37.72561643835616,7300.0,37.27000000000001,-0.0028301978048922262,0.009923855379688318
L,2024-07-05,wait1450,train,7300.0,38.19,7300.0,37.27000000000001,-0.005714855218778207,-0.002356637863314859
L,2024-07-05,recheck1430,train,0.0,,7300.0,37.27000000000001,-0.005094275207516603,
L,2024-08-07,none,train,0.0,,17300.0,31.865202312138727,0.005764036710400569,
L,2024-08-07,immediate,train,17300.0,31.865202312138727,17300.0,31.865202312138727,0.0,-0.011147028305651618
L,2024-08-07,wait1400,train,17300.0,31.541618497109827,17300.0,31.865202312138727,0.005132597778329902,-0.0010024373705719292
L,2024-08-07,wait1430,train,17300.0,31.534682080924856,17300.0,31.865202312138727,0.0052426213105554835,-0.0007826963614701032
L,2024-08-07,wait1450,train,4600.0,31.51,17300.0,31.865202312138727,0.005729492838186234,0.0
L,2024-08-07,recheck1430,train,0.0,,17300.0,31.865202312138727,0.005764036710400569,
L,2024-08-12,none,train,0.0,,12700.0,32.921732283464564,0.0010132757844271954,
L,2024-08-12,immediate,train,12700.0,32.921732283464564,12700.0,32.921732283464564,0.0,-0.002482624023572799
L,2024-08-12,wait1400,train,12100.0,32.865785123966944,12700.0,32.921732283464564,0.000646215795251336,-0.0007845582836277787
L,2024-08-12,wait1430,train,18700.0,32.81197860962567,12700.0,32.921732283464564,0.001335334148394608,0.0008539988004903076
L,2024-08-12,wait1450,train,4600.0,32.8,12700.0,32.921732283464564,0.0011412012960044819,0.0012195121951221743
L,2024-08-12,recheck1430,train,0.0,,12700.0,32.921732283464564,0.0010132757844271954,
L,2024-08-19,none,train,0.0,,13600.0,33.76720588235294,0.0026761653864222925,
L,2024-08-19,immediate,train,13600.0,33.76720588235294,13600.0,33.76720588235294,0.0,-0.006432450558974345
L,2024-08-19,wait1400,train,12100.0,33.696859504132235,13600.0,33.76720588235294,0.0010365331669361189,-0.004358254932161465
L,2024-08-19,wait1430,train,19000.0,33.56921052631579,13600.0,33.76720588235294,0.0022139432322860458,-0.0005722662527537503
L,2024-08-19,wait1450,train,4000.0,33.57,13600.0,33.76720588235294,0.002576105005812461,-0.0005957700327674509
L,2024-08-19,recheck1430,train,0.0,,13600.0,33.76720588235294,0.0026761653864222925,
L,2024-08-22,none,train,0.0,,8500.0,33.97,-0.0014169483274597333,
L,2024-08-22,immediate,train,8500.0,33.97,8500.0,33.97,0.0,0.005887547836326279
L,2024-08-22,wait1400,train,8500.0,34.13835294117647,8500.0,33.97,-0.001248167530053311,0.0009270235994707221
L,2024-08-22,wait1430,train,8500.0,34.07941176470588,8500.0,33.97,-0.0008111780593638429,0.0026581513765426834
L,2024-08-22,wait1450,train,8500.0,34.23,8500.0,33.97,-0.0019276381840794164,-0.0017528483786151128
L,2024-08-22,recheck1430,train,0.0,,8500.0,33.97,-0.0014169483274597333,
L,2024-09-27,none,train,0.0,,10000.0,36.4462,-0.0004618564675586888,
L,2024-09-27,immediate,train,10000.0,36.4462,10000.0,36.4462,0.0,0.002024902458967137
L,2024-09-27,wait1400,train,10000.0,36.2771,10000.0,36.4462,0.0012144805860860623,0.006695684054127904
L,2024-09-27,wait1430,train,10000.0,36.5005,10000.0,36.4462,-0.00038998400842367453,0.0005342392569964716
L,2024-09-27,wait1450,train,10000.0,36.65,10000.0,36.4462,-0.0014636968861284636,-0.003547066848567426
L,2024-09-27,recheck1430,train,10000.0,36.5005,10000.0,36.4462,-0.00038998400842367453,0.0005342392569964716
L,2024-10-15,none,train,0.0,,7700.0,42.53961038961039,0.005544957535528953,
L,2024-10-15,immediate,train,7700.0,42.53961038961039,7700.0,42.53961038961039,0.0,-0.02349834378959259
L,2024-10-15,wait1400,train,7700.0,42.04792207792208,7700.0,42.53961038961039,0.002699746363823039,-0.01207959996170116
L,2024-10-15,wait1430,train,7700.0,41.928441558441556,7700.0,42.53961038961039,0.003355104793681799,-0.009264392951503608
L,2024-10-15,wait1450,train,7700.0,41.69,7700.0,42.53961038961039,0.004662972268921671,-0.003597985128328096
L,2024-10-15,recheck1430,train,0.0,,7700.0,42.53961038961039,0.005544957535528953,
L,2024-10-18,none,train,0.0,,17500.0,42.89331428571428,-0.0028015406536673997,
L,2024-10-18,immediate,train,17500.0,42.89331428571428,17500.0,42.89331428571428,0.0,0.00551800946667691
L,2024-10-18,wait1400,train,17500.0,43.20914285714286,17500.0,42.89331428571428,-0.0039241922742169425,-0.0018316229369444992
L,2024-10-18,wait1430,train,17500.0,44.00188571428571,17500.0,42.89331428571428,-0.013774078183428786,-0.01981473521264665
L,2024-10-18,wait1450,train,16400.0,43.51,17500.0,42.89331428571428,-0.007356826056967584,-0.008733624454148381
L,2024-10-18,recheck1430,train,17500.0,44.00188571428571,17500.0,42.89331428571428,-0.013774078183428786,-0.01981473521264665
L,2024-10-25,none,train,0.0,,17800.0,44.96932584269663,0.008101126346054087,
L,2024-10-25,immediate,train,17800.0,44.96932584269663,17800.0,44.96932584269663,0.0,-0.01532880090548605
L,2024-10-25,wait1400,train,17800.0,44.504438202247194,17800.0,44.96932584269663,0.005373747056405569,-0.005043052138468784
L,2024-10-25,wait1430,train,17800.0,44.373988764044945,17800.0,44.96932584269663,0.006881643209272509,-0.002118104922789854
L,2024-10-25,wait1450,train,7900.0,44.3,17800.0,44.96932584269663,0.007939473982699636,-0.0004514672686228849
L,2024-10-25,recheck1430,train,0.0,,17800.0,44.96932584269663,0.008101126346054087,
L,2024-11-05,none,train,0.0,,28700.0,41.81240418118467,0.005717695857966665,
L,2024-11-05,immediate,train,28700.0,41.81240418118467,28700.0,41.81240418118467,0.0,-0.007232403567952406
L,2024-11-05,wait1400,train,28700.0,41.545505226480834,28700.0,41.81240418118467,0.004872530015056113,-0.0008546105357796208
L,2024-11-05,wait1430,train,28700.0,41.58672473867596,28700.0,41.81240418118467,0.004120023094976416,-0.001844933429071105
L,2024-11-05,wait1450,train,9100.0,41.53,28700.0,41.81240418118467,0.005539468676854969,-0.0004815795810257928
L,2024-11-05,recheck1430,train,28700.0,41.58672473867596,28700.0,41.81240418118467,0.004120023094976416,-0.001844933429071105
L,2024-11-12,none,train,0.0,,29800.0,41.211073825503355,0.006286383013311351,
L,2024-11-12,immediate,train,29800.0,41.211073825503355,29800.0,41.211073825503355,0.0,-0.008276266397413967
L,2024-11-12,wait1400,train,29800.0,40.76869127516778,29800.0,41.211073825503355,0.007907329510769709,0.00248496386966246
L,2024-11-12,wait1430,train,29800.0,40.436476510067116,29800.0,41.211073825503355,0.013845474254501609,0.010721099545479618
L,2024-11-12,wait1450,train,8000.0,40.71,29800.0,41.211073825503355,0.007003166566470444,0.003930238270695163
L,2024-11-12,recheck1430,train,0.0,,29800.0,41.211073825503355,0.006286383013311351,
L,2024-11-27,none,train,0.0,,17800.0,37.46033707865168,-0.0032826601512877768,
L,2024-11-27,immediate,train,17800.0,37.46033707865168,17800.0,37.46033707865168,0.0,0.0077325230880902485
L,2024-11-27,wait1400,train,16300.0,37.49877300613497,17800.0,37.46033707865168,-0.0006894906016466137,0.006699605713070378
L,2024-11-27,wait1430,train,20600.0,37.709611650485435,17800.0,37.46033707865168,-0.0028675853614838678,0.0010710359440693207
L,2024-11-27,wait1450,train,7400.0,37.8,17800.0,37.46033707865168,-0.003574337819298075,-0.001322751322751281
L,2024-11-27,recheck1430,train,20600.0,37.709611650485435,17800.0,37.46033707865168,-0.0028675853614838678,0.0010710359440693207
L,2024-12-16,none,train,0.0,,10300.0,38.0304854368932,0.0015840334193940597,
L,2024-12-16,immediate,train,10300.0,38.0304854368932,10300.0,38.0304854368932,0.0,-0.006060544172534099
L,2024-12-16,wait1400,train,10300.0,37.90796116504854,10300.0,38.0304854368932,0.0008088995335183828,-0.002847981313964354
L,2024-12-16,wait1430,train,10300.0,37.70485436893204,10300.0,38.0304854368932,0.0021455112209005428,0.0025234318673394984
L,2024-12-16,wait1450,train,7800.0,37.71,10300.0,38.0304854368932,0.0019835867293821457,0.0023866348448686736
L,2024-12-16,recheck1430,train,0.0,,10300.0,38.0304854368932,0.0015840334193940597,
L,2025-01-20,none,validation,0.0,,21100.0,41.32042654028436,0.00289523673045079,
L,2025-01-20,immediate,validation,21100.0,41.32042654028436,21100.0,41.32042654028436,0.0,-0.00533456594571835
L,2025-01-20,wait1400,validation,19800.0,41.198535353535355,21100.0,41.32042654028436,0.0016112958329394743,-0.002391719819401228
L,2025-01-20,wait1430,validation,21100.0,41.12218009478673,21100.0,41.32042654028436,0.0024835402196482313,-0.000539370596004396
L,2025-01-20,wait1450,validation,6500.0,41.16,21100.0,41.32042654028436,0.002622456413372129,-0.001457725947521804
L,2025-01-20,recheck1430,validation,21100.0,41.12218009478673,21100.0,41.32042654028436,0.0024835402196482313,-0.000539370596004396
L,2025-01-21,none,validation,0.0,,10700.0,41.899345794392524,-0.0003034201883317121,
L,2025-01-21,immediate,validation,10700.0,41.899345794392524,10700.0,41.899345794392524,0.0,0.0014476170082731166
L,2025-01-21,wait1400,validation,10700.0,41.88869158878504,10700.0,41.899345794392524,6.33287754793941e-05,0.0017023308322681174
L,2025-01-21,wait1430,validation,10700.0,41.945607476635516,10700.0,41.899345794392524,-0.0002821598046699911,0.00034312349326448555
L,2025-01-21,wait1450,validation,6200.0,42.01,10700.0,41.899345794392524,-0.0005186721728744429,-0.0011901928112353355
L,2025-01-21,recheck1430,validation,0.0,,10700.0,41.899345794392524,-0.0003034201883317121,
L,2025-02-10,none,validation,0.0,,24500.0,39.18310204081633,4.287130703722985e-05,
L,2025-02-10,immediate,validation,24500.0,39.18310204081633,24500.0,39.18310204081633,0.0,0.000176044233978212
L,2025-02-10,wait1400,validation,24500.0,39.18310204081633,24500.0,39.18310204081633,0.0,0.000176044233978212
L,2025-02-10,wait1430,validation,24500.0,39.18310204081633,24500.0,39.18310204081633,0.0,0.000176044233978212
L,2025-02-10,wait1450,validation,14100.0,39.21,24500.0,39.18310204081633,-0.00018359296183618484,-0.0005100739607243332
L,2025-02-10,recheck1430,validation,24500.0,39.18310204081633,24500.0,39.18310204081633,0.0,0.000176044233978212
L,2025-03-11,none,validation,0.0,,11400.0,34.45122807017544,-0.00026346667348787936,
L,2025-03-11,immediate,validation,11400.0,34.45122807017544,11400.0,34.45122807017544,0.0,0.0014156804432403636
L,2025-03-11,wait1400,validation,11400.0,34.33833333333333,11400.0,34.45122807017544,0.0007468496401223542,0.004708052225404158
L,2025-03-11,wait1430,validation,11400.0,34.42412280701755,11400.0,34.45122807017544,0.00017941128069592083,0.0022041866805966315
L,2025-03-11,wait1450,validation,9500.0,34.47,11400.0,34.45122807017544,-0.0001474548395105079,0.0008703220191470518
L,2025-03-11,recheck1430,validation,11400.0,34.42412280701755,11400.0,34.45122807017544,0.00017941128069592083,0.0022041866805966315
L,2025-03-12,none,validation,0.0,,12700.0,35.84181102362205,0.003413738377871513,
L,2025-03-12,immediate,validation,12700.0,35.84181102362205,12700.0,35.84181102362205,0.0,-0.012884701147430455
L,2025-03-12,wait1400,validation,12700.0,35.581653543307084,12700.0,35.84181102362205,0.0018855532067140318,-0.005667346040049703
L,2025-03-12,wait1430,validation,12700.0,35.41724409448818,12700.0,35.84181102362205,0.003077149785291006,-0.0010515808172092411
L,2025-03-12,wait1450,validation,12700.0,35.38,12700.0,35.84181102362205,0.003347085217123828,0.0
L,2025-03-12,recheck1430,validation,12700.0,35.41724409448818,12700.0,35.84181102362205,0.003077149785291006,-0.0010515808172092411
L,2025-04-11,none,validation,0.0,,47300.0,27.608710359408033,-0.0016933780358140535,
L,2025-04-11,immediate,validation,47300.0,27.608710359408033,47300.0,27.608710359408033,0.0,0.0025821430868708806
L,2025-04-11,wait1400,validation,47300.0,27.980570824524314,47300.0,27.608710359408033,-0.009824528912028476,-0.010742126256440443
L,2025-04-11,wait1430,validation,47300.0,27.740887949260042,47300.0,27.608710359408033,-0.0034921231882428156,-0.00219488104964094
L,2025-04-11,wait1450,validation,13700.0,27.73,47300.0,27.608710359408033,-0.0021310499525189993,-0.0018031013342950653
L,2025-04-11,recheck1430,validation,0.0,,47300.0,27.608710359408033,-0.0016933780358140535,
L,2025-04-21,none,validation,0.0,,38300.0,27.882480417754568,-0.004552262119595998,
L,2025-04-21,immediate,validation,38300.0,27.882480417754568,38300.0,27.882480417754568,0.0,0.008159947710410842
L,2025-04-21,wait1400,validation,38300.0,28.02616187989556,38300.0,27.882480417754568,-0.0029701971632600313,0.0029914235300474434
L,2025-04-21,wait1430,validation,38300.0,28.04524804177546,38300.0,27.882480417754568,-0.003364748158416065,0.00230883884956512
L,2025-04-21,wait1450,validation,12000.0,28.05,38300.0,27.882480417754568,-0.004210973027646106,0.002139037433155133
L,2025-04-21,recheck1430,validation,0.0,,38300.0,27.882480417754568,-0.004552262119595998,
L,2025-05-06,none,validation,0.0,,23400.0,29.922307692307694,-0.0012804062521679965,
L,2025-05-06,immediate,validation,23400.0,29.922307692307694,23400.0,29.922307692307694,0.0,0.0035990642432968123
L,2025-05-06,wait1400,validation,23400.0,30.12128205128205,23400.0,29.922307692307694,-0.002551255239247702,-0.003030483600486855
L,2025-05-06,wait1430,validation,23400.0,29.994273504273504,23400.0,29.922307692307694,-0.0009225014518790474,0.001191110553866448
L,2025-05-06,wait1450,validation,15000.0,30.01,23400.0,29.922307692307694,-0.001180205589294535,0.0006664445184938472
L,2025-05-06,recheck1430,validation,0.0,,23400.0,29.922307692307694,-0.0012804062521679965,
L,2025-05-21,none,validation,0.0,,15000.0,30.97586666666667,0.0006499338688950792,
L,2025-05-21,immediate,validation,15000.0,30.97586666666667,15000.0,30.97586666666667,0.0,-0.0024492185314159975
L,2025-05-21,wait1400,validation,20100.0,30.917611940298507,15000.0,30.97586666666667,0.0003837371933388513,-0.0005696410296019971
L,2025-05-21,wait1430,validation,17700.0,30.940508474576273,15000.0,30.97586666666667,0.00020622327015887344,-0.0013092375197892858
L,2025-05-21,wait1450,validation,5700.0,30.91,15000.0,30.97586666666667,0.0005968527662293325,-0.0003235198964737229
L,2025-05-21,recheck1430,validation,0.0,,15000.0,30.97586666666667,0.0006499338688950792,
L,2025-05-30,none,validation,0.0,,16400.0,31.02670731707317,0.00043702940558976557,
L,2025-05-30,immediate,validation,16400.0,31.02670731707317,16400.0,31.02670731707317,0.0,-0.0015053907137438927
L,2025-05-30,wait1400,validation,16400.0,30.97128048780488,16400.0,31.02670731707317,0.00044235105754769725,0.0002815354114453772
L,2025-05-30,wait1430,validation,16400.0,30.998048780487807,16400.0,31.02670731707317,0.00022871836858893825,-0.0005822553740597591
L,2025-05-30,wait1450,validation,9600.0,30.98,16400.0,31.02670731707317,0.000399409623186405,0.0
L,2025-05-30,recheck1430,validation,0.0,,16400.0,31.02670731707317,0.00043702940558976557,
L,2025-06-30,none,validation,0.0,,36500.0,42.95597260273973,0.006788749692156193,
L,2025-06-30,immediate,validation,36500.0,42.95597260273973,36500.0,42.95597260273973,0.0,-0.008752510534838831
L,2025-06-30,wait1400,validation,33500.0,42.48755223880597,36500.0,42.95597260273973,0.008098842685723513,0.0021758787297139204
L,2025-06-30,wait1430,validation,36500.0,42.6254794520548,36500.0,42.95597260273973,0.005796900142456132,-0.0010669546158642573
L,2025-06-30,wait1450,validation,9600.0,42.62,36500.0,42.95597260273973,0.006553158031344439,-0.0009385265133740051
L,2025-06-30,recheck1430,validation,0.0,,36500.0,42.95597260273973,0.006788749692156193,
L,2025-07-15,none,validation,0.0,,12300.0,50.91,-0.002688888675792903,
L,2025-07-15,immediate,validation,12300.0,50.91,12300.0,50.91,0.0,0.010410528383421713
L,2025-07-15,wait1400,validation,12300.0,51.354878048780485,12300.0,50.91,-0.0023154475851752967,0.0016575241623328907
L,2025-07-15,wait1430,validation,12300.0,51.296747967479675,12300.0,50.91,-0.0020128991525365575,0.0027926143117520397
L,2025-07-15,wait1450,validation,12300.0,51.39,12300.0,50.91,-0.002498246078741907,0.0009729519361743044
L,2025-07-15,recheck1430,validation,0.0,,12300.0,50.91,-0.002688888675792903,
L,2025-07-29,none,validation,0.0,,35900.0,54.12557103064067,-0.01431997725779373,
L,2025-07-29,immediate,validation,35900.0,54.12557103064067,35900.0,54.12557103064067,0.0,0.019481161108903855
L,2025-07-29,wait1400,validation,35900.0,54.878133704735376,35900.0,54.12557103064067,-0.010361336879044687,0.005500666201383231
L,2025-07-29,wait1430,validation,35900.0,55.01259052924791,35900.0,54.12557103064067,-0.012212548083662107,0.0030431119338596435
L,2025-07-29,wait1450,validation,11300.0,55.06,35900.0,54.12557103064067,-0.013862093646791812,0.002179440610243333
L,2025-07-29,recheck1430,validation,0.0,,35900.0,54.12557103064067,-0.01431997725779373,
L,2025-08-25,none,validation,0.0,,36200.0,56.69657458563536,-0.016571720990668674,
L,2025-08-25,immediate,validation,36200.0,56.69657458563536,36200.0,56.69657458563536,0.0,0.022107603916554863
L,2025-08-25,wait1400,validation,36200.0,57.14925414364641,36200.0,56.69657458563536,-0.006057741863720773,0.014011483935396418
L,2025-08-25,wait1430,validation,36200.0,58.34,36200.0,56.69657458563536,-0.02199226087486899,-0.006684950291395264
L,2025-08-25,wait1450,validation,16400.0,57.87,36200.0,56.69657458563536,-0.01617803784777509,0.001382408847416805
L,2025-08-25,recheck1430,validation,36200.0,58.34,36200.0,56.69657458563536,-0.02199226087486899,-0.006684950291395264
L,2025-09-19,none,validation,0.0,,10500.0,76.17352380952381,0.0009891623474131619,
L,2025-09-19,immediate,validation,10500.0,76.17352380952381,10500.0,76.17352380952381,0.0,-0.003590798952766927
L,2025-09-19,wait1400,validation,10500.0,75.72266666666667,10500.0,76.17352380952381,0.0015207735177390123,0.0023418791379068438
L,2025-09-19,wait1430,validation,10500.0,76.21828571428571,10500.0,76.17352380952381,-0.00015098511899804196,-0.00417597576884432
L,2025-09-19,wait1450,validation,10500.0,76.03,10500.0,76.17352380952381,0.0004841161155962322,-0.0017098513744573385
L,2025-09-19,recheck1430,validation,10500.0,76.21828571428571,10500.0,76.17352380952381,-0.00015098511899804196,-0.00417597576884432
L,2025-10-27,none,validation,0.0,,27400.0,76.1671897810219,-0.011710966768135404,
L,2025-10-27,immediate,validation,27400.0,76.1671897810219,27400.0,76.1671897810219,0.0,0.017629772384128106
L,2025-10-27,wait1400,validation,27400.0,77.58671532846715,27400.0,76.1671897810219,-0.012568597069917467,-0.0009887688651641913
L,2025-10-27,wait1430,validation,27400.0,77.78430656934306,27400.0,76.1671897810219,-0.014318086323973902,-0.0035265027283943873
L,2025-10-27,wait1450,validation,8300.0,77.56,27400.0,76.1671897810219,-0.011899107340799,-0.0006446621970087607
L,2025-10-27,recheck1430,validation,27400.0,77.78430656934306,27400.0,76.1671897810219,-0.014318086323973902,-0.0035265027283943873
L,2026-01-15,none,validation,0.0,,39300.0,74.32078880407124,-0.014274203943351833,
L,2026-01-15,immediate,validation,39300.0,74.32078880407124,39300.0,74.32078880407124,0.0,0.019230301762492408
L,2026-01-15,wait1400,validation,39300.0,74.7290330788804,39300.0,74.32078880407124,-0.004134284436912394,0.01366225252830322
L,2026-01-15,wait1430,validation,39300.0,75.05,39300.0,74.32078880407124,-0.0073847122533680885,0.009327115256495766
L,2026-01-15,wait1450,validation,26800.0,75.87,39300.0,74.32078880407124,-0.015238893194551802,-0.0015816528272044605
L,2026-01-15,recheck1430,validation,39300.0,75.05,39300.0,74.32078880407124,-0.0073847122533680885,0.009327115256495766
L,2026-01-22,none,validation,0.0,,25700.0,76.21894941634241,-0.0006745087076846464,
L,2026-01-22,immediate,validation,25700.0,76.21894941634241,25700.0,76.21894941634241,0.0,0.0015881953842784569
L,2026-01-22,wait1400,validation,25700.0,76.21894941634241,25700.0,76.21894941634241,0.0,0.0015881953842784569
L,2026-01-22,wait1430,validation,25700.0,76.32105058365758,25700.0,76.21894941634241,-0.0006804657097536449,0.0002482855804200046
L,2026-01-22,wait1450,validation,11300.0,76.2,25700.0,76.21894941634241,-0.0003224062437384566,0.0018372703412072866
L,2026-01-22,recheck1430,validation,25700.0,76.32105058365758,25700.0,76.21894941634241,-0.0006804657097536449,0.0002482855804200046
L,2026-02-25,none,validation,0.0,,15400.0,74.9890909090909,-0.00897557049372019,
L,2026-02-25,immediate,validation,15400.0,74.9890909090909,15400.0,74.9890909090909,0.0,0.03481718553001656
L,2026-02-25,wait1400,validation,15400.0,76.17,15400.0,74.9890909090909,-0.004091240187280225,0.018773795457529108
L,2026-02-25,wait1430,validation,15400.0,76.91,15400.0,74.9890909090909,-0.006654958056753769,0.008971525159277016
L,2026-02-25,wait1450,validation,15400.0,77.49,15400.0,74.9890909090909,-0.008664358549043879,0.0014195380049037976
L,2026-02-25,recheck1430,validation,0.0,,15400.0,74.9890909090909,-0.00897557049372019,
L,2026-03-16,none,validation,0.0,,14100.0,81.85,-0.00652140576897951,
L,2026-03-16,immediate,validation,14100.0,81.85,14100.0,81.85,0.0,0.025656689065363558
L,2026-03-16,wait1400,validation,14100.0,82.69,14100.0,81.85,-0.0026359527771492456,0.015237634538638245
L,2026-03-16,wait1430,validation,14100.0,84.13,14100.0,81.85,-0.007154728966547657,-0.002139545940805787
L,2026-03-16,wait1450,validation,14100.0,83.76,14100.0,81.85,-0.005993654528994056,0.0022683858643743893
L,2026-03-16,recheck1430,validation,0.0,,14100.0,81.85,-0.00652140576897951,
L,2026-03-30,none,validation,0.0,,22400.0,79.18714285714286,8.87133414806474e-05,
L,2026-03-30,immediate,validation,22400.0,79.18714285714286,22400.0,79.18714285714286,0.0,3.608089336282205e-05
L,2026-03-30,wait1400,validation,26400.0,79.25984848484849,22400.0,79.18714285714286,-0.0004446665238077518,-0.0008812593789129242
L,2026-03-30,wait1430,validation,27400.0,79.17989051094891,22400.0,79.18714285714286,2.4593224036815056e-05,0.00012767748207087593
L,2026-03-30,wait1450,validation,9400.0,79.22,22400.0,79.18714285714286,-1.751720870263609e-05,-0.00037869224943198887
L,2026-03-30,recheck1430,validation,0.0,,22400.0,79.18714285714286,8.87133414806474e-05,
L,2026-04-09,none,validation,0.0,,14000.0,86.24442857142857,0.0012913435740004905,
L,2026-04-09,immediate,validation,14000.0,86.24442857142857,14000.0,86.24442857142857,0.0,-0.0046893298283450235
L,2026-04-09,wait1400,validation,14000.0,86.16392857142857,14000.0,86.24442857142857,0.00024359767694727758,-0.0037594452434934755
L,2026-04-09,wait1430,validation,14000.0,85.62,14000.0,86.24442857142857,0.0018895571356465502,0.002569493109086718
L,2026-04-09,wait1450,validation,14000.0,85.68,14000.0,86.24442857142857,0.001707993649723146,0.0018674136321195078
L,2026-04-09,recheck1430,validation,0.0,,14000.0,86.24442857142857,0.0012913435740004905,
L,2026-05-06,none,validation,0.0,,23600.0,105.56334745762712,0.003889214178131279,
L,2026-05-06,immediate,validation,23600.0,105.56334745762712,23600.0,105.56334745762712,0.0,-0.0073259088144920215
L,2026-05-06,wait1400,validation,23600.0,105.06110169491525,23600.0,105.56334745762712,0.002439890141220936,-0.0025804193040207535
L,2026-05-06,wait1430,validation,23600.0,104.60127118644068,23600.0,105.56334745762712,0.0046737286472978605,0.0018042688336257218
L,2026-05-06,wait1450,validation,9300.0,104.71,23600.0,105.56334745762712,0.0039902193397943824,0.0007640148982905881
L,2026-05-06,recheck1430,validation,0.0,,23600.0,105.56334745762712,0.003889214178131279,
L,2026-05-07,none,validation,0.0,,12000.0,108.152,0.0007087667168763947,
L,2026-05-07,immediate,validation,12000.0,108.152,12000.0,108.152,0.0,-0.0025149789185591187
L,2026-05-07,wait1400,validation,12000.0,107.9405,12000.0,108.152,0.0004996114071524402,-0.0005604939758478977
L,2026-05-07,wait1430,validation,12000.0,107.88875,12000.0,108.152,0.0006218567514557066,-8.110206115097274e-05
L,2026-05-07,wait1450,validation,12000.0,107.72,12000.0,108.152,0.0010204828741838129,0.001485332343111656
L,2026-05-07,recheck1430,validation,0.0,,12000.0,108.152,0.0007087667168763947,
L,2026-05-21,none,validation,0.0,,24500.0,107.89061224489797,0.020375931622479693,
L,2026-05-21,immediate,validation,24500.0,107.89061224489797,24500.0,107.89061224489797,0.0,-0.038841305630797685
L,2026-05-21,wait1400,validation,24500.0,106.50412244897959,24500.0,107.89061224489797,0.006698416336255746,-0.02632876910772053
L,2026-05-21,wait1430,validation,24500.0,104.51636734693878,24500.0,107.89061224489797,0.016301668583176273,-0.007810904336436275
L,2026-05-21,wait1450,validation,12800.0,104.1,24500.0,107.89061224489797,0.019298272423557968,-0.00384245917387116
L,2026-05-21,recheck1430,validation,0.0,,24500.0,107.89061224489797,0.020375931622479693,
L,2026-05-25,none,validation,0.0,,12400.0,122.19629032258065,-0.0006985460340417994,
L,2026-05-25,immediate,validation,12400.0,122.19629032258065,12400.0,122.19629032258065,0.0,0.002812766872971384
L,2026-05-25,wait1400,validation,12400.0,122.81903225806451,12400.0,122.19629032258065,-0.0013949121858720002,-0.0022718975466131663
L,2026-05-25,wait1430,validation,12400.0,122.4925806451613,12400.0,122.19629032258065,-0.0006636761682069037,0.00038712022057940665
L,2026-05-25,wait1450,validation,12400.0,122.94,12400.0,122.19629032258065,-0.0016658741489395349,-0.0032536196518626603
L,2026-05-25,recheck1430,validation,12400.0,122.4925806451613,12400.0,122.19629032258065,-0.0006636761682069037,0.00038712022057940665
L,2026-06-09,none,validation,0.0,,12500.0,140.34,-0.001318244838638911,
L,2026-06-09,immediate,validation,12500.0,140.34,12500.0,140.34,0.0,0.005344164172723431
L,2026-06-09,wait1400,validation,12500.0,139.8012,12500.0,140.34,0.0009957161023615225,0.009218804988798457
L,2026-06-09,wait1430,validation,12500.0,139.78672,12500.0,140.34,0.0010224755106059565,0.009323346309291658
L,2026-06-09,wait1450,validation,12500.0,140.85,12500.0,140.34,-0.0009424929699411394,0.0017039403620873195
L,2026-06-09,recheck1430,validation,12500.0,139.78672,12500.0,140.34,0.0010224755106059565,0.009323346309291658
L,2026-06-16,none,validation,0.0,,39000.0,138.44497435897435,-0.011827793905647836,
L,2026-06-16,immediate,validation,39000.0,138.44497435897435,39000.0,138.44497435897435,0.0,0.015854859673953614
L,2026-06-16,wait1400,validation,39000.0,143.59,39000.0,138.44497435897435,-0.028193274996090964,-0.020544606170346258
L,2026-06-16,wait1430,validation,39000.0,141.57851282051283,39000.0,138.44497435897435,-0.017170898207490796,-0.006628921308861613
L,2026-06-16,wait1450,validation,21300.0,140.09,39000.0,138.44497435897435,-0.010291178063569145,0.003926047540866451
L,2026-06-16,recheck1430,validation,0.0,,39000.0,138.44497435897435,-0.011827793905647836,
L,2026-07-15,none,recent,0.0,,30200.0,140.13870860927153,0.008851132710093986,
L,2026-07-15,immediate,recent,30200.0,140.13870860927153,30200.0,140.13870860927153,0.0,-0.020755925597840896
L,2026-07-15,wait1400,recent,27900.0,139.03752688172042,30200.0,140.13870860927153,0.003732261155687982,-0.01300028073182069
L,2026-07-15,wait1430,recent,54200.0,137.87435424354243,30200.0,140.13870860927153,0.005182348263499561,-0.004673488750520205
L,2026-07-15,wait1450,recent,12700.0,137.65,30200.0,140.13870860927153,0.008275092451379074,-0.0030512168543408436
L,2026-07-15,recheck1430,recent,0.0,,30200.0,140.13870860927153,0.008851132710093986,
L,2026-07-24,none,recent,0.0,,26900.0,114.575687732342,0.006170839373480219,
L,2026-07-24,immediate,recent,26900.0,114.575687732342,26900.0,114.575687732342,0.0,-0.02056010117822793
L,2026-07-24,wait1400,recent,25500.0,112.96290196078431,26900.0,114.575687732342,0.004277069077689778,-0.006576512712485161
L,2026-07-24,wait1430,recent,32700.0,112.94036697247707,26900.0,114.575687732342,0.0038132392496496143,-0.006378294951464247
L,2026-07-24,wait1450,recent,10000.0,112.75,26900.0,114.575687732342,0.005632974577419956,-0.004700665188470121
L,2026-07-24,recheck1430,recent,0.0,,26900.0,114.575687732342,0.006170839373480219,
L,2026-08-03,none,recent,0.0,,17100.0,102.22818713450292,0.0011117546247144453,
L,2026-08-03,immediate,recent,17100.0,102.22818713450292,17100.0,102.22818713450292,0.0,-0.00604712997296486
L,2026-08-03,wait1400,recent,21900.0,101.3266210045662,17100.0,102.22818713450292,0.0016793583131677226,0.0027966884973005257
L,2026-08-03,wait1430,recent,27900.0,101.54114695340502,17100.0,102.22818713450292,0.0012311854180597057,0.0006780802527923679
L,2026-08-03,wait1450,recent,7100.0,101.57,17100.0,102.22818713450292,0.0011214853613491001,0.0003938170719701706
L,2026-08-03,recheck1430,recent,0.0,,17100.0,102.22818713450292,0.0011117546247144453,
L,2026-08-05,none,recent,0.0,,23000.0,116.43,0.0019405499487329678,
L,2026-08-05,immediate,recent,23000.0,116.43,23000.0,116.43,0.0,-0.007128746886541415
L,2026-08-05,wait1400,recent,23000.0,116.5974347826087,23000.0,116.43,-0.000377787621136324,-0.008554517382551197
L,2026-08-05,wait1430,recent,23000.0,115.96373913043479,23000.0,116.43,0.00105203699014961,-0.0031366626599170777
L,2026-08-05,wait1450,recent,6000.0,115.9,23000.0,116.43,0.001746281260695917,-0.002588438308887109
L,2026-08-05,recheck1430,recent,23000.0,115.96373913043479,23000.0,116.43,0.00105203699014961,-0.0031366626599170777
L,2026-08-27,none,recent,0.0,,41300.0,121.99075060532688,9.626794286780497e-06,
L,2026-08-27,immediate,recent,41300.0,121.99075060532688,41300.0,121.99075060532688,0.0,0.0002397673145544399
L,2026-08-27,wait1400,recent,24700.0,121.58327935222673,41300.0,121.99075060532688,0.0009546012010517823,0.003591946607296892
L,2026-08-27,wait1430,recent,41300.0,122.07046004842616,41300.0,121.99075060532688,-0.00031097389632232206,-0.00041336821706206006
L,2026-08-27,wait1450,recent,11900.0,122.09,41300.0,121.99075060532688,-0.00010471484509010265,-0.0005733475305103042
L,2026-08-27,recheck1430,recent,0.0,,41300.0,121.99075060532688,9.626794286780497e-06,
